timestamp,mode_req_angular_velocity,mode_req_attitude,mode_req_local_alt,mode_req_local_position,mode_req_local_position_relaxed,mode_req_global_position,mode_req_mission,mode_req_offboard_signal,mode_req_home_position,mode_req_wind_and_flight_time_compliance,mode_req_prevent_arming,mode_req_manual_control,mode_req_other,angular_velocity_invalid,attitude_invalid,local_altitude_invalid,local_position_invalid,local_position_invalid_relaxed,local_velocity_invalid,global_position_invalid,auto_mission_missing,offboard_control_signal_lost,home_position_invalid,manual_control_signal_lost,gcs_connection_lost,battery_warning,battery_low_remaining_time,battery_unhealthy,geofence_breached,mission_failure,vtol_fixed_wing_system_failure,wind_limit_exceeded,flight_time_limit_exceeded,local_position_accuracy_low,fd_critical_failure,fd_esc_arming_failure,fd_imbalanced_prop,fd_motor_failure
199977274,8311934,8310910,8261758,8257592,68,56,8,16384,32,2621464,3944480,33863,2139095040,0,0,0,0,0,0,0,0,1,0,0,0,0,0,0,0,0,0,0,0,0,0,0,0,0
200525108,8311934,8310910,8261758,8257592,68,56,8,16384,32,2621464,3944480,33863,2139095040,0,0,0,0,0,0,0,0,1,0,0,0,0,0,0,0,0,0,0,0,0,0,0,0,0
201076351,8311934,8310910,8261758,8257592,68,56,8,16384,32,2621464,3944480,33863,2139095040,0,0,0,0,0,0,0,0,1,0,0,0,0,0,0,0,0,0,0,0,0,0,0,0,0
201626345,8311934,8310910,8261758,8257592,68,56,8,16384,32,2621464,3944480,33863,2139095040,0,0,0,0,0,0,0,0,1,0,0,0,0,0,0,0,0,0,0,0,0,0,0,0,0
202177263,8311934,8310910,8261758,8257592,68,56,8,16384,32,2621464,3944480,33863,2139095040,0,0,0,0,0,0,0,0,1,0,0,0,0,0,0,0,0,0,0,0,0,0,0,0,0
202717291,8311934,8310910,8261758,8257592,68,56,8,16384,32,2621464,3944480,33863,2139095040,0,0,0,0,0,0,0,0,1,0,0,0,0,0,0,0,0,0,0,0,0,0,0,0,0
203267360,8311934,8310910,8261758,8257592,68,56,8,16384,32,2621464,3944480,33863,2139095040,0,0,0,0,0,0,0,0,1,0,0,0,0,0,0,0,0,0,0,0,0,0,0,0,0
203817265,8311934,8310910,8261758,8257592,68,56,8,16384,32,2621464,3944480,33863,2139095040,0,0,0,0,0,0,0,0,1,0,0,0,0,0,0,0,0,0,0,0,0,0,0,0,0
204357486,8311934,8310910,8261758,8257592,68,56,8,16384,32,2621464,3944480,33863,2139095040,0,0,0,0,0,0,0,0,1,0,0,0,0,0,0,0,0,0,0,0,0,0,0,0,0
204908184,8311934,8310910,8261758,8257592,68,56,8,16384,32,2621464,3944480,33863,2139095040,0,0,0,0,0,0,0,0,1,0,0,0,0,0,0,0,0,0,0,0,0,0,0,0,0
205459107,8311934,8310910,8261758,8257592,68,56,8,16384,32,2621464,3944480,33863,2139095040,0,0,0,0,0,0,0,0,1,0,0,0,0,0,0,0,0,0,0,0,0,0,0,0,0
206009036,8311934,8310910,8261758,8257592,68,56,8,16384,32,2621464,3944480,33863,2139095040,0,0,0,0,0,0,0,0,1,0,0,0,0,0,0,0,0,0,0,0,0,0,0,0,0
207109046,8311934,8310910,8261758,8257592,68,56,8,16384,32,2621464,3944480,33863,2139095040,0,0,0,0,0,0,0,0,1,0,0,0,0,0,0,0,0,0,0,0,0,0,0,0,0
207659127,8311934,8310910,8261758,8257592,68,56,8,16384,32,2621464,3944480,33863,2139095040,0,0,0,0,0,0,0,0,1,0,0,0,0,0,0,0,0,0,0,0,0,0,0,0,0
208209037,8311934,8310910,8261758,8257592,68,56,8,16384,32,2621464,3944480,33863,2139095040,0,0,0,0,0,0,0,0,1,0,0,0,0,0,0,0,0,0,0,0,0,0,0,0,0
208759126,8311934,8310910,8261758,8257592,68,56,8,16384,32,2621464,3944480,33863,2139095040,0,0,0,0,0,0,0,0,1,0,0,0,0,0,0,0,0,0,0,0,0,0,0,0,0
209309038,8311934,8310910,8261758,8257592,68,56,8,16384,32,2621464,3944480,33863,2139095040,0,0,0,0,0,0,0,0,1,0,0,0,0,0,0,0,0,0,0,0,0,0,0,0,0
209859130,8311934,8310910,8261758,8257592,68,56,8,16384,32,2621464,3944480,33863,2139095040,0,0,0,0,0,0,0,0,1,0,0,0,0,0,0,0,0,0,0,0,0,0,0,0,0
210409037,8311934,8310910,8261758,8257592,68,56,8,16384,32,2621464,3944480,33863,2139095040,0,0,0,0,0,0,0,0,1,0,0,0,0,0,0,0,0,0,0,0,0,0,0,0,0
210959108,8311934,8310910,8261758,8257592,68,56,8,16384,32,2621464,3944480,33863,2139095040,0,0,0,0,0,0,0,0,1,0,0,0,0,0,0,0,0,0,0,0,0,0,0,0,0
211509037,8311934,8310910,8261758,8257592,68,56,8,16384,32,2621464,3944480,33863,2139095040,0,0,0,0,0,0,0,0,1,0,0,0,0,0,0,0,0,0,0,0,0,0,0,0,0
212059135,8311934,8310910,8261758,8257592,68,56,8,16384,32,2621464,3944480,33863,2139095040,0,0,0,0,0,0,0,0,1,0,0,0,0,0,0,0,0,0,0,0,0,0,0,0,0
212599103,8311934,8310910,8261758,8257592,68,56,8,16384,32,2621464,3944480,33863,2139095040,0,0,0,0,0,0,0,0,1,0,0,0,0,0,0,0,0,0,0,0,0,0,0,0,0
213139107,8311934,8310910,8261758,8257592,68,56,8,16384,32,2621464,3944480,33863,2139095040,0,0,0,0,0,0,0,0,1,0,0,0,0,0,0,0,0,0,0,0,0,0,0,0,0
213679112,8311934,8310910,8261758,8257592,68,56,8,16384,32,2621464,3944480,33863,2139095040,0,0,0,0,0,0,0,0,1,0,0,0,0,0,0,0,0,0,0,0,0,0,0,0,0
214229051,8311934,8310910,8261758,8257592,68,56,8,16384,32,2621464,3944480,33863,2139095040,0,0,0,0,0,0,0,0,1,0,0,0,0,0,0,0,0,0,0,0,0,0,0,0,0
214779119,8311934,8310910,8261758,8257592,68,56,8,16384,32,2621464,3944480,33863,2139095040,0,0,0,0,0,0,0,0,1,0,0,0,0,0,0,0,0,0,0,0,0,0,0,0,0
215330084,8311934,8310910,8261758,8257592,68,56,8,16384,32,2621464,3944480,33863,2139095040,0,0,0,0,0,0,0,0,1,0,0,0,0,0,0,0,0,0,0,0,0,0,0,0,0
215880083,8311934,8310910,8261758,8257592,68,56,8,16384,32,2621464,3944480,33863,2139095040,0,0,0,0,0,0,0,0,1,0,0,0,0,0,0,0,0,0,0,0,0,0,0,0,0
216430082,8311934,8310910,8261758,8257592,68,56,8,16384,32,2621464,3944480,33863,2139095040,0,0,0,0,0,0,0,0,1,0,0,0,0,0,0,0,0,0,0,0,0,0,0,0,0
216980081,8311934,8310910,8261758,8257592,68,56,8,16384,32,2621464,3944480,33863,2139095040,0,0,0,0,0,0,0,0,1,0,0,0,0,0,0,0,0,0,0,0,0,0,0,0,0
217530080,8311934,8310910,8261758,8257592,68,56,8,16384,32,2621464,3944480,33863,2139095040,0,0,0,0,0,0,0,0,1,0,0,0,0,0,0,0,0,0,0,0,0,0,0,0,0
218080116,8311934,8310910,8261758,8257592,68,56,8,16384,32,2621464,3944480,33863,2139095040,0,0,0,0,0,0,0,0,1,0,0,0,0,0,0,0,0,0,0,0,0,0,0,0,0
218630080,8311934,8310910,8261758,8257592,68,56,8,16384,32,2621464,3944480,33863,2139095040,0,0,0,0,0,0,0,0,1,0,0,0,0,0,0,0,0,0,0,0,0,0,0,0,0
219180118,8311934,8310910,8261758,8257592,68,56,8,16384,32,2621464,3944480,33863,2139095040,0,0,0,0,0,0,0,0,1,0,0,0,0,0,0,0,0,0,0,0,0,0,0,0,0
219730084,8311934,8310910,8261758,8257592,68,56,8,16384,32,2621464,3944480,33863,2139095040,0,0,0,0,0,0,0,0,1,0,0,0,0,0,0,0,0,0,0,0,0,0,0,0,0
220280082,8311934,8310910,8261758,8257592,68,56,8,16384,32,2621464,3944480,33863,2139095040,0,0,0,0,0,0,0,0,1,0,0,0,0,0,0,0,0,0,0,0,0,0,0,0,0
221380080,8311934,8310910,8261758,8257592,68,56,8,16384,32,2621464,3944480,33863,2139095040,0,0,0,0,0,0,0,0,1,0,0,0,0,0,0,0,0,0,0,0,0,0,0,0,0
221930081,8311934,8310910,8261758,8257592,68,56,8,16384,32,2621464,3944480,33863,2139095040,0,0,0,0,0,0,0,0,1,0,0,0,0,0,0,0,0,0,0,0,0,0,0,0,0
222480080,8311934,8310910,8261758,8257592,68,56,8,16384,32,2621464,3944480,33863,2139095040,0,0,0,0,0,0,0,0,1,0,0,0,0,0,0,0,0,0,0,0,0,0,0,0,0
223030081,8311934,8310910,8261758,8257592,68,56,8,16384,32,2621464,3944480,33863,2139095040,0,0,0,0,0,0,0,0,1,0,0,0,0,0,0,0,0,0,0,0,0,0,0,0,0
223580084,8311934,8310910,8261758,8257592,68,56,8,16384,32,2621464,3944480,33863,2139095040,0,0,0,0,0,0,0,0,1,0,0,0,0,0,0,0,0,0,0,0,0,0,0,0,0
224130078,8311934,8310910,8261758,8257592,68,56,8,16384,32,2621464,3944480,33863,2139095040,0,0,0,0,0,0,0,0,1,0,0,0,0,0,0,0,0,0,0,0,0,0,0,0,0
224680080,8311934,8310910,8261758,8257592,68,56,8,16384,32,2621464,3944480,33863,2139095040,0,0,0,0,0,0,0,0,1,0,0,0,0,0,0,0,0,0,0,0,0,0,0,0,0
225230094,8311934,8310910,8261758,8257592,68,56,8,16384,32,2621464,3944480,33863,2139095040,0,0,0,0,0,0,0,0,1,0,0,0,0,0,0,0,0,0,0,0,0,0,0,0,0
225780081,8311934,8310910,8261758,8257592,68,56,8,16384,32,2621464,3944480,33863,2139095040,0,0,0,0,0,0,0,0,1,0,0,0,0,0,0,0,0,0,0,0,0,0,0,0,0
225879452,8311934,8310910,8261758,8257592,68,56,8,16384,32,2621464,3944480,33863,2139095040,0,0,0,0,0,0,0,0,0,0,0,0,0,0,0,0,0,0,0,0,0,0,0,0,0
226429038,8311934,8310910,8261758,8257592,68,56,8,16384,32,2621464,3944480,33863,2139095040,0,0,0,0,0,0,0,0,0,0,0,0,0,0,0,0,0,0,0,0,0,0,0,0,0
226979133,8311934,8310910,8261758,8257592,68,56,8,16384,32,2621464,3944480,33863,2139095040,0,0,0,0,0,0,0,0,0,0,0,0,0,0,0,0,0,0,0,0,0,0,0,0,0
227529065,8311934,8310910,8261758,8257592,68,56,8,16384,32,2621464,3944480,33863,2139095040,0,0,0,0,0,0,0,0,0,0,0,0,0,0,0,0,0,0,0,0,0,0,0,0,0
228079121,8311934,8310910,8261758,8257592,68,56,8,16384,32,2621464,3944480,33863,2139095040,0,0,0,0,0,0,0,0,0,0,0,0,0,0,0,0,0,0,0,0,0,0,0,0,0
228629037,8311934,8310910,8261758,8257592,68,56,8,16384,32,2621464,3944480,33863,2139095040,0,0,0,0,0,0,0,0,0,0,0,0,0,0,0,0,0,0,0,0,0,0,0,0,0
229179106,8311934,8310910,8261758,8257592,68,56,8,16384,32,2621464,3944480,33863,2139095040,0,0,0,0,0,0,0,0,0,0,0,0,0,0,0,0,0,0,0,0,0,0,0,0,0
229729046,8311934,8310910,8261758,8257592,68,56,8,16384,32,2621464,3944480,33863,2139095040,0,0,0,0,0,0,0,0,0,0,0,0,0,0,0,0,0,0,0,0,0,0,0,0,0
230279108,8311934,8310910,8261758,8257592,68,56,8,16384,32,2621464,3944480,33863,2139095040,0,0,0,0,0,0,0,0,0,0,0,0,0,0,0,0,0,0,0,0,0,0,0,0,0
230829038,8311934,8310910,8261758,8257592,68,56,8,16384,32,2621464,3944480,33863,2139095040,0,0,0,0,0,0,0,0,0,0,0,0,0,0,0,0,0,0,0,0,0,0,0,0,0
231379120,8311934,8310910,8261758,8257592,68,56,8,16384,32,2621464,3944480,33863,2139095040,0,0,0,0,0,0,0,0,0,0,0,0,0,0,0,0,0,0,0,0,0,0,0,0,0
231929039,8311934,8310910,8261758,8257592,68,56,8,16384,32,2621464,3944480,33863,2139095040,0,0,0,0,0,0,0,0,0,0,0,0,0,0,0,0,0,0,0,0,0,0,0,0,0
232479106,8311934,8310910,8261758,8257592,68,56,8,16384,32,2621464,3944480,33863,2139095040,0,0,0,0,0,0,0,0,0,0,0,0,0,0,0,0,0,0,0,0,0,0,0,0,0
233029037,8311934,8310910,8261758,8257592,68,56,8,16384,32,2621464,3944480,33863,2139095040,0,0,0,0,0,0,0,0,0,0,0,0,0,0,0,0,0,0,0,0,0,0,0,0,0
233579123,8311934,8310910,8261758,8257592,68,56,8,16384,32,2621464,3944480,33863,2139095040,0,0,0,0,0,0,0,0,0,0,0,0,0,0,0,0,0,0,0,0,0,0,0,0,0
234129039,8311934,8310910,8261758,8257592,68,56,8,16384,32,2621464,3944480,33863,2139095040,0,0,0,0,0,0,0,0,0,0,0,0,0,0,0,0,0,0,0,0,0,0,0,0,0
235229039,8311934,8310910,8261758,8257592,68,56,8,16384,32,2621464,3944480,33863,2139095040,0,0,0,0,0,0,0,0,0,0,0,0,0,0,0,0,0,0,0,0,0,0,0,0,0
235779105,8311934,8310910,8261758,8257592,68,56,8,16384,32,2621464,3944480,33863,2139095040,0,0,0,0,0,0,0,0,0,0,0,0,0,0,0,0,0,0,0,0,0,0,0,0,0
236329042,8311934,8310910,8261758,8257592,68,56,8,16384,32,2621464,3944480,33863,2139095040,0,0,0,0,0,0,0,0,0,0,0,0,0,0,0,0,0,0,0,0,0,0,0,0,0
236879111,8311934,8310910,8261758,8257592,68,56,8,16384,32,2621464,3944480,33863,2139095040,0,0,0,0,0,0,0,0,0,0,0,0,0,0,0,0,0,0,0,0,0,0,0,0,0
237429039,8311934,8310910,8261758,8257592,68,56,8,16384,32,2621464,3944480,33863,2139095040,0,0,0,0,0,0,0,0,0,0,0,0,0,0,0,0,0,0,0,0,0,0,0,0,0
237979107,8311934,8310910,8261758,8257592,68,56,8,16384,32,2621464,3944480,33863,2139095040,0,0,0,0,0,0,0,0,0,0,0,0,0,0,0,0,0,0,0,0,0,0,0,0,0
238519141,8311934,8310910,8261758,8257592,68,56,8,16384,32,2621464,3944480,33863,2139095040,0,0,0,0,0,0,0,0,0,0,0,0,0,0,0,0,0,0,0,0,0,0,0,0,0
239069078,8311934,8310910,8261758,8257592,68,56,8,16384,32,2621464,3944480,33863,2139095040,0,0,0,0,0,0,0,0,0,0,0,0,0,0,0,0,0,0,0,0,0,0,0,0,0
239608197,8311934,8310910,8261758,8257592,68,56,8,16384,32,2621464,3944480,33863,2139095040,0,0,0,0,0,0,0,0,0,0,0,0,0,0,0,0,0,0,0,0,0,0,0,0,0
240158333,8311934,8310910,8261758,8257592,68,56,8,16384,32,2621464,3944480,33863,2139095040,0,0,0,0,0,0,0,0,0,0,0,0,0,0,0,0,0,0,0,0,0,0,0,0,0
240708145,8311934,8310910,8261758,8257592,68,56,8,16384,32,2621464,3944480,33863,2139095040,0,0,0,0,0,0,0,0,0,0,0,0,0,0,0,0,0,0,0,0,0,0,0,0,0
241258391,8311934,8310910,8261758,8257592,68,56,8,16384,32,2621464,3944480,33863,2139095040,0,0,0,0,0,0,0,0,0,0,0,0,0,0,0,0,0,0,0,0,0,0,0,0,0
241808162,8311934,8310910,8261758,8257592,68,56,8,16384,32,2621464,3944480,33863,2139095040,0,0,0,0,0,0,0,0,0,0,0,0,0,0,0,0,0,0,0,0,0,0,0,0,0
242908144,8311934,8310910,8261758,8257592,68,56,8,16384,32,2621464,3944480,33863,2139095040,0,0,0,0,0,0,0,0,0,0,0,0,0,0,0,0,0,0,0,0,0,0,0,0,0
243458249,8311934,8310910,8261758,8257592,68,56,8,16384,32,2621464,3944480,33863,2139095040,0,0,0,0,0,0,0,0,0,0,0,0,0,0,0,0,0,0,0,0,0,0,0,0,0
244008190,8311934,8310910,8261758,8257592,68,56,8,16384,32,2621464,3944480,33863,2139095040,0,0,0,0,0,0,0,0,0,0,0,0,0,0,0,0,0,0,0,0,0,0,0,0,0
244558328,8311934,8310910,8261758,8257592,68,56,8,16384,32,2621464,3944480,33863,2139095040,0,0,0,0,0,0,0,0,0,0,0,0,0,0,0,0,0,0,0,0,0,0,0,0,0
245108202,8311934,8310910,8261758,8257592,68,56,8,16384,32,2621464,3944480,33863,2139095040,0,0,0,0,0,0,0,0,0,0,0,0,0,0,0,0,0,0,0,0,0,0,0,0,0
245658336,8311934,8310910,8261758,8257592,68,56,8,16384,32,2621464,3944480,33863,2139095040,0,0,0,0,0,0,0,0,0,0,0,0,0,0,0,0,0,0,0,0,0,0,0,0,0
246208162,8311934,8310910,8261758,8257592,68,56,8,16384,32,2621464,3944480,33863,2139095040,0,0,0,0,0,0,0,0,0,0,0,0,0,0,0,0,0,0,0,0,0,0,0,0,0
246758402,8311934,8310910,8261758,8257592,68,56,8,16384,32,2621464,3944480,33863,2139095040,0,0,0,0,0,0,0,0,0,0,0,0,0,0,0,0,0,0,0,0,0,0,0,0,0
247858411,8311934,8310910,8261758,8257592,68,56,8,16384,32,2621464,3944480,33863,2139095040,0,0,0,0,0,0,0,0,0,0,0,0,0,0,0,0,0,0,0,0,0,0,0,0,0
248408184,8311934,8310910,8261758,8257592,68,56,8,16384,32,2621464,3944480,33863,2139095040,0,0,0,0,0,0,0,0,0,0,0,0,0,0,0,0,0,0,0,0,0,0,0,0,0
248958328,8311934,8310910,8261758,8257592,68,56,8,16384,32,2621464,3944480,33863,2139095040,0,0,0,0,0,0,0,0,0,0,0,0,0,0,0,0,0,0,0,0,0,0,0,0,0
249508145,8311934,8310910,8261758,8257592,68,56,8,16384,32,2621464,3944480,33863,2139095040,0,0,0,0,0,0,0,0,0,0,0,0,0,0,0,0,0,0,0,0,0,0,0,0,0
250058328,8311934,8310910,8261758,8257592,68,56,8,16384,32,2621464,3944480,33863,2139095040,0,0,0,0,0,0,0,0,0,0,0,0,0,0,0,0,0,0,0,0,0,0,0,0,0
251158374,8311934,8310910,8261758,8257592,68,56,8,16384,32,2621464,3944480,33863,2139095040,0,0,0,0,0,0,0,0,0,0,0,0,0,0,0,0,0,0,0,0,0,0,0,0,0
251709060,8311934,8310910,8261758,8257592,68,56,8,16384,32,2621464,3944480,33863,2139095040,0,0,0,0,0,0,0,0,0,0,0,0,0,0,0,0,0,0,0,0,0,0,0,0,0
252259171,8311934,8310910,8261758,8257592,68,56,8,16384,32,2621464,3944480,33863,2139095040,0,0,0,0,0,0,0,0,0,0,0,0,0,0,0,0,0,0,0,0,0,0,0,0,0
252809037,8311934,8310910,8261758,8257592,68,56,8,16384,32,2621464,3944480,33863,2139095040,0,0,0,0,0,0,0,0,0,0,0,0,0,0,0,0,0,0,0,0,0,0,0,0,0
253359113,8311934,8310910,8261758,8257592,68,56,8,16384,32,2621464,3944480,33863,2139095040,0,0,0,0,0,0,0,0,0,0,0,0,0,0,0,0,0,0,0,0,0,0,0,0,0
253909054,8311934,8310910,8261758,8257592,68,56,8,16384,32,2621464,3944480,33863,2139095040,0,0,0,0,0,0,0,0,0,0,0,0,0,0,0,0,0,0,0,0,0,0,0,0,0
254459114,8311934,8310910,8261758,8257592,68,56,8,16384,32,2621464,3944480,33863,2139095040,0,0,0,0,0,0,0,0,0,0,0,0,0,0,0,0,0,0,0,0,0,0,0,0,0
254999117,8311934,8310910,8261758,8257592,68,56,8,16384,32,2621464,3944480,33863,2139095040,0,0,0,0,0,0,0,0,0,0,0,0,0,0,0,0,0,0,0,0,0,0,0,0,0
255549059,8311934,8310910,8261758,8257592,68,56,8,16384,32,2621464,3944480,33863,2139095040,0,0,0,0,0,0,0,0,0,0,0,0,0,0,0,0,0,0,0,0,0,0,0,0,0
256099130,8311934,8310910,8261758,8257592,68,56,8,16384,32,2621464,3944480,33863,2139095040,0,0,0,0,0,0,0,0,0,0,0,0,0,0,0,0,0,0,0,0,0,0,0,0,0
257199103,8311934,8310910,8261758,8257592,68,56,8,16384,32,2621464,3944480,33863,2139095040,0,0,0,0,0,0,0,0,0,0,0,0,0,0,0,0,0,0,0,0,0,0,0,0,0
257749044,8311934,8310910,8261758,8257592,68,56,8,16384,32,2621464,3944480,33863,2139095040,0,0,0,0,0,0,0,0,0,0,0,0,0,0,0,0,0,0,0,0,0,0,0,0,0
258299103,8311934,8310910,8261758,8257592,68,56,8,16384,32,2621464,3944480,33863,2139095040,0,0,0,0,0,0,0,0,0,0,0,0,0,0,0,0,0,0,0,0,0,0,0,0,0
258849076,8311934,8310910,8261758,8257592,68,56,8,16384,32,2621464,3944480,33863,2139095040,0,0,0,0,0,0,0,0,0,0,0,0,0,0,0,0,0,0,0,0,0,0,0,0,0
259399105,8311934,8310910,8261758,8257592,68,56,8,16384,32,2621464,3944480,33863,2139095040,0,0,0,0,0,0,0,0,0,0,0,0,0,0,0,0,0,0,0,0,0,0,0,0,0
259939124,8311934,8310910,8261758,8257592,68,56,8,16384,32,2621464,3944480,33863,2139095040,0,0,0,0,0,0,0,0,0,0,0,0,0,0,0,0,0,0,0,0,0,0,0,0,0
260489041,8311934,8310910,8261758,8257592,68,56,8,16384,32,2621464,3944480,33863,2139095040,0,0,0,0,0,0,0,0,0,0,0,0,0,0,0,0,0,0,0,0,0,0,0,0,0
261039114,8311934,8310910,8261758,8257592,68,56,8,16384,32,2621464,3944480,33863,2139095040,0,0,0,0,0,0,0,0,0,0,0,0,0,0,0,0,0,0,0,0,0,0,0,0,0
262139107,8311934,8310910,8261758,8257592,68,56,8,16384,32,2621464,3944480,33863,2139095040,0,0,0,0,0,0,0,0,0,0,0,0,0,0,0,0,0,0,0,0,0,0,0,0,0
262689086,8311934,8310910,8261758,8257592,68,56,8,16384,32,2621464,3944480,33863,2139095040,0,0,0,0,0,0,0,0,0,0,0,0,0,0,0,0,0,0,0,0,0,0,0,0,0
263240101,8311934,8310910,8261758,8257592,68,56,8,16384,32,2621464,3944480,33863,2139095040,0,0,0,0,0,0,0,0,0,0,0,0,0,0,0,0,0,0,0,0,0,0,0,0,0
263790103,8311934,8310910,8261758,8257592,68,56,8,16384,32,2621464,3944480,33863,2139095040,0,0,0,0,0,0,0,0,0,0,0,0,0,0,0,0,0,0,0,0,0,0,0,0,0
264340123,8311934,8310910,8261758,8257592,68,56,8,16384,32,2621464,3944480,33863,2139095040,0,0,0,0,0,0,0,0,0,0,0,0,0,0,0,0,0,0,0,0,0,0,0,0,0
264890101,8311934,8310910,8261758,8257592,68,56,8,16384,32,2621464,3944480,33863,2139095040,0,0,0,0,0,0,0,0,0,0,0,0,0,0,0,0,0,0,0,0,0,0,0,0,0
265440235,8311934,8310910,8261758,8257592,68,56,8,16384,32,2621464,3944480,33863,2139095040,0,0,0,0,0,0,0,0,0,0,0,0,0,0,0,0,0,0,0,0,0,0,0,0,0
265990100,8311934,8310910,8261758,8257592,68,56,8,16384,32,2621464,3944480,33863,2139095040,0,0,0,0,0,0,0,0,0,0,0,0,0,0,0,0,0,0,0,0,0,0,0,0,0
266540116,8311934,8310910,8261758,8257592,68,56,8,16384,32,2621464,3944480,33863,2139095040,0,0,0,0,0,0,0,0,0,0,0,0,0,0,0,0,0,0,0,0,0,0,0,0,0
267090274,8311934,8310910,8261758,8257592,68,56,8,16384,32,2621464,3944480,33863,2139095040,0,0,0,0,0,0,0,0,0,0,0,0,0,0,0,0,0,0,0,0,0,0,0,0,0
267641058,8311934,8310910,8261758,8257592,68,56,8,16384,32,2621464,3944480,33863,2139095040,0,0,0,0,0,0,0,0,0,0,0,0,0,0,0,0,0,0,0,0,0,0,0,0,0
268191172,8311934,8310910,8261758,8257592,68,56,8,16384,32,2621464,3944480,33863,2139095040,0,0,0,0,0,0,0,0,0,0,0,0,0,0,0,0,0,0,0,0,0,0,0,0,0
268741082,8311934,8310910,8261758,8257592,68,56,8,16384,32,2621464,3944480,33863,2139095040,0,0,0,0,0,0,0,0,0,0,0,0,0,0,0,0,0,0,0,0,0,0,0,0,0
269291140,8311934,8310910,8261758,8257592,68,56,8,16384,32,2621464,3944480,33863,2139095040,0,0,0,0,0,0,0,0,0,0,0,0,0,0,0,0,0,0,0,0,0,0,0,0,0
269841057,8311934,8310910,8261758,8257592,68,56,8,16384,32,2621464,3944480,33863,2139095040,0,0,0,0,0,0,0,0,0,0,0,0,0,0,0,0,0,0,0,0,0,0,0,0,0
270391249,8311934,8310910,8261758,8257592,68,56,8,16384,32,2621464,3944480,33863,2139095040,0,0,0,0,0,0,0,0,0,0,0,0,0,0,0,0,0,0,0,0,0,0,0,0,0
270941066,8311934,8310910,8261758,8257592,68,56,8,16384,32,2621464,3944480,33863,2139095040,0,0,0,0,0,0,0,0,0,0,0,0,0,0,0,0,0,0,0,0,0,0,0,0,0
271491164,8311934,8310910,8261758,8257592,68,56,8,16384,32,2621464,3944480,33863,2139095040,0,0,0,0,0,0,0,0,0,0,0,0,0,0,0,0,0,0,0,0,0,0,0,0,0
272041072,8311934,8310910,8261758,8257592,68,56,8,16384,32,2621464,3944480,33863,2139095040,0,0,0,0,0,0,0,0,0,0,0,0,0,0,0,0,0,0,0,0,0,0,0,0,0
272591167,8311934,8310910,8261758,8257592,68,56,8,16384,32,2621464,3944480,33863,2139095040,0,0,0,0,0,0,0,0,0,0,0,0,0,0,0,0,0,0,0,0,0,0,0,0,0
273141057,8311934,8310910,8261758,8257592,68,56,8,16384,32,2621464,3944480,33863,2139095040,0,0,0,0,0,0,0,0,0,0,0,0,0,0,0,0,0,0,0,0,0,0,0,0,0
273691136,8311934,8310910,8261758,8257592,68,56,8,16384,32,2621464,3944480,33863,2139095040,0,0,0,0,0,0,0,0,0,0,0,0,0,0,0,0,0,0,0,0,0,0,0,0,0
274241071,8311934,8310910,8261758,8257592,68,56,8,16384,32,2621464,3944480,33863,2139095040,0,0,0,0,0,0,0,0,0,0,0,0,0,0,0,0,0,0,0,0,0,0,0,0,0
274791169,8311934,8310910,8261758,8257592,68,56,8,16384,32,2621464,3944480,33863,2139095040,0,0,0,0,0,0,0,0,0,0,0,0,0,0,0,0,0,0,0,0,0,0,0,0,0
275341059,8311934,8310910,8261758,8257592,68,56,8,16384,32,2621464,3944480,33863,2139095040,0,0,0,0,0,0,0,0,0,0,0,0,0,0,0,0,0,0,0,0,0,0,0,0,0
275891168,8311934,8310910,8261758,8257592,68,56,8,16384,32,2621464,3944480,33863,2139095040,0,0,0,0,0,0,0,0,0,0,0,0,0,0,0,0,0,0,0,0,0,0,0,0,0
276441091,8311934,8310910,8261758,8257592,68,56,8,16384,32,2621464,3944480,33863,2139095040,0,0,0,0,0,0,0,0,0,0,0,0,0,0,0,0,0,0,0,0,0,0,0,0,0
276991193,8311934,8310910,8261758,8257592,68,56,8,16384,32,2621464,3944480,33863,2139095040,0,0,0,0,0,0,0,0,0,0,0,0,0,0,0,0,0,0,0,0,0,0,0,0,0
277541059,8311934,8310910,8261758,8257592,68,56,8,16384,32,2621464,3944480,33863,2139095040,0,0,0,0,0,0,0,0,0,0,0,0,0,0,0,0,0,0,0,0,0,0,0,0,0
278091134,8311934,8310910,8261758,8257592,68,56,8,16384,32,2621464,3944480,33863,2139095040,0,0,0,0,0,0,0,0,0,0,0,0,0,0,0,0,0,0,0,0,0,0,0,0,0
278641079,8311934,8310910,8261758,8257592,68,56,8,16384,32,2621464,3944480,33863,2139095040,0,0,0,0,0,0,0,0,0,0,0,0,0,0,0,0,0,0,0,0,0,0,0,0,0
279191136,8311934,8310910,8261758,8257592,68,56,8,16384,32,2621464,3944480,33863,2139095040,0,0,0,0,0,0,0,0,0,0,0,0,0,0,0,0,0,0,0,0,0,0,0,0,0
280291184,8311934,8310910,8261758,8257592,68,56,8,16384,32,2621464,3944480,33863,2139095040,0,0,0,0,0,0,0,0,0,0,0,0,0,0,0,0,0,0,0,0,0,0,0,0,0
280841063,8311934,8310910,8261758,8257592,68,56,8,16384,32,2621464,3944480,33863,2139095040,0,0,0,0,0,0,0,0,0,0,0,0,0,0,0,0,0,0,0,0,0,0,0,0,0
281391266,8311934,8310910,8261758,8257592,68,56,8,16384,32,2621464,3944480,33863,2139095040,0,0,0,0,0,0,0,0,0,0,0,0,0,0,0,0,0,0,0,0,0,0,0,0,0
281941059,8311934,8310910,8261758,8257592,68,56,8,16384,32,2621464,3944480,33863,2139095040,0,0,0,0,0,0,0,0,0,0,0,0,0,0,0,0,0,0,0,0,0,0,0,0,0
282491141,8311934,8310910,8261758,8257592,68,56,8,16384,32,2621464,3944480,33863,2139095040,0,0,0,0,0,0,0,0,0,0,0,0,0,0,0,0,0,0,0,0,0,0,0,0,0
283041079,8311934,8310910,8261758,8257592,68,56,8,16384,32,2621464,3944480,33863,2139095040,0,0,0,0,0,0,0,0,0,0,0,0,0,0,0,0,0,0,0,0,0,0,0,0,0
283591136,8311934,8310910,8261758,8257592,68,56,8,16384,32,2621464,3944480,33863,2139095040,0,0,0,0,0,0,0,0,0,0,0,0,0,0,0,0,0,0,0,0,0,0,0,0,0
284141087,8311934,8310910,8261758,8257592,68,56,8,16384,32,2621464,3944480,33863,2139095040,0,0,0,0,0,0,0,0,0,0,0,0,0,0,0,0,0,0,0,0,0,0,0,0,0
284691162,8311934,8310910,8261758,8257592,68,56,8,16384,32,2621464,3944480,33863,2139095040,0,0,0,0,0,0,0,0,0,0,0,0,0,0,0,0,0,0,0,0,0,0,0,0,0
285241069,8311934,8310910,8261758,8257592,68,56,8,16384,32,2621464,3944480,33863,2139095040,0,0,0,0,0,0,0,0,0,0,0,0,0,0,0,0,0,0,0,0,0,0,0,0,0
285791137,8311934,8310910,8261758,8257592,68,56,8,16384,32,2621464,3944480,33863,2139095040,0,0,0,0,0,0,0,0,0,0,0,0,0,0,0,0,0,0,0,0,0,0,0,0,0
286341066,8311934,8310910,8261758,8257592,68,56,8,16384,32,2621464,3944480,33863,2139095040,0,0,0,0,0,0,0,0,0,0,0,0,0,0,0,0,0,0,0,0,0,0,0,0,0
286891171,8311934,8310910,8261758,8257592,68,56,8,16384,32,2621464,3944480,33863,2139095040,0,0,0,0,0,0,0,0,0,0,0,0,0,0,0,0,0,0,0,0,0,0,0,0,0
287441096,8311934,8310910,8261758,8257592,68,56,8,16384,32,2621464,3944480,33863,2139095040,0,0,0,0,0,0,0,0,0,0,0,0,0,0,0,0,0,0,0,0,0,0,0,0,0
287991140,8311934,8310910,8261758,8257592,68,56,8,16384,32,2621464,3944480,33863,2139095040,0,0,0,0,0,0,0,0,0,0,0,0,0,0,0,0,0,0,0,0,0,0,0,0,0
288541098,8311934,8310910,8261758,8257592,68,56,8,16384,32,2621464,3944480,33863,2139095040,0,0,0,0,0,0,0,0,0,0,0,0,0,0,0,0,0,0,0,0,0,0,0,0,0
289091162,8311934,8310910,8261758,8257592,68,56,8,16384,32,2621464,3944480,33863,2139095040,0,0,0,0,0,0,0,0,0,0,0,0,0,0,0,0,0,0,0,0,0,0,0,0,0
289641094,8311934,8310910,8261758,8257592,68,56,8,16384,32,2621464,3944480,33863,2139095040,0,0,0,0,0,0,0,0,0,0,0,0,0,0,0,0,0,0,0,0,0,0,0,0,0
289751375,8311934,8310910,8261758,8257592,68,56,8,16384,32,2621464,3944480,33863,2139095040,0,0,0,1,1,1,1,0,1,0,0,0,0,0,0,0,0,0,0,0,0,0,0,0,0
290279161,8311934,8310910,8261758,8257592,68,56,8,16384,32,2621464,3944480,33863,2139095040,0,0,0,1,1,1,1,0,1,0,0,0,0,0,0,0,0,0,0,0,0,0,0,0,0
290873201,8311934,8310910,8261758,8257592,68,56,8,16384,32,2621464,3944480,33863,2139095040,0,0,0,1,1,1,1,0,1,0,0,0,0,0,0,0,0,0,0,0,0,0,0,0,0
291379126,8311934,8310910,8261758,8257592,68,56,8,16384,32,2621464,3944480,33863,2139095040,0,0,0,1,1,1,1,0,1,0,0,0,0,0,0,0,0,0,0,0,0,0,0,0,0
291984471,8311934,8310910,8261758,8257592,68,56,8,16384,32,2621464,3944480,33863,2139095040,0,0,0,1,1,1,1,0,1,0,0,0,0,0,0,0,0,0,0,0,0,0,0,0,0
292579105,8311934,8310910,8261758,8257592,68,56,8,16384,32,2621464,3944480,33863,2139095040,0,0,0,1,1,1,1,0,1,0,0,0,0,0,0,0,0,0,0,0,0,0,0,0,0
293173163,8311934,8310910,8261758,8257592,68,56,8,16384,32,2621464,3944480,33863,2139095040,0,0,0,1,1,1,1,0,1,0,0,0,0,0,0,0,0,0,0,0,0,0,0,0,0
293679106,8311934,8310910,8261758,8257592,68,56,8,16384,32,2621464,3944480,33863,2139095040,0,0,0,1,1,1,1,0,1,0,0,0,0,0,0,0,0,0,0,0,0,0,0,0,0
294284222,8311934,8310910,8261758,8257592,68,56,8,16384,32,2621464,3944480,33863,2139095040,0,0,0,1,1,1,1,0,1,0,0,0,0,0,0,0,0,0,0,0,0,0,0,0,0
294878295,8311934,8310910,8261758,8257592,68,56,8,16384,32,2621464,3944480,33863,2139095040,0,0,0,1,1,1,1,0,1,0,0,0,0,0,0,0,0,0,0,0,0,0,0,0,0
295483299,8311934,8310910,8261758,8257592,68,56,8,16384,32,2621464,3944480,33863,2139095040,0,0,0,1,1,1,1,0,1,0,0,0,0,0,0,0,0,0,0,0,0,0,0,0,0
296077268,8311934,8310910,8261758,8257592,68,56,8,16384,32,2621464,3944480,33863,2139095040,0,0,0,1,1,1,1,0,1,0,0,0,0,0,0,0,0,0,0,0,0,0,0,0,0
296583302,8311934,8310910,8261758,8257592,68,56,8,16384,32,2621464,3944480,33863,2139095040,0,0,0,1,1,1,1,0,1,0,0,0,0,0,0,0,0,0,0,0,0,0,0,0,0
297177262,8311934,8310910,8261758,8257592,68,56,8,16384,32,2621464,3944480,33863,2139095040,0,0,0,1,1,1,1,0,1,0,0,0,0,0,0,0,0,0,0,0,0,0,0,0,0
297375364,8311934,8310910,8261758,8257592,68,56,8,16384,32,2621464,3944480,33863,2139095040,0,0,0,1,1,1,1,0,1,0,0,0,0,0,0,0,0,0,0,0,0,0,0,0,0
297881039,8311934,8310910,8261758,8257592,68,56,8,16384,32,2621464,3944480,33863,2139095040,0,0,0,1,1,1,1,0,1,0,0,0,0,0,0,0,0,0,0,0,0,0,0,0,0
298476762,8311934,8310910,8261758,8257592,68,56,8,16384,32,2621464,3944480,33863,2139095040,0,0,0,1,1,1,1,0,1,0,0,0,0,0,0,0,0,0,0,0,0,0,0,0,0
298982564,8311934,8310910,8261758,8257592,68,56,8,16384,32,2621464,3944480,33863,2139095040,0,0,0,1,1,1,1,0,1,0,0,0,0,0,0,0,0,0,0,0,0,0,0,0,0
299576272,8311934,8310910,8261758,8257592,68,56,8,16384,32,2621464,3944480,33863,2139095040,0,0,0,1,1,1,1,0,1,0,0,0,0,0,0,0,0,0,0,0,0,0,0,0,0
300082618,8311934,8310910,8261758,8257592,68,56,8,16384,32,2621464,3944480,33863,2139095040,0,0,0,1,1,1,1,0,1,0,0,0,0,0,0,0,0,0,0,0,0,0,0,0,0
300676297,8311934,8310910,8261758,8257592,68,56,8,16384,32,2621464,3944480,33863,2139095040,0,0,0,1,1,1,1,0,1,0,0,0,0,0,0,0,0,0,0,0,0,0,0,0,0
301182719,8311934,8310910,8261758,8257592,68,56,8,16384,32,2621464,3944480,33863,2139095040,0,0,0,1,1,1,1,0,1,0,0,0,0,0,0,0,0,0,0,0,0,0,0,0,0
301776301,8311934,8310910,8261758,8257592,68,56,8,16384,32,2621464,3944480,33863,2139095040,0,0,0,1,1,1,1,0,1,0,0,0,0,0,0,0,0,0,0,0,0,0,0,0,0
302282718,8311934,8310910,8261758,8257592,68,56,8,16384,32,2621464,3944480,33863,2139095040,0,0,0,1,1,1,1,0,1,0,0,0,0,0,0,0,0,0,0,0,0,0,0,0,0
302876412,8311934,8310910,8261758,8257592,68,56,8,16384,32,2621464,3944480,33863,2139095040,0,0,0,1,1,1,1,0,1,0,0,0,0,0,0,0,0,0,0,0,0,0,0,0,0
303382580,8311934,8310910,8261758,8257592,68,56,8,16384,32,2621464,3944480,33863,2139095040,0,0,0,1,1,1,1,0,1,0,0,0,0,0,0,0,0,0,0,0,0,0,0,0,0
303976492,8311934,8310910,8261758,8257592,68,56,8,16384,32,2621464,3944480,33863,2139095040,0,0,0,1,1,1,1,0,1,0,0,0,0,0,0,0,0,0,0,0,0,0,0,0,0
304483056,8311934,8310910,8261758,8257592,68,56,8,16384,32,2621464,3944480,33863,2139095040,0,0,0,1,1,1,1,0,1,0,0,0,0,0,0,0,0,0,0,0,0,0,0,0,0
305077275,8311934,8310910,8261758,8257592,68,56,8,16384,32,2621464,3944480,33863,2139095040,0,0,0,1,1,1,1,0,1,0,0,0,0,0,0,0,0,0,0,0,0,0,0,0,0
305583333,8311934,8310910,8261758,8257592,68,56,8,16384,32,2621464,3944480,33863,2139095040,0,0,0,1,1,1,1,0,1,0,0,0,0,0,0,0,0,0,0,0,0,0,0,0,0
306683297,8311934,8310910,8261758,8257592,68,56,8,16384,32,2621464,3944480,33863,2139095040,0,0,0,1,1,1,1,0,1,0,0,0,0,0,0,0,0,0,0,0,0,0,0,0,0
307277233,8311934,8310910,8261758,8257592,68,56,8,16384,32,2621464,3944480,33863,2139095040,0,0,0,1,1,1,1,0,1,0,0,0,0,0,0,0,0,0,0,0,0,0,0,0,0
307376660,8311934,8310910,8261758,8257592,68,56,8,16384,32,2621464,3944480,33863,2139095040,0,0,0,1,1,1,1,0,1,0,0,0,0,0,0,0,0,0,0,0,0,0,0,0,0
307882687,8311934,8310910,8261758,8257592,68,56,8,16384,32,2621464,3944480,33863,2139095040,0,0,0,1,1,1,1,0,1,0,0,0,0,0,0,0,0,0,0,0,0,0,0,0,0
308278070,8311934,8310910,8261758,8257592,68,56,8,16384,32,2621464,3944480,33863,2139095040,0,0,0,0,0,0,0,0,0,0,0,0,0,0,0,0,0,0,0,0,0,0,0,0,0
308829037,8311934,8310910,8261758,8257592,68,56,8,16384,32,2621464,3944480,33863,2139095040,0,0,0,0,0,0,0,0,0,0,0,0,0,0,0,0,0,0,0,0,0,0,0,0,0
309379387,8311934,8310910,8261758,8257592,68,56,8,16384,32,2621464,3944480,33863,2139095040,0,0,0,0,0,0,0,0,0,0,0,0,0,0,0,0,0,0,0,0,0,0,0,0,0
309929079,8311934,8310910,8261758,8257592,68,56,8,16384,32,2621464,3944480,33863,2139095040,0,0,0,0,0,0,0,0,0,0,0,0,0,0,0,0,0,0,0,0,0,0,0,0,0
310490090,8311934,8310910,8261758,8257592,68,56,8,16384,32,2621464,3944480,33863,2139095040,0,0,0,0,0,0,0,0,0,0,0,0,0,0,0,0,0,0,0,0,0,0,0,0,0
311040084,8311934,8310910,8261758,8257592,68,56,8,16384,32,2621464,3944480,33863,2139095040,0,0,0,0,0,0,0,0,0,0,0,0,0,0,0,0,0,0,0,0,0,0,0,0,0
312140088,8311934,8310910,8261758,8257592,68,56,8,16384,32,2621464,3944480,33863,2139095040,0,0,0,0,0,0,0,0,0,0,0,0,0,0,0,0,0,0,0,0,0,0,0,0,0
312690106,8311934,8310910,8261758,8257592,68,56,8,16384,32,2621464,3944480,33863,2139095040,0,0,0,0,0,0,0,0,0,0,0,0,0,0,0,0,0,0,0,0,0,0,0,0,0
313240095,8311934,8310910,8261758,8257592,68,56,8,16384,32,2621464,3944480,33863,2139095040,0,0,0,0,0,0,0,0,0,0,0,0,0,0,0,0,0,0,0,0,0,0,0,0,0
313790100,8311934,8310910,8261758,8257592,68,56,8,16384,32,2621464,3944480,33863,2139095040,0,0,0,0,0,0,0,0,0,0,0,0,0,0,0,0,0,0,0,0,0,0,0,0,0
314340081,8311934,8310910,8261758,8257592,68,56,8,16384,32,2621464,3944480,33863,2139095040,0,0,0,0,0,0,0,0,0,0,0,0,0,0,0,0,0,0,0,0,0,0,0,0,0
314890101,8311934,8310910,8261758,8257592,68,56,8,16384,32,2621464,3944480,33863,2139095040,0,0,0,0,0,0,0,0,0,0,0,0,0,0,0,0,0,0,0,0,0,0,0,0,0
315440093,8311934,8310910,8261758,8257592,68,56,8,16384,32,2621464,3944480,33863,2139095040,0,0,0,0,0,0,0,0,0,0,0,0,0,0,0,0,0,0,0,0,0,0,0,0,0
315990084,8311934,8310910,8261758,8257592,68,56,8,16384,32,2621464,3944480,33863,2139095040,0,0,0,0,0,0,0,0,0,0,0,0,0,0,0,0,0,0,0,0,0,0,0,0,0
316430383,8311934,8310910,8261758,8257592,68,56,8,16384,32,2621464,3944480,33863,2139095040,0,0,0,1,1,1,1,0,1,0,0,0,0,0,0,0,0,0,0,0,0,0,0,0,0
316980082,8311934,8310910,8261758,8257592,68,56,8,16384,32,2621464,3944480,33863,2139095040,0,0,0,1,1,1,1,0,1,0,0,0,0,0,0,0,0,0,0,0,0,0,0,0,0
318080105,8311934,8310910,8261758,8257592,68,56,8,16384,32,2621464,3944480,33863,2139095040,0,0,0,1,1,1,1,0,1,0,0,0,0,0,0,0,0,0,0,0,0,0,0,0,0
318674264,8311934,8310910,8261758,8257592,68,56,8,16384,32,2621464,3944480,33863,2139095040,0,0,0,1,1,1,1,0,1,0,0,0,0,0,0,0,0,0,0,0,0,0,0,0,0
319180083,8311934,8310910,8261758,8257592,68,56,8,16384,32,2621464,3944480,33863,2139095040,0,0,0,1,1,1,1,0,1,0,0,0,0,0,0,0,0,0,0,0,0,0,0,0,0
319774553,8311934,8310910,8261758,8257592,68,56,8,16384,32,2621464,3944480,33863,2139095040,0,0,0,1,1,1,1,0,1,0,0,0,0,0,0,0,0,0,0,0,0,0,0,0,0
320280082,8311934,8310910,8261758,8257592,68,56,8,16384,32,2621464,3944480,33863,2139095040,0,0,0,1,1,1,1,0,1,0,0,0,0,0,0,0,0,0,0,0,0,0,0,0,0
320874139,8311934,8310910,8261758,8257592,68,56,8,16384,32,2621464,3944480,33863,2139095040,0,0,0,1,1,1,1,0,1,0,0,0,0,0,0,0,0,0,0,0,0,0,0,0,0
321380095,8311934,8310910,8261758,8257592,68,56,8,16384,32,2621464,3944480,33863,2139095040,0,0,0,1,1,1,1,0,1,0,0,0,0,0,0,0,0,0,0,0,0,0,0,0,0
321974221,8311934,8310910,8261758,8257592,68,56,8,16384,32,2621464,3944480,33863,2139095040,0,0,0,1,1,1,1,0,1,0,0,0,0,0,0,0,0,0,0,0,0,0,0,0,0
322480081,8311934,8310910,8261758,8257592,68,56,8,16384,32,2621464,3944480,33863,2139095040,0,0,0,1,1,1,1,0,1,0,0,0,0,0,0,0,0,0,0,0,0,0,0,0,0
323074210,8311934,8310910,8261758,8257592,68,56,8,16384,32,2621464,3944480,33863,2139095040,0,0,0,1,1,1,1,0,1,0,0,0,0,0,0,0,0,0,0,0,0,0,0,0,0
323580081,8311934,8310910,8261758,8257592,68,56,8,16384,32,2621464,3944480,33863,2139095040,0,0,0,1,1,1,1,0,1,0,0,0,0,0,0,0,0,0,0,0,0,0,0,0,0
324680101,8311934,8310910,8261758,8257592,68,56,8,16384,32,2621464,3944480,33863,2139095040,0,0,0,1,1,1,1,0,1,0,0,0,0,0,0,0,0,0,0,0,0,0,0,0,0
325274217,8311934,8310910,8261758,8257592,68,56,8,16384,32,2621464,3944480,33863,2139095040,0,0,0,1,1,1,1,0,1,0,0,0,0,0,0,0,0,0,0,0,0,0,0,0,0
325780081,8311934,8310910,8261758,8257592,68,56,8,16384,32,2621464,3944480,33863,2139095040,0,0,0,1,1,1,1,0,1,0,0,0,0,0,0,0,0,0,0,0,0,0,0,0,0
326374210,8311934,8310910,8261758,8257592,68,56,8,16384,32,2621464,3944480,33863,2139095040,0,0,0,1,1,1,1,0,1,0,0,0,0,0,0,0,0,0,0,0,0,0,0,0,0
326880082,8311934,8310910,8261758,8257592,68,56,8,16384,32,2621464,3944480,33863,2139095040,0,0,0,1,1,1,1,0,1,0,0,0,0,0,0,0,0,0,0,0,0,0,0,0,0
327474298,8311934,8310910,8261758,8257592,68,56,8,16384,32,2621464,3944480,33863,2139095040,0,0,0,1,1,1,1,0,1,0,0,0,0,0,0,0,0,0,0,0,0,0,0,0,0
327980114,8311934,8310910,8261758,8257592,68,56,8,16384,32,2621464,3944480,33863,2139095040,0,0,0,1,1,1,1,0,1,0,0,0,0,0,0,0,0,0,0,0,0,0,0,0,0
328574215,8311934,8310910,8261758,8257592,68,56,8,16384,32,2621464,3944480,33863,2139095040,0,0,0,1,1,1,1,0,1,0,0,0,0,0,0,0,0,0,0,0,0,0,0,0,0
329080106,8311934,8310910,8261758,8257592,68,56,8,16384,32,2621464,3944480,33863,2139095040,0,0,0,1,1,1,1,0,1,0,0,0,0,0,0,0,0,0,0,0,0,0,0,0,0
329674257,8311934,8310910,8261758,8257592,68,56,8,16384,32,2621464,3944480,33863,2139095040,0,0,0,1,1,1,1,0,1,0,0,0,0,0,0,0,0,0,0,0,0,0,0,0,0
330180087,8311934,8310910,8261758,8257592,68,56,8,16384,32,2621464,3944480,33863,2139095040,0,0,0,1,1,1,1,0,1,0,0,0,0,0,0,0,0,0,0,0,0,0,0,0,0
330774607,8311934,8310910,8261758,8257592,68,56,8,16384,32,2621464,3944480,33863,2139095040,0,0,0,1,1,1,1,0,1,0,0,0,0,0,0,0,0,0,0,0,0,0,0,0,0
331280087,8311934,8310910,8261758,8257592,68,56,8,16384,32,2621464,3944480,33863,2139095040,0,0,0,1,1,1,1,0,1,0,0,0,0,0,0,0,0,0,0,0,0,0,0,0,0
331874268,8311934,8310910,8261758,8257592,68,56,8,16384,32,2621464,3944480,33863,2139095040,0,0,0,1,1,1,1,0,1,0,0,0,0,0,0,0,0,0,0,0,0,0,0,0,0
332380081,8311934,8310910,8261758,8257592,68,56,8,16384,32,2621464,3944480,33863,2139095040,0,0,0,1,1,1,1,0,1,0,0,0,0,0,0,0,0,0,0,0,0,0,0,0,0
332677607,8311934,8310910,8261758,8257592,68,56,8,16384,32,2621464,3944480,33863,2139095040,0,0,0,1,1,1,1,0,1,0,0,0,0,0,0,0,0,0,0,0,0,0,0,0,0
333183329,8311934,8310910,8261758,8257592,68,56,8,16384,32,2621464,3944480,33863,2139095040,0,0,0,1,1,1,1,0,1,0,0,0,0,0,0,0,0,0,0,0,0,0,0,0,0
333779127,8311934,8310910,8261758,8257592,68,56,8,16384,32,2621464,3944480,33863,2139095040,0,0,0,1,1,1,1,0,1,0,0,0,0,0,0,0,0,0,0,0,0,0,0,0,0
334384452,8311934,8310910,8261758,8257592,68,56,8,16384,32,2621464,3944480,33863,2139095040,0,0,0,1,1,1,1,0,1,0,0,0,0,0,0,0,0,0,0,0,0,0,0,0,0
334978247,8311934,8310910,8261758,8257592,68,56,8,16384,32,2621464,3944480,33863,2139095040,0,0,0,1,1,1,1,0,1,0,0,0,0,0,0,0,0,0,0,0,0,0,0,0,0
335584466,8311934,8310910,8261758,8257592,68,56,8,16384,32,2621464,3944480,33863,2139095040,0,0,0,1,1,1,1,0,1,0,0,0,0,0,0,0,0,0,0,0,0,0,0,0,0
336179106,8311934,8310910,8261758,8257592,68,56,8,16384,32,2621464,3944480,33863,2139095040,0,0,0,1,1,1,1,0,1,0,0,0,0,0,0,0,0,0,0,0,0,0,0,0,0
336774130,8311934,8310910,8261758,8257592,68,56,8,16384,32,2621464,3944480,33863,2139095040,0,0,0,1,1,1,1,0,1,0,0,0,0,0,0,0,0,0,0,0,0,0,0,0,0
337280082,8311934,8310910,8261758,8257592,68,56,8,16384,32,2621464,3944480,33863,2139095040,0,0,0,1,1,1,1,0,1,0,0,0,0,0,0,0,0,0,0,0,0,0,0,0,0
337874127,8311934,8310910,8261758,8257592,68,56,8,16384,32,2621464,3944480,33863,2139095040,0,0,0,1,1,1,1,0,1,0,0,0,0,0,0,0,0,0,0,0,0,0,0,0,0
338380081,8311934,8310910,8261758,8257592,68,56,8,16384,32,2621464,3944480,33863,2139095040,0,0,0,1,1,1,1,0,1,0,0,0,0,0,0,0,0,0,0,0,0,0,0,0,0
339480082,8311934,8310910,8261758,8257592,68,56,8,16384,32,2621464,3944480,33863,2139095040,0,0,0,1,1,1,1,0,1,0,0,0,0,0,0,0,0,0,0,0,0,0,0,0,0
340074633,8311934,8310910,8261758,8257592,68,56,8,16384,32,2621464,3944480,33863,2139095040,0,0,0,1,1,1,1,0,1,0,0,0,0,0,0,0,0,0,0,0,0,0,0,0,0
340580102,8311934,8310910,8261758,8257592,68,56,8,16384,32,2621464,3944480,33863,2139095040,0,0,0,1,1,1,1,0,1,0,0,0,0,0,0,0,0,0,0,0,0,0,0,0,0
341175185,8311934,8310910,8261758,8257592,68,56,8,16384,32,2621464,3944480,33863,2139095040,0,0,0,1,1,1,1,0,1,0,0,0,0,0,0,0,0,0,0,0,0,0,0,0,0
341780099,8311934,8310910,8261758,8257592,68,56,8,16384,32,2621464,3944480,33863,2139095040,0,0,0,1,1,1,1,0,1,0,0,0,0,0,0,0,0,0,0,0,0,0,0,0,0
342374221,8311934,8310910,8261758,8257592,68,56,8,16384,32,2621464,3944480,33863,2139095040,0,0,0,1,1,1,1,0,1,0,0,0,0,0,0,0,0,0,0,0,0,0,0,0,0
342881063,8311934,8310910,8261758,8257592,68,56,8,16384,32,2621464,3944480,33863,2139095040,0,0,0,1,1,1,1,0,1,0,0,0,0,0,0,0,0,0,0,0,0,0,0,0,0
343475162,8311934,8310910,8261758,8257592,68,56,8,16384,32,2621464,3944480,33863,2139095040,0,0,0,1,1,1,1,0,1,0,0,0,0,0,0,0,0,0,0,0,0,0,0,0,0
343981073,8311934,8310910,8261758,8257592,68,56,8,16384,32,2621464,3944480,33863,2139095040,0,0,0,1,1,1,1,0,1,0,0,0,0,0,0,0,0,0,0,0,0,0,0,0,0
344576692,8311934,8310910,8261758,8257592,68,56,8,16384,32,2621464,3944480,33863,2139095040,0,0,0,1,1,1,1,0,1,0,0,0,0,0,0,0,0,0,0,0,0,0,0,0,0
345083235,8311934,8310910,8261758,8257592,68,56,8,16384,32,2621464,3944480,33863,2139095040,0,0,0,1,1,1,1,0,1,0,0,0,0,0,0,0,0,0,0,0,0,0,0,0,0
345678404,8311934,8310910,8261758,8257592,68,56,8,16384,32,2621464,3944480,33863,2139095040,0,0,0,1,1,1,1,0,1,0,0,0,0,0,0,0,0,0,0,0,0,0,0,0,0
346283280,8311934,8310910,8261758,8257592,68,56,8,16384,32,2621464,3944480,33863,2139095040,0,0,0,1,1,1,1,0,1,0,0,0,0,0,0,0,0,0,0,0,0,0,0,0,0
347977299,8311934,8310910,8261758,8257592,68,56,8,16384,32,2621464,3944480,33863,2139095040,0,0,0,1,1,1,1,0,1,0,0,0,0,0,0,0,0,0,0,0,0,0,0,0,0
348483354,8311934,8310910,8261758,8257592,68,56,8,16384,32,2621464,3944480,33863,2139095040,0,0,0,1,1,1,1,0,1,0,0,0,0,0,0,0,0,0,0,0,0,0,0,0,0
349079107,8311934,8310910,8261758,8257592,68,56,8,16384,32,2621464,3944480,33863,2139095040,0,0,0,1,1,1,1,0,1,0,0,0,0,0,0,0,0,0,0,0,0,0,0,0,0
349684446,8311934,8310910,8261758,8257592,68,56,8,16384,32,2621464,3944480,33863,2139095040,0,0,0,1,1,1,1,0,1,0,0,0,0,0,0,0,0,0,0,0,0,0,0,0,0
350278347,8311934,8310910,8261758,8257592,68,56,8,16384,32,2621464,3944480,33863,2139095040,0,0,0,1,1,1,1,0,1,0,0,0,0,0,0,0,0,0,0,0,0,0,0,0,0
350884457,8311934,8310910,8261758,8257592,68,56,8,16384,32,2621464,3944480,33863,2139095040,0,0,0,1,1,1,1,0,1,0,0,0,0,0,0,0,0,0,0,0,0,0,0,0,0
351479109,8311934,8310910,8261758,8257592,68,56,8,16384,32,2621464,3944480,33863,2139095040,0,0,0,1,1,1,1,0,1,0,0,0,0,0,0,0,0,0,0,0,0,0,0,0,0
352073184,8311934,8310910,8261758,8257592,68,56,8,16384,32,2621464,3944480,33863,2139095040,0,0,0,1,1,1,1,0,1,0,0,0,0,0,0,0,0,0,0,0,0,0,0,0,0
352579109,8311934,8310910,8261758,8257592,68,56,8,16384,32,2621464,3944480,33863,2139095040,0,0,0,1,1,1,1,0,1,0,0,0,0,0,0,0,0,0,0,0,0,0,0,0,0
353173149,8311934,8310910,8261758,8257592,68,56,8,16384,32,2621464,3944480,33863,2139095040,0,0,0,1,1,1,1,0,1,0,0,0,0,0,0,0,0,0,0,0,0,0,0,0,0
353680082,8311934,8310910,8261758,8257592,68,56,8,16384,32,2621464,3944480,33863,2139095040,0,0,0,1,1,1,1,0,1,0,0,0,0,0,0,0,0,0,0,0,0,0,0,0,0
354175647,8311934,8310910,8261758,8257592,68,56,8,16384,32,2621464,3944480,33863,2139095040,0,0,0,1,1,1,1,0,1,0,0,0,0,0,0,0,0,0,0,0,0,0,0,0,0
354682719,8311934,8310910,8261758,8257592,68,56,8,16384,32,2621464,3944480,33863,2139095040,0,0,0,1,1,1,1,0,1,0,0,0,0,0,0,0,0,0,0,0,0,0,0,0,0
355783273,8311934,8310910,8261758,8257592,68,56,8,16384,32,2621464,3944480,33863,2139095040,0,0,0,1,1,1,1,0,1,0,0,0,0,0,0,0,0,0,0,0,0,0,0,0,0
356378242,8311934,8310910,8261758,8257592,68,56,8,16384,32,2621464,3944480,33863,2139095040,0,0,0,1,1,1,1,0,1,0,0,0,0,0,0,0,0,0,0,0,0,0,0,0,0
356983260,8311934,8310910,8261758,8257592,68,56,8,16384,32,2621464,3944480,33863,2139095040,0,0,0,1,1,1,1,0,1,0,0,0,0,0,0,0,0,0,0,0,0,0,0,0,0
357577245,8311934,8310910,8261758,8257592,68,56,8,16384,32,2621464,3944480,33863,2139095040,0,0,0,1,1,1,1,0,1,0,0,0,0,0,0,0,0,0,0,0,0,0,0,0,0
358173188,8311934,8310910,8261758,8257592,68,56,8,16384,32,2621464,3944480,33863,2139095040,0,0,0,1,1,1,1,0,1,0,0,0,0,0,0,0,0,0,0,0,0,0,0,0,0
358680099,8311934,8310910,8261758,8257592,68,56,8,16384,32,2621464,3944480,33863,2139095040,0,0,0,1,1,1,1,0,1,0,0,0,0,0,0,0,0,0,0,0,0,0,0,0,0
359144885,8311934,8310910,8261758,8257592,68,56,8,16384,32,2621464,3944480,33863,2139095040,0,0,0,1,1,1,1,0,1,0,0,0,0,0,0,0,0,0,0,0,0,0,0,0,0
359678344,8311934,8310910,8261758,8257592,68,56,8,16384,32,2621464,3944480,33863,2139095040,0,0,0,1,1,1,1,0,1,0,0,0,0,0,0,0,0,0,0,0,0,0,0,0,0
359877512,8311934,8310910,8261758,8257592,68,56,8,16384,32,2621464,3944480,33863,2139095040,0,0,0,1,1,1,1,0,1,0,0,0,0,0,0,0,0,0,0,0,0,0,0,0,0
