timestamp,unallocated_torque[0],unallocated_torque[1],unallocated_torque[2],unallocated_thrust[0],unallocated_thrust[1],unallocated_thrust[2],handled_motor_failure_mask,torque_setpoint_achieved,thrust_setpoint_achieved,actuator_saturation[0],actuator_saturation[1],actuator_saturation[2],actuator_saturation[3],actuator_saturation[4],actuator_saturation[5],actuator_saturation[6],actuator_saturation[7],actuator_saturation[8],actuator_saturation[9],actuator_saturation[10],actuator_saturation[11],actuator_saturation[12],actuator_saturation[13],actuator_saturation[14],actuator_saturation[15]
200065609,0.030526962,0.0066492655,0.00018293607,0.0,0.0,1.1641532e-10,0,0,1,0,-2,0,-2,2,2,2,2,2,2,2,2,2,2,2,2
200071862,0.030857237,0.0066951932,0.00017301357,0.0,0.0,3.4924597e-10,0,0,1,0,-2,0,-2,2,2,2,2,2,2,2,2,2,2,2,2
200263134,0.03064354,0.007259164,-0.0014020341,0.0,0.0,-1.1641532e-10,0,0,1,0,-2,0,-2,2,2,2,2,2,2,2,2,2,2,2,2
200466853,0.03247838,0.006173917,0.0011747695,0.0,0.0,1.1641532e-10,0,0,1,0,-2,0,-2,2,2,2,2,2,2,2,2,2,2,2,2
200665602,0.031611953,0.0052433033,0.0019406672,0.0,0.0,1.1641532e-10,0,0,1,0,-2,0,-2,2,2,2,2,2,2,2,2,2,2,2,2
200865602,0.02983739,0.006465923,-0.0010286266,0.0,0.0,1.1641532e-10,0,0,1,0,-2,0,-2,2,2,2,2,2,2,2,2,2,2,2,2
201066853,0.032272007,0.006137357,-0.00059531804,0.0,0.0,3.4924597e-10,0,0,1,0,-2,0,-2,2,2,2,2,2,2,2,2,2,2,2,2
201263124,0.031782467,0.0069366083,0.0008395499,0.0,0.0,1.1641532e-10,0,0,1,0,-2,0,-2,2,2,2,2,2,2,2,2,2,2,2,2
201465599,0.02884178,0.006548398,-0.00039593555,0.0,0.0,3.4924597e-10,0,0,1,0,-2,0,-2,2,2,2,2,2,2,2,2,2,2,2,2
201665601,0.0345923,0.0062256968,-0.00032168155,0.0,0.0,3.4924597e-10,0,0,1,0,-2,0,-2,2,2,2,2,2,2,2,2,2,2,2,2
201863123,0.029193964,0.0077027953,0.0004841416,0.0,0.0,2.3283064e-10,0,0,1,0,-2,0,-2,2,2,2,2,2,2,2,2,2,2,2,2
202063125,0.029606864,0.0068764277,-6.638286e-05,0.0,0.0,0.0,0,0,1,0,-2,0,-2,2,2,2,2,2,2,2,2,2,2,2,2
202265601,0.03287254,0.0058466247,0.0002933671,0.0,0.0,0.0,0,0,1,0,-2,0,-2,2,2,2,2,2,2,2,2,2,2,2,2
202465600,0.03267262,0.0065286327,-0.0002483345,0.0,0.0,2.3283064e-10,0,0,1,0,-2,0,-2,2,2,2,2,2,2,2,2,2,2,2,2
202663122,0.02843548,0.006097911,-0.0003046685,0.0,0.0,-1.1641532e-10,0,0,1,0,-2,0,-2,2,2,2,2,2,2,2,2,2,2,2,2
202863122,0.028180256,0.007410278,0.0007385383,0.0,0.0,1.1641532e-10,0,0,1,0,-2,0,-2,2,2,2,2,2,2,2,2,2,2,2,2
203063130,0.03423595,0.006999491,0.0006890733,0.0,0.0,3.4924597e-10,0,0,1,0,-2,0,-2,2,2,2,2,2,2,2,2,2,2,2,2
203261852,0.032588843,0.0053242827,8.11769e-05,0.0,0.0,0.0,0,0,1,0,-2,0,-2,2,2,2,2,2,2,2,2,2,2,2,2
203466857,-3.7252903e-09,9.313226e-10,5.311449e-10,0.0,0.0,0.0,0,1,1,0,0,0,0,2,2,2,2,2,2,2,2,2,2,2,2
203661852,0.0,5.5879354e-09,-3.783498e-10,0.0,0.0,-7.450581e-09,0,1,1,0,0,0,0,2,2,2,2,2,2,2,2,2,2,2,2
203861855,7.450581e-09,9.313226e-10,-3.6670826e-09,0.0,0.0,-7.450581e-09,0,1,1,0,0,0,0,2,2,2,2,2,2,2,2,2,2,2,2
204065843,0.0,-3.7252903e-09,-1.6298145e-09,0.0,0.0,-1.4901161e-08,0,1,1,0,0,0,0,2,2,2,2,2,2,2,2,2,2,2,2
204261853,-1.1175871e-08,-3.7252903e-09,-3.3178367e-09,0.0,0.0,0.0,0,1,1,0,0,0,0,2,2,2,2,2,2,2,2,2,2,2,2
204466852,-7.450581e-09,1.8626451e-09,-3.783498e-09,0.0,0.0,0.0,0,1,1,0,0,0,0,2,2,2,2,2,2,2,2,2,2,2,2
204663126,7.450581e-09,-2.2351742e-08,4.0745363e-09,0.0,0.0,0.0,0,1,1,0,0,0,0,2,2,2,2,2,2,2,2,2,2,2,2
205064352,-1.4901161e-08,-1.3038516e-08,-2.0692823e-08,0.0,0.0,0.0,0,1,1,0,0,0,0,2,2,2,2,2,2,2,2,2,2,2,2
205263121,-7.450581e-09,-3.7252903e-09,1.1059456e-08,0.0,0.0,0.0,0,1,1,0,0,0,0,2,2,2,2,2,2,2,2,2,2,2,2
205465604,0.0,-2.4214387e-08,-4.284084e-08,0.0,0.0,0.0,0,1,1,0,0,0,0,2,2,2,2,2,2,2,2,2,2,2,2
205666853,8.381903e-09,-2.0489097e-08,4.0978193e-08,0.0,0.0,0.0,0,1,1,0,0,0,0,2,2,2,2,2,2,2,2,2,2,2,2
205861852,7.450581e-09,1.8626451e-09,-1.8626451e-08,0.0,0.0,0.0,0,1,1,0,0,0,0,2,2,2,2,2,2,2,2,2,2,2,2
206063121,-2.0489097e-08,3.7252903e-09,1.4901161e-08,0.0,0.0,0.0,0,1,1,0,0,0,0,2,2,2,2,2,2,2,2,2,2,2,2
206263120,-1.6298145e-08,9.313226e-10,7.450581e-09,0.0,0.0,-5.9604645e-08,0,1,1,0,0,0,0,2,2,2,2,2,2,2,2,2,2,2,2
206663123,-1.0069925e-08,-9.313226e-09,-3.7252903e-08,0.0,0.0,-5.9604645e-08,0,1,1,0,0,0,0,2,2,2,2,2,2,2,2,2,2,2,2
206866851,-1.8626451e-09,-3.4924597e-09,0.0,0.0,0.0,0.0,0,1,1,0,0,0,0,2,2,2,2,2,2,2,2,2,2,2,2
207065603,-1.7695129e-08,-1.5832484e-08,0.0,0.0,0.0,0.0,0,1,1,0,0,0,0,2,2,2,2,2,2,2,2,2,2,2,2
207265602,-4.8894435e-09,2.2817403e-08,0.0,0.0,0.0,0.0,0,1,1,0,0,0,0,2,2,2,2,2,2,2,2,2,2,2,2
207463120,-1.4901161e-08,-1.1175871e-08,-3.5390258e-08,0.0,0.0,-5.9604645e-08,0,1,1,0,0,0,0,2,2,2,2,2,2,2,2,2,2,2,2
207663122,-9.313226e-09,-1.3504177e-08,5.5879354e-08,0.0,0.0,-5.9604645e-08,0,1,1,0,0,0,0,2,2,2,2,2,2,2,2,2,2,2,2
207865599,1.7695129e-08,-6.9849193e-09,-5.2154064e-08,0.0,0.0,-5.9604645e-08,0,1,1,0,0,0,0,2,2,2,2,2,2,2,2,2,2,2,2
208061854,1.3038516e-08,-3.7252903e-09,-7.450581e-09,0.0,0.0,-5.9604645e-08,0,1,1,0,0,0,0,2,2,2,2,2,2,2,2,2,2,2,2
208263120,2.264278e-08,2.7939677e-09,0.0,0.0,0.0,0.0,0,1,1,0,0,0,0,2,2,2,2,2,2,2,2,2,2,2,2
208463123,-1.6763806e-08,-7.450581e-09,-4.4703484e-08,0.0,0.0,0.0,0,1,1,0,0,0,0,2,2,2,2,2,2,2,2,2,2,2,2
208666852,-7.916242e-09,3.259629e-08,7.450581e-09,0.0,0.0,-5.9604645e-08,0,1,1,0,0,0,0,2,2,2,2,2,2,2,2,2,2,2,2
208866851,-4.1211024e-08,6.2864274e-08,-7.450581e-09,0.0,0.0,-5.9604645e-08,0,1,1,0,0,0,0,2,2,2,2,2,2,2,2,2,2,2,2
209065601,2.7939677e-09,1.6763806e-08,-1.4901161e-08,0.0,0.0,0.0,0,1,1,0,0,0,0,2,2,2,2,2,2,2,2,2,2,2,2
209265608,-1.4901161e-08,-3.7252903e-09,2.7939677e-08,0.0,0.0,0.0,0,1,1,0,0,0,0,2,2,2,2,2,2,2,2,2,2,2,2
209466851,7.450581e-09,-1.8626451e-08,9.313226e-09,0.0,0.0,-5.9604645e-08,0,1,1,0,0,0,0,2,2,2,2,2,2,2,2,2,2,2,2
209663128,9.313226e-09,-1.5832484e-08,-7.450581e-09,0.0,0.0,0.0,0,1,1,0,0,0,0,2,2,2,2,2,2,2,2,2,2,2,2
209863123,-1.3038516e-08,-1.21071935e-08,-7.450581e-09,0.0,0.0,-5.9604645e-08,0,1,1,0,0,0,0,2,2,2,2,2,2,2,2,2,2,2,2
210065606,-1.7695129e-08,7.450581e-09,-1.8626451e-08,0.0,0.0,0.0,0,1,1,0,0,0,0,2,2,2,2,2,2,2,2,2,2,2,2
210266853,-7.450581e-09,2.0489097e-08,0.0,0.0,0.0,-5.9604645e-08,0,1,1,0,0,0,0,2,2,2,2,2,2,2,2,2,2,2,2
210466851,-2.0489097e-08,-1.3038516e-08,1.1175871e-08,0.0,0.0,0.0,0,1,1,0,0,0,0,2,2,2,2,2,2,2,2,2,2,2,2
210663130,2.6077032e-08,-4.0978193e-08,2.4214387e-08,0.0,0.0,5.9604645e-08,0,1,1,0,0,0,0,2,2,2,2,2,2,2,2,2,2,2,2
210863150,3.3527613e-08,-2.2351742e-08,3.7252903e-08,0.0,0.0,-5.9604645e-08,0,1,1,0,0,0,0,2,2,2,2,2,2,2,2,2,2,2,2
211263120,-1.6298145e-09,7.450581e-09,-1.3038516e-08,0.0,0.0,0.0,0,1,1,0,0,0,0,2,2,2,2,2,2,2,2,2,2,2,2
211463120,1.3038516e-08,3.7252903e-09,0.0,0.0,0.0,-5.9604645e-08,0,1,1,0,0,0,0,2,2,2,2,2,2,2,2,2,2,2,2
211661851,-6.9849193e-09,0.0,-3.3993274e-08,0.0,0.0,5.9604645e-08,0,1,1,0,0,0,0,2,2,2,2,2,2,2,2,2,2,2,2
211863123,-5.820766e-11,-2.6077032e-08,2.9802322e-08,0.0,0.0,0.0,0,1,1,0,0,0,0,2,2,2,2,2,2,2,2,2,2,2,2
212065603,3.7252903e-09,1.1175871e-08,1.4202669e-08,0.0,0.0,0.0,0,1,1,0,0,0,0,2,2,2,2,2,2,2,2,2,2,2,2
212261855,1.3038516e-08,1.1175871e-08,1.071021e-08,0.0,0.0,0.0,0,1,1,0,0,0,0,2,2,2,2,2,2,2,2,2,2,2,2
212464352,9.313226e-09,1.4901161e-08,-4.656613e-09,0.0,0.0,0.0,0,1,1,0,0,0,0,2,2,2,2,2,2,2,2,2,2,2,2
212663122,1.4901161e-08,-3.7252903e-08,-9.313226e-10,0.0,0.0,0.0,0,1,1,0,0,0,0,2,2,2,2,2,2,2,2,2,2,2,2
213063122,1.3038516e-08,7.450581e-09,2.3283064e-08,0.0,0.0,-5.9604645e-08,0,1,1,0,0,0,0,2,2,2,2,2,2,2,2,2,2,2,2
213266850,3.7252903e-09,2.2351742e-08,1.4901161e-08,0.0,0.0,0.0,0,1,1,0,0,0,0,2,2,2,2,2,2,2,2,2,2,2,2
213463121,1.8626451e-08,-3.3527613e-08,0.0,0.0,0.0,0.0,0,1,1,0,0,0,0,2,2,2,2,2,2,2,2,2,2,2,2
213663121,-1.4901161e-08,7.450581e-09,1.1175871e-08,0.0,0.0,0.0,0,1,1,0,0,0,0,2,2,2,2,2,2,2,2,2,2,2,2
213863123,-1.1175871e-08,7.450581e-09,0.0,0.0,0.0,0.0,0,1,1,0,0,0,0,2,2,2,2,2,2,2,2,2,2,2,2
214063131,2.2351742e-08,7.450581e-09,7.450581e-09,0.0,0.0,0.0,0,1,1,0,0,0,0,2,2,2,2,2,2,2,2,2,2,2,2
214263123,1.1175871e-08,-3.7252903e-09,-1.1175871e-08,0.0,0.0,5.9604645e-08,0,1,1,0,0,0,0,2,2,2,2,2,2,2,2,2,2,2,2
214463122,0.0,1.6763806e-08,2.2351742e-08,0.0,0.0,0.0,0,1,1,0,0,0,0,2,2,2,2,2,2,2,2,2,2,2,2
214666850,-7.450581e-09,1.8626451e-09,0.0,0.0,0.0,0.0,0,1,1,0,0,0,0,2,2,2,2,2,2,2,2,2,2,2,2
214863120,1.8626451e-08,7.450581e-09,7.450581e-09,0.0,0.0,0.0,0,1,1,0,0,0,0,2,2,2,2,2,2,2,2,2,2,2,2
215063125,-3.7252903e-09,-1.1175871e-08,3.7252903e-09,0.0,0.0,0.0,0,1,1,0,0,0,0,2,2,2,2,2,2,2,2,2,2,2,2
215266850,-9.313226e-09,0.0,-5.5879354e-09,0.0,0.0,5.9604645e-08,0,1,1,0,0,0,0,2,2,2,2,2,2,2,2,2,2,2,2
215463131,-1.8626451e-08,7.450581e-09,-1.4901161e-08,0.0,0.0,-5.9604645e-08,0,1,1,0,0,0,0,2,2,2,2,2,2,2,2,2,2,2,2
215663123,1.8626451e-08,0.0,3.7252903e-09,0.0,0.0,-5.9604645e-08,0,1,1,0,0,0,0,2,2,2,2,2,2,2,2,2,2,2,2
215865601,1.8626451e-09,1.4901161e-08,1.14087015e-08,0.0,0.0,0.0,0,1,1,0,0,0,0,2,2,2,2,2,2,2,2,2,2,2,2
216065602,1.4901161e-08,1.1175871e-08,8.8475645e-09,0.0,0.0,0.0,0,1,1,0,0,0,0,2,2,2,2,2,2,2,2,2,2,2,2
216263121,-1.1175871e-08,3.7252903e-09,2.142042e-08,0.0,0.0,0.0,0,1,1,0,0,0,0,2,2,2,2,2,2,2,2,2,2,2,2
216463120,-1.3038516e-08,1.8626451e-08,-7.450581e-09,0.0,0.0,0.0,0,1,1,0,0,0,0,2,2,2,2,2,2,2,2,2,2,2,2
216663120,1.8626451e-09,3.7252903e-09,9.313226e-09,0.0,0.0,-5.9604645e-08,0,1,1,0,0,0,0,2,2,2,2,2,2,2,2,2,2,2,2
216865607,-2.6077032e-08,-1.1175871e-08,-7.450581e-09,0.0,0.0,-5.9604645e-08,0,1,1,0,0,0,0,2,2,2,2,2,2,2,2,2,2,2,2
217066852,-1.3038516e-08,7.450581e-09,-3.9115548e-08,0.0,0.0,0.0,0,1,1,0,0,0,0,2,2,2,2,2,2,2,2,2,2,2,2
217265603,2.2351742e-08,0.0,7.450581e-09,0.0,0.0,0.0,0,1,1,0,0,0,0,2,2,2,2,2,2,2,2,2,2,2,2
217465600,0.0,0.0,-1.1175871e-08,0.0,0.0,-5.9604645e-08,0,1,1,0,0,0,0,2,2,2,2,2,2,2,2,2,2,2,2
217666851,3.5390258e-08,-1.4901161e-08,-9.313226e-09,0.0,0.0,-5.9604645e-08,0,1,1,0,0,0,0,2,2,2,2,2,2,2,2,2,2,2,2
217863120,-8.381903e-09,1.1175871e-08,-1.1175871e-08,0.0,0.0,5.9604645e-08,0,1,1,0,0,0,0,2,2,2,2,2,2,2,2,2,2,2,2
218065605,2.3557732e-08,-2.6077032e-08,4.0978193e-08,0.0,0.0,5.9604645e-08,0,1,1,0,0,0,0,2,2,2,2,2,2,2,2,2,2,2,2
218266852,1.5366822e-08,1.8626451e-08,-7.450581e-09,0.0,0.0,-5.9604645e-08,0,1,1,0,0,0,0,2,2,2,2,2,2,2,2,2,2,2,2
218466853,2.4214387e-08,-1.4901161e-08,-5.5879354e-09,0.0,0.0,0.0,0,1,1,0,0,0,0,2,2,2,2,2,2,2,2,2,2,2,2
218666851,-2.142042e-08,1.4901161e-08,-1.8626451e-09,0.0,0.0,0.0,0,1,1,0,0,0,0,2,2,2,2,2,2,2,2,2,2,2,2
218863123,-7.450581e-09,1.4901161e-08,-1.3038516e-08,0.0,0.0,-5.9604645e-08,0,1,1,0,0,0,0,2,2,2,2,2,2,2,2,2,2,2,2
219063123,2.3981556e-08,-1.4901161e-08,-2.3283064e-09,0.0,0.0,0.0,0,1,1,0,0,0,0,2,2,2,2,2,2,2,2,2,2,2,2
219263122,-1.4901161e-08,7.450581e-09,2.9802322e-08,0.0,0.0,0.0,0,1,1,0,0,0,0,2,2,2,2,2,2,2,2,2,2,2,2
219465600,-7.450581e-09,2.9802322e-08,-3.1664968e-08,0.0,0.0,-5.9604645e-08,0,1,1,0,0,0,0,2,2,2,2,2,2,2,2,2,2,2,2
219663128,-1.4901161e-08,1.4901161e-08,-1.1175871e-08,0.0,0.0,-5.9604645e-08,0,1,1,0,0,0,0,2,2,2,2,2,2,2,2,2,2,2,2
219863122,-2.6077032e-08,7.450581e-09,1.0244548e-08,0.0,0.0,0.0,0,1,1,0,0,0,0,2,2,2,2,2,2,2,2,2,2,2,2
220064358,2.0489097e-08,-7.450581e-09,-2.2351742e-08,0.0,0.0,0.0,0,1,1,0,0,0,0,2,2,2,2,2,2,2,2,2,2,2,2
220265601,9.313226e-09,-7.450581e-09,-1.3038516e-08,0.0,0.0,0.0,0,1,1,0,0,0,0,2,2,2,2,2,2,2,2,2,2,2,2
220463123,1.4901161e-08,7.450581e-09,-2.0489097e-08,0.0,0.0,0.0,0,1,1,0,0,0,0,2,2,2,2,2,2,2,2,2,2,2,2
220663123,-1.8626451e-09,7.450581e-09,-2.0314474e-08,0.0,0.0,0.0,0,1,1,0,0,0,0,2,2,2,2,2,2,2,2,2,2,2,2
221065603,-1.1175871e-08,-1.4901161e-08,-2.4214387e-08,0.0,0.0,0.0,0,1,1,0,0,0,0,2,2,2,2,2,2,2,2,2,2,2,2
221261853,2.7939677e-08,7.450581e-09,0.0,0.0,0.0,0.0,0,1,1,0,0,0,0,2,2,2,2,2,2,2,2,2,2,2,2
221465600,4.1909516e-09,-7.450581e-09,-3.7252903e-09,0.0,0.0,-5.9604645e-08,0,1,1,0,0,0,0,2,2,2,2,2,2,2,2,2,2,2,2
221665599,0.0,-7.450581e-09,4.0978193e-08,0.0,0.0,-5.9604645e-08,0,1,1,0,0,0,0,2,2,2,2,2,2,2,2,2,2,2,2
221865601,-1.1175871e-08,0.0,-3.7252903e-09,0.0,0.0,-5.9604645e-08,0,1,1,0,0,0,0,2,2,2,2,2,2,2,2,2,2,2,2
222066853,-1.4901161e-08,1.4901161e-08,3.7252903e-09,0.0,0.0,0.0,0,1,1,0,0,0,0,2,2,2,2,2,2,2,2,2,2,2,2
222264363,-3.7252903e-09,7.450581e-09,-7.450581e-09,0.0,0.0,-5.9604645e-08,0,1,1,0,0,0,0,2,2,2,2,2,2,2,2,2,2,2,2
222464352,1.8626451e-09,-1.8626451e-08,1.4901161e-08,0.0,0.0,-5.9604645e-08,0,1,1,0,0,0,0,2,2,2,2,2,2,2,2,2,2,2,2
222663122,-1.1175871e-08,1.4901161e-08,-7.450581e-09,0.0,0.0,-5.9604645e-08,0,1,1,0,0,0,0,2,2,2,2,2,2,2,2,2,2,2,2
222863120,1.8975697e-08,1.1175871e-08,0.0,0.0,0.0,-5.9604645e-08,0,1,1,0,0,0,0,2,2,2,2,2,2,2,2,2,2,2,2
223066858,4.1909516e-09,0.0,-1.6763806e-08,0.0,0.0,0.0,0,1,1,0,0,0,0,2,2,2,2,2,2,2,2,2,2,2,2
223265599,1.3038516e-08,-1.8626451e-08,-2.6077032e-08,0.0,0.0,5.9604645e-08,0,1,1,0,0,0,0,2,2,2,2,2,2,2,2,2,2,2,2
223461853,1.8626451e-09,0.0,0.0,0.0,0.0,0.0,0,1,1,0,0,0,0,2,2,2,2,2,2,2,2,2,2,2,2
223663120,1.5832484e-08,-1.4901161e-08,-1.4901161e-08,0.0,0.0,5.9604645e-08,0,1,1,0,0,0,0,2,2,2,2,2,2,2,2,2,2,2,2
223863122,-7.450581e-09,-1.1175871e-08,0.0,0.0,0.0,0.0,0,1,1,0,0,0,0,2,2,2,2,2,2,2,2,2,2,2,2
224064354,-1.3038516e-08,0.0,-2.2351742e-08,0.0,0.0,0.0,0,1,1,0,0,0,0,2,2,2,2,2,2,2,2,2,2,2,2
224263122,3.7252903e-09,1.8626451e-09,-1.8626451e-09,0.0,0.0,0.0,0,1,1,0,0,0,0,2,2,2,2,2,2,2,2,2,2,2,2
224463128,-3.7252903e-09,3.7252903e-09,3.9115548e-08,0.0,0.0,-5.9604645e-08,0,1,1,0,0,0,0,2,2,2,2,2,2,2,2,2,2,2,2
224664350,-3.259629e-09,3.7252903e-09,-4.656613e-10,0.0,0.0,0.0,0,1,1,0,0,0,0,2,2,2,2,2,2,2,2,2,2,2,2
224863127,-1.8626451e-08,7.450581e-09,-1.6763806e-08,0.0,0.0,0.0,0,1,1,0,0,0,0,2,2,2,2,2,2,2,2,2,2,2,2
225066855,-1.21071935e-08,1.4901161e-08,-1.071021e-08,0.0,0.0,0.0,0,1,1,0,0,0,0,2,2,2,2,2,2,2,2,2,2,2,2
225261854,-2.7939677e-09,-1.8626451e-08,5.5879354e-09,0.0,0.0,-5.9604645e-08,0,1,1,0,0,0,0,2,2,2,2,2,2,2,2,2,2,2,2
225463124,7.450581e-09,7.450581e-09,7.450581e-09,0.0,0.0,0.0,0,1,1,0,0,0,0,2,2,2,2,2,2,2,2,2,2,2,2
225665599,-1.4901161e-08,2.7939677e-09,-2.6077032e-08,0.0,0.0,-5.9604645e-08,0,1,1,0,0,0,0,2,2,2,2,2,2,2,2,2,2,2,2
225863129,7.450581e-09,-9.313226e-09,-7.450581e-09,0.0,0.0,0.0,0,1,1,0,0,0,0,2,2,2,2,2,2,2,2,2,2,2,2
226063122,-1.4901161e-08,-1.4901161e-08,-1.1175871e-08,0.0,0.0,0.0,0,1,1,0,0,0,0,2,2,2,2,2,2,2,2,2,2,2,2
226263126,-1.8626451e-08,3.3527613e-08,7.450581e-09,0.0,0.0,-5.9604645e-08,0,1,1,0,0,0,0,2,2,2,2,2,2,2,2,2,2,2,2
226461855,2.0489097e-08,-7.450581e-09,9.313226e-09,0.0,0.0,0.0,0,1,1,0,0,0,0,2,2,2,2,2,2,2,2,2,2,2,2
226663120,3.7252903e-08,-1.0244548e-08,4.0978193e-08,0.0,0.0,0.0,0,1,1,0,0,0,0,2,2,2,2,2,2,2,2,2,2,2,2
226863121,1.6763806e-08,-9.313226e-09,1.21071935e-08,0.0,0.0,0.0,0,1,1,0,0,0,0,2,2,2,2,2,2,2,2,2,2,2,2
227066853,-9.313226e-10,1.4901161e-08,1.816079e-08,0.0,0.0,0.0,0,1,1,0,0,0,0,2,2,2,2,2,2,2,2,2,2,2,2
227465600,1.8626451e-08,-7.450581e-09,2.0489097e-08,0.0,0.0,0.0,0,1,1,0,0,0,0,2,2,2,2,2,2,2,2,2,2,2,2
227665600,-1.4901161e-08,9.313226e-09,-3.7252903e-09,0.0,0.0,0.0,0,1,1,0,0,0,0,2,2,2,2,2,2,2,2,2,2,2,2
227863120,1.1175871e-08,-7.450581e-09,-1.5832484e-08,0.0,0.0,0.0,0,1,1,0,0,0,0,2,2,2,2,2,2,2,2,2,2,2,2
228066852,-2.0489097e-08,0.0,-3.3527613e-08,0.0,0.0,-5.9604645e-08,0,1,1,0,0,0,0,2,2,2,2,2,2,2,2,2,2,2,2
228263125,-9.313226e-09,0.0,1.4901161e-08,0.0,0.0,0.0,0,1,1,0,0,0,0,2,2,2,2,2,2,2,2,2,2,2,2
228466851,-1.21071935e-08,1.6763806e-08,2.2351742e-08,0.0,0.0,-5.9604645e-08,0,1,1,0,0,0,0,2,2,2,2,2,2,2,2,2,2,2,2
228663132,-1.7695129e-08,1.1175871e-08,-7.450581e-09,0.0,0.0,0.0,0,1,1,0,0,0,0,2,2,2,2,2,2,2,2,2,2,2,2
228861853,-7.450581e-09,-1.4901161e-08,-1.1175871e-08,0.0,0.0,0.0,0,1,1,0,0,0,0,2,2,2,2,2,2,2,2,2,2,2,2
229065602,2.9802322e-08,-1.4901161e-08,9.313226e-09,0.0,0.0,0.0,0,1,1,0,0,0,0,2,2,2,2,2,2,2,2,2,2,2,2
229261854,1.3969839e-08,1.8626451e-08,0.0,0.0,0.0,0.0,0,1,1,0,0,0,0,2,2,2,2,2,2,2,2,2,2,2,2
229463124,1.8626451e-09,1.3038516e-08,1.8626451e-08,0.0,0.0,0.0,0,1,1,0,0,0,0,2,2,2,2,2,2,2,2,2,2,2,2
229663123,-7.450581e-09,1.4901161e-08,-1.1175871e-08,0.0,0.0,-5.9604645e-08,0,1,1,0,0,0,0,2,2,2,2,2,2,2,2,2,2,2,2
229865600,-1.4901161e-08,2.2351742e-08,-1.8626451e-09,0.0,0.0,0.0,0,1,1,0,0,0,0,2,2,2,2,2,2,2,2,2,2,2,2
230065603,0.0,0.0,-5.5879354e-09,0.0,0.0,-5.9604645e-08,0,1,1,0,0,0,0,2,2,2,2,2,2,2,2,2,2,2,2
230265600,-1.6298145e-09,7.450581e-09,-4.4703484e-08,0.0,0.0,0.0,0,1,1,0,0,0,0,2,2,2,2,2,2,2,2,2,2,2,2
230466860,-4.656613e-09,-1.4901161e-08,1.9557774e-08,0.0,0.0,5.9604645e-08,0,1,1,0,0,0,0,2,2,2,2,2,2,2,2,2,2,2,2
230663157,-2.4214387e-08,3.3527613e-08,-2.3050234e-08,0.0,0.0,0.0,0,1,1,0,0,0,0,2,2,2,2,2,2,2,2,2,2,2,2
230863121,-1.4901161e-08,3.7252903e-09,3.8184226e-08,0.0,0.0,-5.9604645e-08,0,1,1,0,0,0,0,2,2,2,2,2,2,2,2,2,2,2,2
231065611,0.0,-1.8626451e-08,1.5832484e-08,0.0,0.0,-5.9604645e-08,0,1,1,0,0,0,0,2,2,2,2,2,2,2,2,2,2,2,2
231263124,-1.5541445e-08,-2.2351742e-08,-2.6775524e-08,0.0,0.0,5.9604645e-08,0,1,1,0,0,0,0,2,2,2,2,2,2,2,2,2,2,2,2
231463121,-3.259629e-09,7.450581e-09,-2.0489097e-08,0.0,0.0,-5.9604645e-08,0,1,1,0,0,0,0,2,2,2,2,2,2,2,2,2,2,2,2
231665602,-2.2351742e-08,1.1175871e-08,-2.2817403e-08,0.0,0.0,-5.9604645e-08,0,1,1,0,0,0,0,2,2,2,2,2,2,2,2,2,2,2,2
231863124,7.450581e-09,-7.450581e-09,-5.122274e-09,0.0,0.0,-5.9604645e-08,0,1,1,0,0,0,0,2,2,2,2,2,2,2,2,2,2,2,2
232066853,1.4901161e-08,-3.7252903e-09,3.213063e-08,0.0,0.0,0.0,0,1,1,0,0,0,0,2,2,2,2,2,2,2,2,2,2,2,2
232266856,-1.1175871e-08,4.0978193e-08,-1.1175871e-08,0.0,0.0,0.0,0,1,1,0,0,0,0,2,2,2,2,2,2,2,2,2,2,2,2
232466851,-1.4901161e-08,3.7252903e-08,7.450581e-09,0.0,0.0,0.0,0,1,1,0,0,0,0,2,2,2,2,2,2,2,2,2,2,2,2
232665601,-1.4901161e-08,2.9802322e-08,-1.8626451e-08,0.0,0.0,-5.9604645e-08,0,1,1,0,0,0,0,2,2,2,2,2,2,2,2,2,2,2,2
232863120,-1.8626451e-08,0.0,-2.910383e-09,0.0,0.0,0.0,0,1,1,0,0,0,0,2,2,2,2,2,2,2,2,2,2,2,2
233063122,2.8871e-08,-2.0489097e-08,-1.3969839e-08,0.0,0.0,-5.9604645e-08,0,1,1,0,0,0,0,2,2,2,2,2,2,2,2,2,2,2,2
233261852,2.7939677e-09,-2.9802322e-08,1.3038516e-08,0.0,0.0,0.0,0,1,1,0,0,0,0,2,2,2,2,2,2,2,2,2,2,2,2
233466851,-1.0244548e-08,2.6077032e-08,1.8626451e-08,0.0,0.0,-5.9604645e-08,0,1,1,0,0,0,0,2,2,2,2,2,2,2,2,2,2,2,2
233665601,-3.3527613e-08,1.8626451e-08,-1.8626451e-08,0.0,0.0,-5.9604645e-08,0,1,1,0,0,0,0,2,2,2,2,2,2,2,2,2,2,2,2
233861850,-5.5879354e-09,0.0,-3.1664968e-08,0.0,0.0,0.0,0,1,1,0,0,0,0,2,2,2,2,2,2,2,2,2,2,2,2
234265601,-1.4901161e-08,-1.1175871e-08,3.5390258e-08,0.0,0.0,0.0,0,1,1,0,0,0,0,2,2,2,2,2,2,2,2,2,2,2,2
234861856,-3.7252903e-09,1.4901161e-08,-2.0489097e-08,0.0,0.0,0.0,0,1,1,0,0,0,0,2,2,2,2,2,2,2,2,2,2,2,2
235063122,2.0489097e-08,0.0,-1.3038516e-08,0.0,0.0,0.0,0,1,1,0,0,0,0,2,2,2,2,2,2,2,2,2,2,2,2
235263121,-7.916242e-09,5.5879354e-09,-8.6729415e-09,0.0,0.0,0.0,0,1,1,0,0,0,0,2,2,2,2,2,2,2,2,2,2,2,2
235461854,-3.1664968e-08,9.313226e-09,2.6542693e-08,0.0,0.0,-5.9604645e-08,0,1,1,0,0,0,0,2,2,2,2,2,2,2,2,2,2,2,2
235661853,7.450581e-09,-5.5879354e-09,3.1664968e-08,0.0,0.0,0.0,0,1,1,0,0,0,0,2,2,2,2,2,2,2,2,2,2,2,2
235865601,0.0,7.450581e-09,-3.7252903e-09,0.0,0.0,0.0,0,1,1,0,0,0,0,2,2,2,2,2,2,2,2,2,2,2,2
236063124,1.4901161e-08,3.7252903e-09,3.7252903e-09,0.0,0.0,0.0,0,1,1,0,0,0,0,2,2,2,2,2,2,2,2,2,2,2,2
236261861,-1.44355e-08,-1.4901161e-08,1.4901161e-08,0.0,0.0,0.0,0,1,1,0,0,0,0,2,2,2,2,2,2,2,2,2,2,2,2
236463123,-2.3283064e-09,2.9802322e-08,1.5832484e-08,0.0,0.0,0.0,0,1,1,0,0,0,0,2,2,2,2,2,2,2,2,2,2,2,2
236665601,-1.1175871e-08,0.0,-1.071021e-08,0.0,0.0,-5.9604645e-08,0,1,1,0,0,0,0,2,2,2,2,2,2,2,2,2,2,2,2
236865601,0.0,-1.4901161e-08,-1.8626451e-08,0.0,0.0,-5.9604645e-08,0,1,1,0,0,0,0,2,2,2,2,2,2,2,2,2,2,2,2
237063128,2.6077032e-08,-7.450581e-09,2.4912879e-08,0.0,0.0,0.0,0,1,1,0,0,0,0,2,2,2,2,2,2,2,2,2,2,2,2
237265599,-1.1175871e-08,-3.7252903e-09,-1.0244548e-08,0.0,0.0,-5.9604645e-08,0,1,1,0,0,0,0,2,2,2,2,2,2,2,2,2,2,2,2
237463122,-1.1175871e-08,0.0,0.0,0.0,0.0,-5.9604645e-08,0,1,1,0,0,0,0,2,2,2,2,2,2,2,2,2,2,2,2
237861854,1.8626451e-08,-1.4901161e-08,3.7252903e-09,0.0,0.0,0.0,0,1,1,0,0,0,0,2,2,2,2,2,2,2,2,2,2,2,2
238065603,2.6077032e-08,-1.0244548e-08,7.450581e-09,0.0,0.0,0.0,0,1,1,0,0,0,0,2,2,2,2,2,2,2,2,2,2,2,2
238265608,9.313226e-09,-2.4214387e-08,0.0,0.0,0.0,-5.9604645e-08,0,1,1,0,0,0,0,2,2,2,2,2,2,2,2,2,2,2,2
238463120,1.3038516e-08,-2.0489097e-08,3.3527613e-08,0.0,0.0,0.0,0,1,1,0,0,0,0,2,2,2,2,2,2,2,2,2,2,2,2
238663123,-2.2351742e-08,7.450581e-09,2.6077032e-08,0.0,0.0,-5.9604645e-08,0,1,1,0,0,0,0,2,2,2,2,2,2,2,2,2,2,2,2
238865599,-1.1175871e-08,3.7252903e-09,-2.2351742e-08,0.0,0.0,0.0,0,1,1,0,0,0,0,2,2,2,2,2,2,2,2,2,2,2,2
239063125,3.259629e-08,7.450581e-09,2.3283064e-08,0.0,0.0,0.0,0,1,1,0,0,0,0,2,2,2,2,2,2,2,2,2,2,2,2
239266851,1.1175871e-08,-4.0978193e-08,0.0,0.0,0.0,0.0,0,1,1,0,0,0,0,2,2,2,2,2,2,2,2,2,2,2,2
239466853,0.0,1.1175871e-08,-1.8626451e-09,0.0,0.0,-5.9604645e-08,0,1,1,0,0,0,0,2,2,2,2,2,2,2,2,2,2,2,2
239665599,4.1909516e-09,-7.450581e-09,1.5832484e-08,0.0,0.0,0.0,0,1,1,0,0,0,0,2,2,2,2,2,2,2,2,2,2,2,2
239864353,-3.7252903e-09,-1.8626451e-09,-6.7520887e-09,0.0,0.0,0.0,0,1,1,0,0,0,0,2,2,2,2,2,2,2,2,2,2,2,2
240066853,1.4901161e-08,8.381903e-09,2.6542693e-08,0.0,0.0,0.0,0,1,1,0,0,0,0,2,2,2,2,2,2,2,2,2,2,2,2
240263126,0.0,-1.3969839e-08,2.8405339e-08,0.0,0.0,-5.9604645e-08,0,1,1,0,0,0,0,2,2,2,2,2,2,2,2,2,2,2,2
240465608,1.3038516e-08,-6.9849193e-09,-4.4237822e-09,0.0,0.0,0.0,0,1,1,0,0,0,0,2,2,2,2,2,2,2,2,2,2,2,2
240666857,1.3038516e-08,-2.2351742e-08,-2.2118911e-08,0.0,0.0,0.0,0,1,1,0,0,0,0,2,2,2,2,2,2,2,2,2,2,2,2
240865600,0.0,1.1175871e-08,-1.0244548e-08,0.0,0.0,-5.9604645e-08,0,1,1,0,0,0,0,2,2,2,2,2,2,2,2,2,2,2,2
241061859,-3.7252903e-09,-7.450581e-09,1.17579475e-08,0.0,0.0,0.0,0,1,1,0,0,0,0,2,2,2,2,2,2,2,2,2,2,2,2
241266851,-1.8626451e-08,-1.4901161e-08,-1.5133992e-08,0.0,0.0,0.0,0,1,1,0,0,0,0,2,2,2,2,2,2,2,2,2,2,2,2
241463122,-2.6077032e-08,1.4901161e-08,-2.0954758e-09,0.0,0.0,-5.9604645e-08,0,1,1,0,0,0,0,2,2,2,2,2,2,2,2,2,2,2,2
241661853,9.778887e-09,-2.9802322e-08,-1.8626451e-09,0.0,0.0,0.0,0,1,1,0,0,0,0,2,2,2,2,2,2,2,2,2,2,2,2
241866852,8.381903e-09,-1.4901161e-08,-7.450581e-09,0.0,0.0,-5.9604645e-08,0,1,1,0,0,0,0,2,2,2,2,2,2,2,2,2,2,2,2
242064351,-3.7252903e-09,0.0,-1.6763806e-08,0.0,0.0,0.0,0,1,1,0,0,0,0,2,2,2,2,2,2,2,2,2,2,2,2
242265600,6.4028427e-09,2.2351742e-08,-7.450581e-09,0.0,0.0,-5.9604645e-08,0,1,1,0,0,0,0,2,2,2,2,2,2,2,2,2,2,2,2
242666852,2.3748726e-08,-1.1175871e-08,-1.8626451e-09,0.0,0.0,0.0,0,1,1,0,0,0,0,2,2,2,2,2,2,2,2,2,2,2,2
242863120,1.3969839e-09,-2.0489097e-08,-4.004687e-08,0.0,0.0,0.0,0,1,1,0,0,0,0,2,2,2,2,2,2,2,2,2,2,2,2
243065601,3.1664968e-08,-1.8626451e-09,-6.2864274e-09,0.0,0.0,-5.9604645e-08,0,1,1,0,0,0,0,2,2,2,2,2,2,2,2,2,2,2,2
243265603,-1.1175871e-08,-4.0978193e-08,-3.7252903e-09,0.0,0.0,0.0,0,1,1,0,0,0,0,2,2,2,2,2,2,2,2,2,2,2,2
243463120,2.363231e-08,1.4901161e-08,7.450581e-09,0.0,0.0,0.0,0,1,1,0,0,0,0,2,2,2,2,2,2,2,2,2,2,2,2
243663123,1.1175871e-08,-3.7252903e-09,2.6077032e-08,0.0,0.0,0.0,0,1,1,0,0,0,0,2,2,2,2,2,2,2,2,2,2,2,2
243863149,1.4901161e-08,7.450581e-09,1.8626451e-09,0.0,0.0,-5.9604645e-08,0,1,1,0,0,0,0,2,2,2,2,2,2,2,2,2,2,2,2
244064354,3.7252903e-09,-1.8626451e-08,-7.450581e-09,0.0,0.0,0.0,0,1,1,0,0,0,0,2,2,2,2,2,2,2,2,2,2,2,2
244263123,0.0,-2.9802322e-08,-9.313226e-09,0.0,0.0,0.0,0,1,1,0,0,0,0,2,2,2,2,2,2,2,2,2,2,2,2
244461854,7.450581e-09,-7.450581e-09,-2.2351742e-08,0.0,0.0,0.0,0,1,1,0,0,0,0,2,2,2,2,2,2,2,2,2,2,2,2
244663120,-3.7252903e-09,1.1175871e-08,5.5879354e-09,0.0,0.0,-5.9604645e-08,0,1,1,0,0,0,0,2,2,2,2,2,2,2,2,2,2,2,2
244866854,3.7252903e-09,-1.1175871e-08,1.1175871e-08,0.0,0.0,0.0,0,1,1,0,0,0,0,2,2,2,2,2,2,2,2,2,2,2,2
245061852,-1.8626451e-08,2.2351742e-08,3.7252903e-09,0.0,0.0,0.0,0,1,1,0,0,0,0,2,2,2,2,2,2,2,2,2,2,2,2
245263123,-7.450581e-09,0.0,-3.5390258e-08,0.0,0.0,-1.1920929e-07,0,1,1,0,0,0,0,2,2,2,2,2,2,2,2,2,2,2,2
245664588,1.8626451e-08,-1.4901161e-08,-1.0244548e-08,0.0,0.0,0.0,0,1,1,0,0,0,0,2,2,2,2,2,2,2,2,2,2,2,2
245865601,-2.2351742e-08,3.7252903e-09,1.8626451e-08,0.0,0.0,-1.1920929e-07,0,1,1,0,0,0,0,2,2,2,2,2,2,2,2,2,2,2,2
246065602,3.7252903e-09,1.1175871e-08,-1.4901161e-08,0.0,0.0,-5.9604645e-08,0,1,1,0,0,0,0,2,2,2,2,2,2,2,2,2,2,2,2
246265601,0.0,1.8626451e-09,-5.5879354e-09,0.0,0.0,-5.9604645e-08,0,1,1,0,0,0,0,2,2,2,2,2,2,2,2,2,2,2,2
246461853,1.8626451e-08,-1.8626451e-08,-1.8626451e-08,0.0,0.0,0.0,0,1,1,0,0,0,0,2,2,2,2,2,2,2,2,2,2,2,2
246666851,0.0,3.7252903e-09,3.9115548e-08,0.0,0.0,-1.1920929e-07,0,1,1,0,0,0,0,2,2,2,2,2,2,2,2,2,2,2,2
246865601,-9.313226e-09,1.6763806e-08,4.0978193e-08,0.0,0.0,0.0,0,1,1,0,0,0,0,2,2,2,2,2,2,2,2,2,2,2,2
247065601,1.1175871e-08,1.4901161e-08,1.4784746e-08,0.0,0.0,0.0,0,1,1,0,0,0,0,2,2,2,2,2,2,2,2,2,2,2,2
247463120,9.313226e-09,1.8626451e-08,-4.773028e-09,0.0,0.0,0.0,0,1,1,0,0,0,0,2,2,2,2,2,2,2,2,2,2,2,2
247665601,1.4901161e-08,3.4924597e-09,-1.8626451e-09,0.0,0.0,0.0,0,1,1,0,0,0,0,2,2,2,2,2,2,2,2,2,2,2,2
247863128,2.2351742e-08,6.0535967e-09,2.7939677e-08,0.0,0.0,-5.9604645e-08,0,1,1,0,0,0,0,2,2,2,2,2,2,2,2,2,2,2,2
248066855,1.8626451e-08,-9.313226e-10,-4.004687e-08,0.0,0.0,-5.9604645e-08,0,1,1,0,0,0,0,2,2,2,2,2,2,2,2,2,2,2,2
248263121,9.313226e-09,-2.4214387e-08,2.3283064e-08,0.0,0.0,0.0,0,1,1,0,0,0,0,2,2,2,2,2,2,2,2,2,2,2,2
248465602,7.450581e-09,-2.6775524e-09,1.07247615e-08,0.0,0.0,0.0,0,1,1,0,0,0,0,2,2,2,2,2,2,2,2,2,2,2,2
248664357,-6.519258e-09,-1.4901161e-08,3.3527613e-08,0.0,0.0,0.0,0,1,1,0,0,0,0,2,2,2,2,2,2,2,2,2,2,2,2
248865600,9.313226e-09,1.21071935e-08,2.9802322e-08,0.0,0.0,0.0,0,1,1,0,0,0,0,2,2,2,2,2,2,2,2,2,2,2,2
249263130,2.9802322e-08,-1.6763806e-08,-3.9115548e-08,0.0,0.0,-5.9604645e-08,0,1,1,0,0,0,0,2,2,2,2,2,2,2,2,2,2,2,2
249465601,-7.450581e-09,0.0,9.313226e-09,0.0,0.0,0.0,0,1,1,0,0,0,0,2,2,2,2,2,2,2,2,2,2,2,2
249666853,-8.381903e-09,1.1175871e-08,-7.450581e-09,0.0,0.0,-5.9604645e-08,0,1,1,0,0,0,0,2,2,2,2,2,2,2,2,2,2,2,2
249865602,-7.450581e-09,-7.450581e-09,1.21071935e-08,0.0,0.0,0.0,0,1,1,0,0,0,0,2,2,2,2,2,2,2,2,2,2,2,2
250065603,-1.4901161e-08,1.4901161e-08,-2.9802322e-08,0.0,0.0,0.0,0,1,1,0,0,0,0,2,2,2,2,2,2,2,2,2,2,2,2
250263122,7.450581e-09,-1.3038516e-08,-1.4901161e-08,0.0,0.0,0.0,0,1,1,0,0,0,0,2,2,2,2,2,2,2,2,2,2,2,2
250465601,-1.1175871e-08,0.0,-3.7252903e-09,0.0,0.0,0.0,0,1,1,0,0,0,0,2,2,2,2,2,2,2,2,2,2,2,2
250661860,2.9802322e-08,-1.8626451e-08,-4.284084e-08,0.0,0.0,5.9604645e-08,0,1,1,0,0,0,0,2,2,2,2,2,2,2,2,2,2,2,2
250866851,-9.313226e-09,0.0,1.4901161e-08,0.0,0.0,-5.9604645e-08,0,1,1,0,0,0,0,2,2,2,2,2,2,2,2,2,2,2,2
251061855,7.450581e-09,1.1175871e-08,-7.450581e-09,0.0,0.0,0.0,0,1,1,0,0,0,0,2,2,2,2,2,2,2,2,2,2,2,2
251266858,1.1175871e-08,1.8626451e-08,3.7252903e-09,0.0,0.0,0.0,0,1,1,0,0,0,0,2,2,2,2,2,2,2,2,2,2,2,2
251465600,-2.0489097e-08,0.0,9.313226e-09,0.0,0.0,-5.9604645e-08,0,1,1,0,0,0,0,2,2,2,2,2,2,2,2,2,2,2,2
251665602,1.9557774e-08,7.450581e-09,2.7939677e-08,0.0,0.0,0.0,0,1,1,0,0,0,0,2,2,2,2,2,2,2,2,2,2,2,2
251863123,0.0,1.4901161e-08,3.7252903e-09,0.0,0.0,-5.9604645e-08,0,1,1,0,0,0,0,2,2,2,2,2,2,2,2,2,2,2,2
252065603,1.21071935e-08,7.450581e-09,2.6077032e-08,0.0,0.0,-5.9604645e-08,0,1,1,0,0,0,0,2,2,2,2,2,2,2,2,2,2,2,2
252263122,5.5879354e-09,-1.8626451e-08,2.4912879e-08,0.0,0.0,0.0,0,1,1,0,0,0,0,2,2,2,2,2,2,2,2,2,2,2,2
252466852,4.1909516e-08,-3.7252903e-09,-2.4214387e-08,0.0,0.0,0.0,0,1,1,0,0,0,0,2,2,2,2,2,2,2,2,2,2,2,2
252665601,1.5832484e-08,-3.7252903e-09,2.1536835e-08,0.0,0.0,0.0,0,1,1,0,0,0,0,2,2,2,2,2,2,2,2,2,2,2,2
252861853,-2.9802322e-08,1.4901161e-08,-3.1199306e-08,0.0,0.0,-5.9604645e-08,0,1,1,0,0,0,0,2,2,2,2,2,2,2,2,2,2,2,2
253063122,1.4202669e-08,-3.7252903e-09,3.259629e-08,0.0,0.0,0.0,0,1,1,0,0,0,0,2,2,2,2,2,2,2,2,2,2,2,2
253261853,3.4458935e-08,3.7252903e-09,1.4901161e-08,0.0,0.0,-5.9604645e-08,0,1,1,0,0,0,0,2,2,2,2,2,2,2,2,2,2,2,2
253463120,-2.7939677e-09,0.0,-2.2351742e-08,0.0,0.0,0.0,0,1,1,0,0,0,0,2,2,2,2,2,2,2,2,2,2,2,2
253661851,-1.6763806e-08,7.450581e-09,7.450581e-09,0.0,0.0,-5.9604645e-08,0,1,1,0,0,0,0,2,2,2,2,2,2,2,2,2,2,2,2
253865601,7.450581e-09,-1.8626451e-08,-3.7252903e-09,0.0,0.0,-5.9604645e-08,0,1,1,0,0,0,0,2,2,2,2,2,2,2,2,2,2,2,2
254061856,8.381903e-09,7.450581e-09,3.7252903e-08,0.0,0.0,0.0,0,1,1,0,0,0,0,2,2,2,2,2,2,2,2,2,2,2,2
254265601,-3.4924597e-09,-7.450581e-09,0.0,0.0,0.0,0.0,0,1,1,0,0,0,0,2,2,2,2,2,2,2,2,2,2,2,2
254461852,-1.8626451e-09,2.2351742e-08,2.0489097e-08,0.0,0.0,0.0,0,1,1,0,0,0,0,2,2,2,2,2,2,2,2,2,2,2,2
254665599,-3.7485734e-08,7.450581e-09,2.7939677e-08,0.0,0.0,0.0,0,1,1,0,0,0,0,2,2,2,2,2,2,2,2,2,2,2,2
254866851,-1.21071935e-08,2.2351742e-08,1.1175871e-08,0.0,0.0,-5.9604645e-08,0,1,1,0,0,0,0,2,2,2,2,2,2,2,2,2,2,2,2
255061855,-2.0023435e-08,7.450581e-09,-9.313226e-09,0.0,0.0,-5.9604645e-08,0,1,1,0,0,0,0,2,2,2,2,2,2,2,2,2,2,2,2
255261853,-1.8626451e-08,0.0,1.6472768e-08,0.0,0.0,-5.9604645e-08,0,1,1,0,0,0,0,2,2,2,2,2,2,2,2,2,2,2,2
255463120,-1.8626451e-08,7.450581e-09,7.916242e-09,0.0,0.0,0.0,0,1,1,0,0,0,0,2,2,2,2,2,2,2,2,2,2,2,2
255663122,1.1641532e-09,-1.4901161e-08,7.450581e-09,0.0,0.0,0.0,0,1,1,0,0,0,0,2,2,2,2,2,2,2,2,2,2,2,2
255863120,7.450581e-09,-2.9802322e-08,1.0244548e-08,0.0,0.0,-5.9604645e-08,0,1,1,0,0,0,0,2,2,2,2,2,2,2,2,2,2,2,2
256061854,0.0,-1.1175871e-08,-2.7939677e-09,0.0,0.0,0.0,0,1,1,0,0,0,0,2,2,2,2,2,2,2,2,2,2,2,2
256263123,-3.7252903e-09,-7.450581e-09,1.7229468e-08,0.0,0.0,0.0,0,1,1,0,0,0,0,2,2,2,2,2,2,2,2,2,2,2,2
256463121,2.3283064e-09,7.450581e-09,-1.8626451e-09,0.0,0.0,0.0,0,1,1,0,0,0,0,2,2,2,2,2,2,2,2,2,2,2,2
257261851,3.5390258e-08,-1.4901161e-08,3.3527613e-08,0.0,0.0,0.0,0,1,1,0,0,0,0,2,2,2,2,2,2,2,2,2,2,2,2
257466852,-7.450581e-09,2.2351742e-08,1.1175871e-08,0.0,0.0,0.0,0,1,1,0,0,0,0,2,2,2,2,2,2,2,2,2,2,2,2
257663122,-3.7252903e-09,4.0978193e-08,-1.4901161e-08,0.0,0.0,-5.9604645e-08,0,1,1,0,0,0,0,2,2,2,2,2,2,2,2,2,2,2,2
257866852,2.9802322e-08,7.450581e-09,-1.8626451e-08,0.0,0.0,-0.038594425,0,1,0,0,0,0,2,2,2,2,2,2,2,2,2,2,2,2,2
258061852,-3.7252903e-09,-1.1175871e-08,2.2351742e-08,0.0,0.0,-5.9604645e-08,0,1,1,0,0,0,0,2,2,2,2,2,2,2,2,2,2,2,2
258266850,1.2805685e-08,7.450581e-09,2.0489097e-08,0.0,0.0,-5.9604645e-08,0,1,1,0,0,0,0,2,2,2,2,2,2,2,2,2,2,2,2
258463114,2.2351742e-08,-1.1175871e-08,1.641456e-08,0.0,0.0,0.0,0,1,1,0,0,0,0,2,2,2,2,2,2,2,2,2,2,2,2
258663121,-5.5879354e-09,3.7252903e-09,-3.7252903e-09,0.0,0.0,0.0,0,1,1,0,0,0,0,2,2,2,2,2,2,2,2,2,2,2,2
258861856,9.313226e-09,-1.1175871e-08,8.381903e-09,0.0,0.0,0.0,0,1,1,0,0,0,0,2,2,2,2,2,2,2,2,2,2,2,2
259063123,3.259629e-09,-7.450581e-09,6.1118044e-09,0.0,0.0,0.0,0,1,1,0,0,0,0,2,2,2,2,2,2,2,2,2,2,2,2
259263121,2.7939677e-08,-7.450581e-09,2.2351742e-08,0.0,0.0,0.0,0,1,1,0,0,0,0,2,2,2,2,2,2,2,2,2,2,2,2
259465607,1.3969839e-08,-2.2351742e-08,3.0733645e-08,0.0,0.0,-5.9604645e-08,0,1,1,0,0,0,0,2,2,2,2,2,2,2,2,2,2,2,2
259663120,-1.8626451e-09,7.450581e-09,2.4214387e-08,0.0,0.0,0.0,0,1,1,0,0,0,0,2,2,2,2,2,2,2,2,2,2,2,2
259863123,-3.7252903e-09,1.1175871e-08,1.1175871e-08,0.0,0.0,0.0,0,1,1,0,0,0,0,2,2,2,2,2,2,2,2,2,2,2,2
260066856,9.313226e-09,1.1175871e-08,-9.313226e-09,0.0,0.0,0.0,0,1,1,0,0,0,0,2,2,2,2,2,2,2,2,2,2,2,2
260265602,-2.0489097e-08,2.6077032e-08,7.450581e-09,0.0,0.0,0.0,0,1,1,0,0,0,0,2,2,2,2,2,2,2,2,2,2,2,2
260463123,0.0,-1.4901161e-08,1.8626451e-08,0.0,0.0,-5.9604645e-08,0,1,1,0,0,0,0,2,2,2,2,2,2,2,2,2,2,2,2
260666850,-7.450581e-09,-1.1175871e-08,5.5879354e-09,0.0,0.0,0.0,0,1,1,0,0,0,0,2,2,2,2,2,2,2,2,2,2,2,2
260863364,7.450581e-09,-3.7252903e-09,-1.1175871e-08,0.0,0.0,0.0,0,1,1,0,0,0,0,2,2,2,2,2,2,2,2,2,2,2,2
261063120,3.7252903e-09,3.7252903e-09,1.1918019e-08,0.0,0.0,0.0,0,1,1,0,0,0,0,2,2,2,2,2,2,2,2,2,2,2,2
261263123,1.4901161e-08,1.8626451e-09,8.381903e-09,0.0,0.0,5.9604645e-08,0,1,1,0,0,0,0,2,2,2,2,2,2,2,2,2,2,2,2
261863122,-1.8626451e-08,-1.3038516e-08,-1.9557774e-08,0.0,0.0,0.0,0,1,1,0,0,0,0,2,2,2,2,2,2,2,2,2,2,2,2
262065604,2.2351742e-08,1.3038516e-08,-3.9115548e-08,0.0,0.0,0.0,0,1,1,0,0,0,0,2,2,2,2,2,2,2,2,2,2,2,2
262263122,7.450581e-09,-3.7252903e-09,-2.2351742e-08,0.0,0.0,0.0,0,1,1,0,0,0,0,2,2,2,2,2,2,2,2,2,2,2,2
262465601,3.7252903e-09,3.7252903e-09,3.7252903e-08,0.0,0.0,0.0,0,1,1,0,0,0,0,2,2,2,2,2,2,2,2,2,2,2,2
262663121,1.4901161e-08,-1.1175871e-08,-3.7252903e-09,0.0,0.0,0.0,0,1,1,0,0,0,0,2,2,2,2,2,2,2,2,2,2,2,2
262864352,-1.1175871e-08,-7.450581e-09,2.7939677e-08,0.0,0.0,-5.9604645e-08,0,1,1,0,0,0,0,2,2,2,2,2,2,2,2,2,2,2,2
263063127,0.0,-3.7252903e-09,1.4901161e-08,0.0,0.0,0.0,0,1,1,0,0,0,0,2,2,2,2,2,2,2,2,2,2,2,2
263265600,-3.7252903e-09,3.7252903e-09,1.8626451e-08,0.0,0.0,-5.9604645e-08,0,1,1,0,0,0,0,2,2,2,2,2,2,2,2,2,2,2,2
263463121,3.7252903e-09,-1.8626451e-08,-3.7252903e-09,0.0,0.0,0.0,0,1,1,0,0,0,0,2,2,2,2,2,2,2,2,2,2,2,2
263663151,6.519258e-09,0.0,-2.9802322e-08,0.0,0.0,0.0,0,1,1,0,0,0,0,2,2,2,2,2,2,2,2,2,2,2,2
263861855,3.7252903e-09,-3.7252903e-09,-1.4901161e-08,0.0,0.0,-5.9604645e-08,0,1,1,0,0,0,0,2,2,2,2,2,2,2,2,2,2,2,2
264066854,-3.7252903e-09,2.0489097e-08,2.9802322e-08,0.0,0.0,0.0,0,1,1,0,0,0,0,2,2,2,2,2,2,2,2,2,2,2,2
264265601,0.0,-1.8626451e-08,-1.6763806e-08,0.0,0.0,0.0,0,1,1,0,0,0,0,2,2,2,2,2,2,2,2,2,2,2,2
264464352,2.6775524e-09,-2.2351742e-08,3.2770913e-08,0.0,0.0,0.0,0,1,1,0,0,0,0,2,2,2,2,2,2,2,2,2,2,2,2
264665601,-1.3038516e-08,1.4901161e-08,2.0721927e-08,0.0,0.0,0.0,0,1,1,0,0,0,0,2,2,2,2,2,2,2,2,2,2,2,2
264866860,0.0,3.7252903e-09,1.6763806e-08,0.0,0.0,-5.9604645e-08,0,1,1,0,0,0,0,2,2,2,2,2,2,2,2,2,2,2,2
265066852,1.3038516e-08,0.0,-2.9802322e-08,0.0,0.0,5.9604645e-08,0,1,1,0,0,0,0,2,2,2,2,2,2,2,2,2,2,2,2
265266851,1.9557774e-08,-2.2351742e-08,5.5879354e-09,0.0,0.0,-5.9604645e-08,0,1,1,0,0,0,0,2,2,2,2,2,2,2,2,2,2,2,2
265464351,1.8626451e-09,0.0,8.381903e-09,0.0,0.0,0.0,0,1,1,0,0,0,0,2,2,2,2,2,2,2,2,2,2,2,2
265663120,9.313226e-10,1.1175871e-08,-9.313226e-09,0.0,0.0,-5.9604645e-08,0,1,1,0,0,0,0,2,2,2,2,2,2,2,2,2,2,2,2
265863120,-1.5832484e-08,-2.2351742e-08,1.4901161e-08,0.0,0.0,0.0,0,1,1,0,0,0,0,2,2,2,2,2,2,2,2,2,2,2,2
266063121,-1.3038516e-08,0.0,4.656613e-09,0.0,0.0,0.0,0,1,1,0,0,0,0,2,2,2,2,2,2,2,2,2,2,2,2
266265601,-6.519258e-09,0.0,-5.5879354e-09,0.0,0.0,0.0,0,1,1,0,0,0,0,2,2,2,2,2,2,2,2,2,2,2,2
266466850,-1.3038516e-08,3.7252903e-09,4.0978193e-08,0.0,0.0,0.0,0,1,1,0,0,0,0,2,2,2,2,2,2,2,2,2,2,2,2
266665601,-1.4901161e-08,0.0,-3.259629e-09,0.0,0.0,5.9604645e-08,0,1,1,0,0,0,0,2,2,2,2,2,2,2,2,2,2,2,2
266864352,9.313226e-09,3.7252903e-09,-1.6763806e-08,0.0,0.0,-5.9604645e-08,0,1,1,0,0,0,0,2,2,2,2,2,2,2,2,2,2,2,2
267063127,5.5879354e-09,-1.8626451e-08,-2.0489097e-08,0.0,0.0,5.9604645e-08,0,1,1,0,0,0,0,2,2,2,2,2,2,2,2,2,2,2,2
267266853,-1.3038516e-08,-1.1175871e-08,1.8626451e-09,0.0,0.0,-5.9604645e-08,0,1,1,0,0,0,0,2,2,2,2,2,2,2,2,2,2,2,2
267465600,0.0,-1.1175871e-08,-9.313226e-09,0.0,0.0,-5.9604645e-08,0,1,1,0,0,0,0,2,2,2,2,2,2,2,2,2,2,2,2
267663122,-3.7252903e-09,1.1175871e-08,7.450581e-09,0.0,0.0,0.0,0,1,1,0,0,0,0,2,2,2,2,2,2,2,2,2,2,2,2
267863122,0.0,-1.7695129e-08,3.3527613e-08,0.0,0.0,0.0,0,1,1,0,0,0,0,2,2,2,2,2,2,2,2,2,2,2,2
268061854,0.0,1.4901161e-08,9.313226e-09,0.0,0.0,5.9604645e-08,0,1,1,0,0,0,0,2,2,2,2,2,2,2,2,2,2,2,2
268265608,-1.8626451e-08,1.8626451e-08,-9.313226e-09,0.0,0.0,-5.9604645e-08,0,1,1,0,0,0,0,2,2,2,2,2,2,2,2,2,2,2,2
268464351,4.284084e-08,-1.8626451e-08,1.4901161e-08,0.0,0.0,0.0,0,1,1,0,0,0,0,2,2,2,2,2,2,2,2,2,2,2,2
268665601,0.0,-1.8626451e-08,-1.1175871e-08,0.0,0.0,0.0,0,1,1,0,0,0,0,2,2,2,2,2,2,2,2,2,2,2,2
268863123,-3.7252903e-09,3.7252903e-09,-2.3283064e-08,0.0,0.0,0.0,0,1,1,0,0,0,0,2,2,2,2,2,2,2,2,2,2,2,2
269061854,1.3038516e-08,7.450581e-09,7.450581e-09,0.0,0.0,-5.9604645e-08,0,1,1,0,0,0,0,2,2,2,2,2,2,2,2,2,2,2,2
269266850,-3.7252903e-09,-9.313226e-10,1.4901161e-08,0.0,0.0,0.0,0,1,1,0,0,0,0,2,2,2,2,2,2,2,2,2,2,2,2
269466852,3.7252903e-09,-2.6077032e-08,-1.1175871e-08,0.0,0.0,-5.9604645e-08,0,1,1,0,0,0,0,2,2,2,2,2,2,2,2,2,2,2,2
269663130,3.3527613e-08,-2.3515895e-08,4.4237822e-08,0.0,0.0,0.0,0,1,1,0,0,0,0,2,2,2,2,2,2,2,2,2,2,2,2
269864352,1.8626451e-09,-5.5879354e-09,4.6449713e-08,0.0,0.0,-1.1920929e-07,0,1,1,0,0,0,0,2,2,2,2,2,2,2,2,2,2,2,2
270063125,5.5879354e-09,-9.313226e-09,-4.656613e-10,0.0,0.0,0.0,0,1,1,0,0,0,0,2,2,2,2,2,2,2,2,2,2,2,2
270266853,-1.6763806e-08,-2.7939677e-09,-3.632158e-08,0.0,0.0,0.0,0,1,1,0,0,0,0,2,2,2,2,2,2,2,2,2,2,2,2
270465601,9.313226e-09,3.7252903e-09,1.8626451e-08,0.0,0.0,0.0,0,1,1,0,0,0,0,2,2,2,2,2,2,2,2,2,2,2,2
270661855,1.1175871e-08,-1.1175871e-08,-3.7252903e-09,0.0,0.0,-5.9604645e-08,0,1,1,0,0,0,0,2,2,2,2,2,2,2,2,2,2,2,2
270865601,0.0,-1.1175871e-08,3.3527613e-08,0.0,0.0,0.0,0,1,1,0,0,0,0,2,2,2,2,2,2,2,2,2,2,2,2
271063125,1.3038516e-08,0.0,-3.7252903e-09,0.0,0.0,0.0,0,1,1,0,0,0,0,2,2,2,2,2,2,2,2,2,2,2,2
271266851,-2.7939677e-08,0.0,5.2154064e-08,0.0,0.0,0.0,0,1,1,0,0,0,0,2,2,2,2,2,2,2,2,2,2,2,2
271463123,-9.313226e-10,-1.8626451e-08,7.450581e-09,0.0,0.0,5.9604645e-08,0,1,1,0,0,0,0,2,2,2,2,2,2,2,2,2,2,2,2
271861853,-1.1175871e-08,-1.1175871e-08,-3.585592e-08,0.0,0.0,0.0,0,1,1,0,0,0,0,2,2,2,2,2,2,2,2,2,2,2,2
272063124,1.8626451e-09,-1.4901161e-08,-2.3748726e-08,0.0,0.0,-5.9604645e-08,0,1,1,0,0,0,0,2,2,2,2,2,2,2,2,2,2,2,2
272266852,2.2351742e-08,-1.8626451e-09,-8.993084e-09,0.0,0.0,0.0,0,1,1,0,0,0,0,2,2,2,2,2,2,2,2,2,2,2,2
272466851,-1.3737008e-08,3.7252903e-09,1.21071935e-08,0.0,0.0,0.0,0,1,1,0,0,0,0,2,2,2,2,2,2,2,2,2,2,2,2
272663121,9.313226e-10,-3.7252903e-09,-1.8626451e-09,0.0,0.0,-5.9604645e-08,0,1,1,0,0,0,0,2,2,2,2,2,2,2,2,2,2,2,2
272866851,1.7695129e-08,-1.1175871e-08,9.313226e-09,0.0,0.0,0.0,0,1,1,0,0,0,0,2,2,2,2,2,2,2,2,2,2,2,2
273065600,-1.8626451e-08,-7.450581e-09,-7.450581e-09,0.0,0.0,0.0,0,1,1,0,0,0,0,2,2,2,2,2,2,2,2,2,2,2,2
273261854,-1.8626451e-08,3.7252903e-09,-1.0244548e-08,0.0,0.0,0.0,0,1,1,0,0,0,0,2,2,2,2,2,2,2,2,2,2,2,2
273463120,7.450581e-09,1.8626451e-08,-7.450581e-09,0.0,0.0,0.0,0,1,1,0,0,0,0,2,2,2,2,2,2,2,2,2,2,2,2
273666858,-3.7252903e-09,-3.7252903e-09,-2.142042e-08,0.0,0.0,0.0,0,1,1,0,0,0,0,2,2,2,2,2,2,2,2,2,2,2,2
273866853,1.4901161e-08,2.2351742e-08,2.7939677e-08,0.0,0.0,-5.9604645e-08,0,1,1,0,0,0,0,2,2,2,2,2,2,2,2,2,2,2,2
274063120,-1.1175871e-08,2.7939677e-09,-1.8626451e-09,0.0,0.0,5.9604645e-08,0,1,1,0,0,0,0,2,2,2,2,2,2,2,2,2,2,2,2
274266853,7.450581e-09,1.8626451e-08,3.7252903e-08,0.0,0.0,0.0,0,1,1,0,0,0,0,2,2,2,2,2,2,2,2,2,2,2,2
274461854,-1.4901161e-08,-1.5832484e-08,-3.3527613e-08,0.0,0.0,0.0,0,1,1,0,0,0,0,2,2,2,2,2,2,2,2,2,2,2,2
274665601,3.7252903e-09,1.8626451e-09,4.25498e-08,0.0,0.0,0.0,0,1,1,0,0,0,0,2,2,2,2,2,2,2,2,2,2,2,2
274865600,-2.0489097e-08,3.7252903e-09,1.3969839e-08,0.0,0.0,0.0,0,1,1,0,0,0,0,2,2,2,2,2,2,2,2,2,2,2,2
275064358,-1.0593794e-08,2.2351742e-08,-2.2351742e-08,0.0,0.0,0.0,0,1,1,0,0,0,0,2,2,2,2,2,2,2,2,2,2,2,2
275261852,-1.8626451e-09,-1.1175871e-08,7.450581e-09,0.0,0.0,0.0,0,1,1,0,0,0,0,2,2,2,2,2,2,2,2,2,2,2,2
275465601,5.5879354e-09,-9.313226e-09,1.8626451e-09,0.0,0.0,0.0,0,1,1,0,0,0,0,2,2,2,2,2,2,2,2,2,2,2,2
275666852,7.450581e-09,2.2351742e-08,-1.1525117e-08,0.0,0.0,0.0,0,1,1,0,0,0,0,2,2,2,2,2,2,2,2,2,2,2,2
275865606,2.0489097e-08,-7.450581e-09,-5.7742e-08,0.0,0.0,0.0,0,1,1,0,0,0,0,2,2,2,2,2,2,2,2,2,2,2,2
276063122,3.7252903e-09,7.450581e-09,-2.7939677e-08,0.0,0.0,0.0,0,1,1,0,0,0,0,2,2,2,2,2,2,2,2,2,2,2,2
276263121,3.7252903e-09,1.4901161e-08,-1.9557774e-08,0.0,0.0,-5.9604645e-08,0,1,1,0,0,0,0,2,2,2,2,2,2,2,2,2,2,2,2
276463121,-3.7252903e-09,2.6077032e-08,-2.4796464e-08,0.0,0.0,-5.9604645e-08,0,1,1,0,0,0,0,2,2,2,2,2,2,2,2,2,2,2,2
276665601,1.4901161e-08,-1.3969839e-09,-1.1641532e-08,0.0,0.0,0.0,0,1,1,0,0,0,0,2,2,2,2,2,2,2,2,2,2,2,2
276865604,1.1175871e-08,9.313226e-09,-1.1175871e-08,0.0,0.0,0.0,0,1,1,0,0,0,0,2,2,2,2,2,2,2,2,2,2,2,2
277063128,-7.450581e-09,1.4901161e-08,5.122274e-09,0.0,0.0,0.0,0,1,1,0,0,0,0,2,2,2,2,2,2,2,2,2,2,2,2
277266852,7.450581e-09,0.0,-2.9802322e-08,0.0,0.0,5.9604645e-08,0,1,1,0,0,0,0,2,2,2,2,2,2,2,2,2,2,2,2
277463120,-2.6077032e-08,5.5879354e-09,1.4901161e-08,0.0,0.0,0.0,0,1,1,0,0,0,0,2,2,2,2,2,2,2,2,2,2,2,2
277663131,1.1175871e-08,-1.8626451e-08,7.450581e-09,0.0,0.0,0.0,0,1,1,0,0,0,0,2,2,2,2,2,2,2,2,2,2,2,2
277866856,-1.3969839e-09,7.450581e-09,0.0,0.0,0.0,0.0,0,1,1,0,0,0,0,2,2,2,2,2,2,2,2,2,2,2,2
278065604,0.0,0.0,-3.7252903e-09,0.0,0.0,0.0,0,1,1,0,0,0,0,2,2,2,2,2,2,2,2,2,2,2,2
278261851,9.313226e-10,3.7252903e-09,1.8626451e-08,0.0,0.0,0.0,0,1,1,0,0,0,0,2,2,2,2,2,2,2,2,2,2,2,2
278463120,-3.306195e-08,0.0,4.284084e-08,0.0,0.0,-5.9604645e-08,0,1,1,0,0,0,0,2,2,2,2,2,2,2,2,2,2,2,2
278661853,2.2351742e-08,-2.2351742e-08,6.519258e-09,0.0,0.0,0.0,0,1,1,0,0,0,0,2,2,2,2,2,2,2,2,2,2,2,2
278863123,2.0489097e-08,-1.4901161e-08,-1.8626451e-08,0.0,0.0,-5.9604645e-08,0,1,1,0,0,0,0,2,2,2,2,2,2,2,2,2,2,2,2
279065603,2.0489097e-08,-2.2351742e-08,-3.632158e-08,0.0,0.0,0.0,0,1,1,0,0,0,0,2,2,2,2,2,2,2,2,2,2,2,2
279265600,1.8626451e-08,-3.7252903e-09,-1.8626451e-09,0.0,0.0,0.0,0,1,1,0,0,0,0,2,2,2,2,2,2,2,2,2,2,2,2
279466851,1.8626451e-08,1.4901161e-08,1.3969839e-08,0.0,0.0,-5.9604645e-08,0,1,1,0,0,0,0,2,2,2,2,2,2,2,2,2,2,2,2
279666851,-2.2351742e-08,1.1175871e-08,-2.3283064e-10,0.0,0.0,0.0,0,1,1,0,0,0,0,2,2,2,2,2,2,2,2,2,2,2,2
279863124,1.4901161e-08,1.1175871e-08,1.1874363e-08,0.0,0.0,0.0,0,1,1,0,0,0,0,2,2,2,2,2,2,2,2,2,2,2,2
280265601,-3.7252903e-09,-7.450581e-09,2.2351742e-08,0.0,0.0,-5.9604645e-08,0,1,1,0,0,0,0,2,2,2,2,2,2,2,2,2,2,2,2
280461852,1.8626451e-08,-3.7252903e-09,-3.678724e-08,0.0,0.0,-5.9604645e-08,0,1,1,0,0,0,0,2,2,2,2,2,2,2,2,2,2,2,2
280665604,2.2351742e-08,0.0,-2.4214387e-08,0.0,0.0,-5.9604645e-08,0,1,1,0,0,0,0,2,2,2,2,2,2,2,2,2,2,2,2
280866851,1.4901161e-08,1.4901161e-08,1.8626451e-08,0.0,0.0,-5.9604645e-08,0,1,1,0,0,0,0,2,2,2,2,2,2,2,2,2,2,2,2
281065610,-1.1175871e-08,-2.2351742e-08,4.0978193e-08,0.0,0.0,0.0,0,1,1,0,0,0,0,2,2,2,2,2,2,2,2,2,2,2,2
281261851,1.4901161e-08,0.0,2.6077032e-08,0.0,0.0,0.0,0,1,1,0,0,0,0,2,2,2,2,2,2,2,2,2,2,2,2
281465601,7.450581e-09,7.450581e-09,-2.6542693e-08,0.0,0.0,-5.9604645e-08,0,1,1,0,0,0,0,2,2,2,2,2,2,2,2,2,2,2,2
281666851,-3.7252903e-09,-3.7252903e-09,-2.8405339e-08,0.0,0.0,0.0,0,1,1,0,0,0,0,2,2,2,2,2,2,2,2,2,2,2,2
281865600,-5.5879354e-09,-7.450581e-09,1.1175871e-08,0.0,0.0,-5.9604645e-08,0,1,1,0,0,0,0,2,2,2,2,2,2,2,2,2,2,2,2
282065601,0.0,-2.2351742e-08,-4.004687e-08,0.0,0.0,0.0,0,1,1,0,0,0,0,2,2,2,2,2,2,2,2,2,2,2,2
282263121,1.1175871e-08,2.2351742e-08,4.0978193e-08,0.0,0.0,0.0,0,1,1,0,0,0,0,2,2,2,2,2,2,2,2,2,2,2,2
282461858,0.0,-1.4901161e-08,0.0,0.0,0.0,0.0,0,1,1,0,0,0,0,2,2,2,2,2,2,2,2,2,2,2,2
282666851,-1.1175871e-08,-2.6077032e-08,5.401671e-08,0.0,0.0,0.0,0,1,1,0,0,0,0,2,2,2,2,2,2,2,2,2,2,2,2
282861852,3.7252903e-09,-1.4901161e-08,-2.2351742e-08,0.0,0.0,-5.9604645e-08,0,1,1,0,0,0,0,2,2,2,2,2,2,2,2,2,2,2,2
283065601,1.8626451e-08,-1.1175871e-08,0.0,0.0,0.0,0.0,0,1,1,0,0,0,0,2,2,2,2,2,2,2,2,2,2,2,2
283265600,1.1175871e-08,-2.2351742e-08,1.3038516e-08,0.0,0.0,0.0,0,1,1,0,0,0,0,2,2,2,2,2,2,2,2,2,2,2,2
283663120,7.450581e-09,-2.2351742e-08,0.0,0.0,0.0,-0.14707607,0,1,0,0,0,2,0,2,2,2,2,2,2,2,2,2,2,2,2
283863122,-1.8626451e-08,-1.816079e-08,0.0,0.0,0.0,-0.063524306,0,1,0,0,0,0,2,2,2,2,2,2,2,2,2,2,2,2,2
284063126,0.0,-1.1175871e-08,2.2351742e-08,0.0,0.0,-5.9604645e-08,0,1,1,0,0,0,0,2,2,2,2,2,2,2,2,2,2,2,2
284263120,1.4901161e-08,0.0,-5.029142e-08,0.0,0.0,0.0,0,1,1,0,0,0,0,2,2,2,2,2,2,2,2,2,2,2,2
284461857,1.1175871e-08,1.4901161e-08,1.1175871e-08,0.0,0.0,0.0,0,1,1,0,0,0,0,2,2,2,2,2,2,2,2,2,2,2,2
284663123,0.0,-3.7252903e-09,1.8626451e-08,0.0,0.0,0.0,0,1,1,0,0,0,0,2,2,2,2,2,2,2,2,2,2,2,2
284865601,-3.7252903e-09,5.5879354e-09,1.3038516e-08,0.0,0.0,-5.9604645e-08,0,1,1,0,0,0,0,2,2,2,2,2,2,2,2,2,2,2,2
285263318,-2.6077032e-08,0.0,5.7742e-08,0.0,0.0,-5.9604645e-08,0,1,1,0,0,0,0,2,2,2,2,2,2,2,2,2,2,2,2
285463121,7.450581e-09,-1.4901161e-08,9.778887e-09,0.0,0.0,0.0,0,1,1,0,0,0,0,2,2,2,2,2,2,2,2,2,2,2,2
285665601,1.1175871e-08,-7.450581e-09,-6.519258e-09,0.0,0.0,0.0,0,1,1,0,0,0,0,2,2,2,2,2,2,2,2,2,2,2,2
285865599,-1.4901161e-08,3.7252903e-08,0.0,0.0,0.0,-5.9604645e-08,0,1,1,0,0,0,0,2,2,2,2,2,2,2,2,2,2,2,2
286065600,-2.2351742e-08,2.6077032e-08,2.9802322e-08,0.0,0.0,0.0,0,1,1,0,0,0,0,2,2,2,2,2,2,2,2,2,2,2,2
286265605,7.450581e-09,-1.1175871e-08,0.0,0.0,0.0,0.0,0,1,1,0,0,0,0,2,2,2,2,2,2,2,2,2,2,2,2
286465600,-2.2351742e-08,2.6077032e-08,0.0,0.0,0.0,0.0,0,1,1,0,0,0,0,2,2,2,2,2,2,2,2,2,2,2,2
286663120,-1.4901161e-08,1.1175871e-08,0.0,0.0,0.0,-5.9604645e-08,0,1,1,0,0,0,0,2,2,2,2,2,2,2,2,2,2,2,2
286863120,1.4901161e-08,3.7252903e-09,7.450581e-09,0.0,0.0,0.0,0,1,1,0,0,0,0,2,2,2,2,2,2,2,2,2,2,2,2
287066859,-7.450581e-09,3.7252903e-09,-2.2351742e-08,0.0,0.0,0.0,0,1,1,0,0,0,0,2,2,2,2,2,2,2,2,2,2,2,2
287263120,-2.9802322e-08,1.8626451e-08,-2.2351742e-08,0.0,0.0,-5.9604645e-08,0,1,1,0,0,0,0,2,2,2,2,2,2,2,2,2,2,2,2
287465601,1.4901161e-08,-1.8626451e-08,-7.450581e-09,0.0,0.0,0.0,0,1,1,0,0,0,0,2,2,2,2,2,2,2,2,2,2,2,2
287663123,7.450581e-09,1.8626451e-08,2.9802322e-08,0.0,0.0,0.0,0,1,1,0,0,0,0,2,2,2,2,2,2,2,2,2,2,2,2
287863120,0.0,1.4901161e-08,7.450581e-09,0.0,0.0,5.9604645e-08,0,1,1,0,0,0,0,2,2,2,2,2,2,2,2,2,2,2,2
288066850,1.1175871e-08,-1.1175871e-08,2.9802322e-08,0.0,0.0,0.0,0,1,1,0,0,0,0,2,2,2,2,2,2,2,2,2,2,2,2
288263122,2.2351742e-08,0.0,-7.450581e-09,0.0,0.0,0.0,0,1,1,0,0,0,0,2,2,2,2,2,2,2,2,2,2,2,2
288465601,7.450581e-09,-3.7252903e-09,1.4901161e-08,0.0,0.0,0.0,0,1,1,0,0,0,0,2,2,2,2,2,2,2,2,2,2,2,2
288665601,-2.9802322e-08,7.450581e-09,-2.2351742e-08,0.0,0.0,-5.9604645e-08,0,1,1,0,0,0,0,2,2,2,2,2,2,2,2,2,2,2,2
288863122,1.4901161e-08,3.7252903e-09,3.7252903e-09,0.0,0.0,-5.9604645e-08,0,1,1,0,0,0,0,2,2,2,2,2,2,2,2,2,2,2,2
289066858,-7.450581e-09,1.8626451e-08,-1.8626451e-08,0.0,0.0,-5.9604645e-08,0,1,1,0,0,0,0,2,2,2,2,2,2,2,2,2,2,2,2
289265601,3.7252903e-09,-7.450581e-09,3.7252903e-09,0.0,0.0,-5.9604645e-08,0,1,1,0,0,0,0,2,2,2,2,2,2,2,2,2,2,2,2
289461851,1.4901161e-08,7.450581e-09,3.3527613e-08,0.0,0.0,5.9604645e-08,0,1,1,0,0,0,0,2,2,2,2,2,2,2,2,2,2,2,2
289666856,-7.450581e-09,7.450581e-09,-2.9802322e-08,0.0,0.0,0.0,0,1,1,0,0,0,0,2,2,2,2,2,2,2,2,2,2,2,2
289865600,-1.1175871e-08,-2.6077032e-08,1.4901161e-08,0.0,0.0,-5.9604645e-08,0,1,1,0,0,0,0,2,2,2,2,2,2,2,2,2,2,2,2
290065604,2.2351742e-08,7.450581e-09,-1.1175871e-08,0.0,0.0,0.0,0,1,1,0,0,0,0,2,2,2,2,2,2,2,2,2,2,2,2
290264352,-7.450581e-09,-7.450581e-09,-1.1175871e-08,0.0,0.0,-5.9604645e-08,0,1,1,0,0,0,0,2,2,2,2,2,2,2,2,2,2,2,2
290465601,-1.1175871e-08,-7.450581e-09,7.450581e-09,0.0,0.0,0.0,0,1,1,0,0,0,0,2,2,2,2,2,2,2,2,2,2,2,2
290663122,-3.7252903e-09,-7.450581e-09,7.450581e-09,0.0,0.0,0.0,0,1,1,0,0,0,0,2,2,2,2,2,2,2,2,2,2,2,2
290864351,7.450581e-09,-3.7252903e-09,2.0489097e-08,0.0,0.0,0.0,0,1,1,0,0,0,0,2,2,2,2,2,2,2,2,2,2,2,2
291065602,1.1175871e-08,1.8626451e-08,1.6530976e-08,0.0,0.0,0.0,0,1,1,0,0,0,0,2,2,2,2,2,2,2,2,2,2,2,2
291265604,7.450581e-09,2.2351742e-08,4.9825758e-08,0.0,0.0,0.0,0,1,1,0,0,0,0,2,2,2,2,2,2,2,2,2,2,2,2
291466853,-3.7252903e-09,2.2351742e-08,9.662472e-09,0.0,0.0,0.0,0,1,1,0,0,0,0,2,2,2,2,2,2,2,2,2,2,2,2
291665601,0.0,1.3038516e-08,5.5879354e-09,0.0,0.0,-5.9604645e-08,0,1,1,0,0,0,0,2,2,2,2,2,2,2,2,2,2,2,2
291865605,1.4901161e-08,1.8626451e-09,9.429641e-09,0.0,0.0,-5.9604645e-08,0,1,1,0,0,0,0,2,2,2,2,2,2,2,2,2,2,2,2
292063120,-5.5879354e-09,-2.9802322e-08,-3.3527613e-08,0.0,0.0,-5.9604645e-08,0,1,1,0,0,0,0,2,2,2,2,2,2,2,2,2,2,2,2
292264351,-1.4901161e-08,-1.21071935e-08,5.5413693e-08,0.0,0.0,0.0,0,1,1,0,0,0,0,2,2,2,2,2,2,2,2,2,2,2,2
292463122,-7.450581e-09,1.21071935e-08,2.9802322e-08,0.0,0.0,0.0,0,1,1,0,0,0,0,2,2,2,2,2,2,2,2,2,2,2,2
292661851,-1.8626451e-08,0.0,-3.7252903e-09,0.0,0.0,0.0,0,1,1,0,0,0,0,2,2,2,2,2,2,2,2,2,2,2,2
293065609,0.0,-1.3969839e-09,2.9802322e-08,0.0,0.0,-5.9604645e-08,0,1,1,0,0,0,0,2,2,2,2,2,2,2,2,2,2,2,2
293261851,-3.7252903e-09,-1.3038516e-08,1.1175871e-08,0.0,0.0,-5.9604645e-08,0,1,1,0,0,0,0,2,2,2,2,2,2,2,2,2,2,2,2
293463120,1.8626451e-08,-1.6763806e-08,-1.9557774e-08,0.0,0.0,0.0,0,1,1,0,0,0,0,2,2,2,2,2,2,2,2,2,2,2,2
293665600,-1.1175871e-08,2.5844201e-08,-1.2892997e-08,0.0,0.0,-5.9604645e-08,0,1,1,0,0,0,0,2,2,2,2,2,2,2,2,2,2,2,2
293863120,2.0489097e-08,1.4901161e-08,1.8626451e-08,0.0,0.0,0.0,0,1,1,0,0,0,0,2,2,2,2,2,2,2,2,2,2,2,2
294066851,3.7252903e-09,2.6077032e-08,-3.3527613e-08,0.0,0.0,-5.9604645e-08,0,1,1,0,0,0,0,2,2,2,2,2,2,2,2,2,2,2,2
294265600,0.0,1.8626451e-08,-3.7252903e-09,0.0,0.0,0.0,0,1,1,0,0,0,0,2,2,2,2,2,2,2,2,2,2,2,2
294463121,3.7252903e-09,3.3527613e-08,-3.7252903e-08,0.0,0.0,0.0,0,1,1,0,0,0,0,2,2,2,2,2,2,2,2,2,2,2,2
294866851,-9.313226e-09,-1.1175871e-08,5.2154064e-08,0.0,0.0,0.0,0,1,1,0,0,0,0,2,2,2,2,2,2,2,2,2,2,2,2
295065608,3.7252903e-09,-2.0489097e-08,-2.2351742e-08,0.0,0.0,0.0,0,1,1,0,0,0,0,2,2,2,2,2,2,2,2,2,2,2,2
295265600,2.0489097e-08,-3.632158e-08,1.8626451e-08,0.0,0.0,0.0,0,1,1,0,0,0,0,2,2,2,2,2,2,2,2,2,2,2,2
295463123,-3.7252903e-09,-2.6077032e-08,0.0,0.0,0.0,0.0,0,1,1,0,0,0,0,2,2,2,2,2,2,2,2,2,2,2,2
295666851,0.0,2.2351742e-08,3.7252903e-09,0.0,0.0,0.0,0,1,1,0,0,0,0,2,2,2,2,2,2,2,2,2,2,2,2
295865600,3.7252903e-09,9.313226e-10,1.4901161e-08,0.0,0.0,0.0,0,1,1,0,0,0,0,2,2,2,2,2,2,2,2,2,2,2,2
296061853,2.2351742e-08,-1.7695129e-08,3.7252903e-08,0.0,0.0,0.0,0,1,1,0,0,0,0,2,2,2,2,2,2,2,2,2,2,2,2
296663148,-1.21071935e-08,4.656613e-10,-2.2351742e-08,0.0,0.0,0.0,0,1,1,0,0,0,0,2,2,2,2,2,2,2,2,2,2,2,2
296863124,7.450581e-09,1.4217221e-08,-2.2351742e-08,0.0,0.0,0.0,0,1,1,0,0,0,0,2,2,2,2,2,2,2,2,2,2,2,2
297063128,2.9802322e-08,-1.8626451e-08,0.0,0.0,0.0,0.0,0,1,1,0,0,0,0,2,2,2,2,2,2,2,2,2,2,2,2
297264352,-2.2351742e-08,1.5832484e-08,0.0,0.0,0.0,0.0,0,1,1,0,0,0,0,2,2,2,2,2,2,2,2,2,2,2,2
297466852,2.2351742e-08,-5.5879354e-09,-3.7252903e-09,0.0,0.0,0.0,0,1,1,0,0,0,0,2,2,2,2,2,2,2,2,2,2,2,2
297666852,1.4901161e-08,-1.8626451e-08,-7.450581e-09,0.0,0.0,0.0,0,1,1,0,0,0,0,2,2,2,2,2,2,2,2,2,2,2,2
297863123,2.2351742e-08,-1.1175871e-08,-2.2351742e-08,0.0,0.0,-5.9604645e-08,0,1,1,0,0,0,0,2,2,2,2,2,2,2,2,2,2,2,2
298263122,2.2351742e-08,7.450581e-09,4.4703484e-08,0.0,0.0,0.0,0,1,1,0,0,0,0,2,2,2,2,2,2,2,2,2,2,2,2
298462076,1.4901161e-08,0.0,-2.2351742e-08,0.0,0.0,0.0,0,1,1,0,0,0,0,2,2,2,2,2,2,2,2,2,2,2,2
298664351,2.9802322e-08,-7.450581e-09,7.450581e-09,0.0,0.0,0.0,0,1,1,0,0,0,0,2,2,2,2,2,2,2,2,2,2,2,2
298863120,7.450581e-09,-1.4901161e-08,7.450581e-09,0.0,0.0,-5.9604645e-08,0,1,1,0,0,0,0,2,2,2,2,2,2,2,2,2,2,2,2
299061868,0.0,7.450581e-09,-1.4901161e-08,0.0,0.0,-0.014216602,0,1,0,0,0,0,2,2,2,2,2,2,2,2,2,2,2,2,2
299264351,1.4901161e-08,1.1175871e-08,3.7252903e-08,0.0,0.0,0.0,0,1,1,0,0,0,0,2,2,2,2,2,2,2,2,2,2,2,2
299461851,1.4901161e-08,7.450581e-09,1.4901161e-08,0.0,0.0,0.0,0,1,1,0,0,0,0,2,2,2,2,2,2,2,2,2,2,2,2
299663130,-7.450581e-09,-7.450581e-09,1.4901161e-08,0.0,0.0,0.0,0,1,1,0,0,0,0,2,2,2,2,2,2,2,2,2,2,2,2
299863123,1.4901161e-08,-1.4901161e-08,-2.2351742e-08,0.0,0.0,0.0,0,1,1,0,0,0,0,2,2,2,2,2,2,2,2,2,2,2,2
300063123,2.9802322e-08,7.450581e-09,1.4901161e-08,0.0,0.0,0.0,0,1,1,0,0,0,0,2,2,2,2,2,2,2,2,2,2,2,2
300263122,-7.450581e-09,-7.450581e-09,2.2351742e-08,0.0,0.0,0.0,0,1,1,0,0,0,0,2,2,2,2,2,2,2,2,2,2,2,2
300464352,-1.4901161e-08,-7.450581e-09,0.0,0.0,0.0,-5.9604645e-08,0,1,1,0,0,0,0,2,2,2,2,2,2,2,2,2,2,2,2
300663121,3.7252903e-09,7.450581e-09,2.2351742e-08,0.0,0.0,-5.9604645e-08,0,1,1,0,0,0,0,2,2,2,2,2,2,2,2,2,2,2,2
300866852,-7.450581e-09,2.9802322e-08,-1.1175871e-08,0.0,0.0,0.0,0,1,1,0,0,0,0,2,2,2,2,2,2,2,2,2,2,2,2
301066850,2.9802322e-08,0.0,-7.450581e-09,0.0,0.0,0.0,0,1,1,0,0,0,0,2,2,2,2,2,2,2,2,2,2,2,2
301265601,2.9802322e-08,-1.4901161e-08,-2.2351742e-08,0.0,0.0,0.0,0,1,1,0,0,0,0,2,2,2,2,2,2,2,2,2,2,2,2
301466854,2.2351742e-08,-7.450581e-09,-1.8626451e-08,0.0,0.0,-5.9604645e-08,0,1,1,0,0,0,0,2,2,2,2,2,2,2,2,2,2,2,2
301663129,7.450581e-09,2.2351742e-08,-1.3038516e-08,0.0,0.0,0.0,0,1,1,0,0,0,0,2,2,2,2,2,2,2,2,2,2,2,2
301863121,1.4901161e-08,0.0,2.9802322e-08,0.0,0.0,0.0,0,1,1,0,0,0,0,2,2,2,2,2,2,2,2,2,2,2,2
302061859,0.0,1.4901161e-08,-2.2351742e-08,0.0,0.0,0.0,0,1,1,0,0,0,0,2,2,2,2,2,2,2,2,2,2,2,2
302263129,-7.450581e-09,-7.450581e-09,1.1175871e-08,0.0,0.0,5.9604645e-08,0,1,1,0,0,0,0,2,2,2,2,2,2,2,2,2,2,2,2
302463123,0.0,0.0,-3.7252903e-09,0.0,0.0,0.0,0,1,1,0,0,0,0,2,2,2,2,2,2,2,2,2,2,2,2
302863124,0.0,7.450581e-09,2.6077032e-08,0.0,0.0,-5.9604645e-08,0,1,1,0,0,0,0,2,2,2,2,2,2,2,2,2,2,2,2
303065601,7.450581e-09,7.450581e-09,9.313226e-09,0.0,0.0,0.0,0,1,1,0,0,0,0,2,2,2,2,2,2,2,2,2,2,2,2
303265601,7.450581e-09,2.2351742e-08,-2.7008355e-08,0.0,0.0,0.0,0,1,1,0,0,0,0,2,2,2,2,2,2,2,2,2,2,2,2
303465600,2.2351742e-08,-1.4901161e-08,-6.0535967e-09,0.0,0.0,0.0,0,1,1,0,0,0,0,2,2,2,2,2,2,2,2,2,2,2,2
303663120,-3.7252903e-09,1.4901161e-08,4.377216e-08,0.0,0.0,0.0,0,1,1,0,0,0,0,2,2,2,2,2,2,2,2,2,2,2,2
303866852,2.6077032e-08,7.450581e-09,-2.2962922e-08,0.0,0.0,5.9604645e-08,0,1,1,0,0,0,0,2,2,2,2,2,2,2,2,2,2,2,2
304063128,0.0,2.2351742e-08,4.0978193e-08,0.0,0.0,0.0,0,1,1,0,0,0,0,2,2,2,2,2,2,2,2,2,2,2,2
304265609,1.1175871e-08,0.0,4.4703484e-08,0.0,0.0,0.0,0,1,1,0,0,0,0,2,2,2,2,2,2,2,2,2,2,2,2
304466853,1.4901161e-08,0.0,5.5879354e-09,0.0,0.0,0.0,0,1,1,0,0,0,0,2,2,2,2,2,2,2,2,2,2,2,2
304663120,-2.514571e-08,7.450581e-09,2.7939677e-09,0.0,0.0,5.9604645e-08,0,1,1,0,0,0,0,2,2,2,2,2,2,2,2,2,2,2,2
304866852,-3.7252903e-09,2.2351742e-08,-5.5879354e-09,0.0,0.0,-5.9604645e-08,0,1,1,0,0,0,0,2,2,2,2,2,2,2,2,2,2,2,2
305063122,0.0,7.450581e-09,-9.895302e-09,0.0,0.0,5.9604645e-08,0,1,1,0,0,0,0,2,2,2,2,2,2,2,2,2,2,2,2
305263127,3.7252903e-08,-2.2351742e-08,-1.071021e-08,0.0,0.0,0.0,0,1,1,0,0,0,0,2,2,2,2,2,2,2,2,2,2,2,2
305466852,-7.450581e-09,0.0,3.1664968e-08,0.0,0.0,0.0,0,1,1,0,0,0,0,2,2,2,2,2,2,2,2,2,2,2,2
305666852,2.2351742e-08,-7.450581e-09,1.0244548e-08,0.0,0.0,-5.9604645e-08,0,1,1,0,0,0,0,2,2,2,2,2,2,2,2,2,2,2,2
305865601,-3.7252903e-09,0.0,-1.1175871e-08,0.0,0.0,0.0,0,1,1,0,0,0,0,2,2,2,2,2,2,2,2,2,2,2,2
306065601,-7.450581e-09,-1.8626451e-08,-1.2572855e-08,0.0,0.0,0.0,0,1,1,0,0,0,0,2,2,2,2,2,2,2,2,2,2,2,2
306465600,2.2351742e-08,0.0,-1.6298145e-08,0.0,0.0,-5.9604645e-08,0,1,1,0,0,0,0,2,2,2,2,2,2,2,2,2,2,2,2
306666852,-1.4901161e-08,2.2351742e-08,2.2351742e-08,0.0,0.0,0.0,0,1,1,0,0,0,0,2,2,2,2,2,2,2,2,2,2,2,2
306865607,-3.7252903e-09,1.4901161e-08,-7.450581e-09,0.0,0.0,0.0,0,1,1,0,0,0,0,2,2,2,2,2,2,2,2,2,2,2,2
307066853,2.2351742e-08,1.4901161e-08,-1.8626451e-08,0.0,0.0,0.0,0,1,1,0,0,0,0,2,2,2,2,2,2,2,2,2,2,2,2
307265601,2.2351742e-08,1.4901161e-08,4.0978193e-08,0.0,0.0,0.0,0,1,1,0,0,0,0,2,2,2,2,2,2,2,2,2,2,2,2
307465600,1.8626451e-08,-7.450581e-09,2.2351742e-08,0.0,0.0,-5.9604645e-08,0,1,1,0,0,0,0,2,2,2,2,2,2,2,2,2,2,2,2
307666852,-1.4901161e-08,1.4901161e-08,3.7252903e-09,0.0,0.0,0.0,0,1,1,0,0,0,0,2,2,2,2,2,2,2,2,2,2,2,2
307864354,0.0,7.450581e-09,-2.9802322e-08,0.0,0.0,0.0,0,1,1,0,0,0,0,2,2,2,2,2,2,2,2,2,2,2,2
308063125,6.9849193e-09,3.7252903e-09,-2.9802322e-08,0.0,0.0,-5.9604645e-08,0,1,1,0,0,0,0,2,2,2,2,2,2,2,2,2,2,2,2
308265600,1.8626451e-09,3.7252903e-09,0.0,0.0,0.0,0.0,0,1,1,0,0,0,0,2,2,2,2,2,2,2,2,2,2,2,2
308466852,-1.8626451e-08,1.8626451e-08,1.1175871e-08,0.0,0.0,-0.07608491,0,1,0,0,0,0,0,2,2,2,2,2,2,2,2,2,2,2,2
308663120,-1.21071935e-08,-2.6077032e-08,-1.1175871e-08,0.0,0.0,-0.040494025,0,1,0,0,0,0,0,2,2,2,2,2,2,2,2,2,2,2,2
308865601,4.004687e-08,3.7252903e-09,4.004687e-08,0.0,0.0,-0.03499621,0,1,0,0,2,0,0,2,2,2,2,2,2,2,2,2,2,2,2
309065605,2.7939677e-09,-5.5879354e-09,6.053597e-08,0.0,0.0,-0.028008938,0,1,0,0,0,0,0,2,2,2,2,2,2,2,2,2,2,2,2
309266853,9.313226e-09,-2.6077032e-08,-4.656613e-09,0.0,0.0,-0.03432107,0,1,0,0,0,0,0,2,2,2,2,2,2,2,2,2,2,2,2
309466852,2.514571e-08,7.450581e-09,9.313226e-09,0.0,0.0,-0.03037417,0,1,0,0,0,0,0,2,2,2,2,2,2,2,2,2,2,2,2
309666852,1.4901161e-08,4.8894435e-09,-7.450581e-09,0.0,0.0,0.0,0,1,1,0,0,0,0,2,2,2,2,2,2,2,2,2,2,2,2
309864356,-3.7252903e-09,0.0,3.5390258e-08,0.0,0.0,5.9604645e-08,0,1,1,0,0,0,0,2,2,2,2,2,2,2,2,2,2,2,2
310064353,1.8626451e-08,-1.8626451e-08,-1.4901161e-08,0.0,0.0,0.0,0,1,1,0,0,0,0,2,2,2,2,2,2,2,2,2,2,2,2
310266854,-7.450581e-09,-3.7252903e-09,-2.6077032e-08,0.0,0.0,0.0,0,1,1,0,0,0,0,2,2,2,2,2,2,2,2,2,2,2,2
310463127,-1.8626451e-09,1.1175871e-08,2.6077032e-08,0.0,0.0,0.0,0,1,1,0,0,0,0,2,2,2,2,2,2,2,2,2,2,2,2
310660600,1.1175871e-08,-1.1175871e-08,-2.2351742e-08,0.0,0.0,-5.9604645e-08,0,1,1,0,0,0,0,2,2,2,2,2,2,2,2,2,2,2,2
310865606,1.4901161e-08,7.450581e-09,9.313226e-09,0.0,0.0,-5.9604645e-08,0,1,1,0,0,0,0,2,2,2,2,2,2,2,2,2,2,2,2
311063130,2.6077032e-08,-9.313226e-09,3.3527613e-08,0.0,0.0,0.0,0,1,1,0,0,0,0,2,2,2,2,2,2,2,2,2,2,2,2
311263120,-5.2154064e-08,1.8626451e-08,-1.8626451e-08,0.0,0.0,0.0,0,1,1,0,0,0,0,2,2,2,2,2,2,2,2,2,2,2,2
311465600,2.0489097e-08,5.5879354e-09,2.0489097e-08,0.0,0.0,0.0,0,1,1,0,0,0,0,2,2,2,2,2,2,2,2,2,2,2,2
311663123,1.3038516e-08,1.1175871e-08,2.7939677e-09,0.0,0.0,0.0,0,1,1,0,0,0,0,2,2,2,2,2,2,2,2,2,2,2,2
311863120,-3.7252903e-09,1.4901161e-08,-2.0954758e-08,0.0,0.0,-5.9604645e-08,0,1,1,0,0,0,0,2,2,2,2,2,2,2,2,2,2,2,2
312065605,3.7252903e-09,-1.4901161e-08,-3.5390258e-08,0.0,0.0,0.0,0,1,1,0,0,0,0,2,2,2,2,2,2,2,2,2,2,2,2
312261853,2.0489097e-08,-3.7252903e-09,1.3504177e-08,0.0,0.0,-5.9604645e-08,0,1,1,0,0,0,0,2,2,2,2,2,2,2,2,2,2,2,2
312466852,1.1175871e-08,-7.450581e-09,-1.1175871e-08,0.0,0.0,0.0,0,1,1,0,0,0,0,2,2,2,2,2,2,2,2,2,2,2,2
312663129,7.450581e-09,-1.1175871e-08,2.6077032e-08,0.0,0.0,0.0,0,1,1,0,0,0,0,2,2,2,2,2,2,2,2,2,2,2,2
312865599,-1.9557774e-08,1.8626451e-08,-7.450581e-09,0.0,0.0,0.0,0,1,1,0,0,0,0,2,2,2,2,2,2,2,2,2,2,2,2
313061853,-3.7252903e-08,-1.8626451e-09,-1.1175871e-08,0.0,0.0,-5.9604645e-08,0,1,1,0,0,0,0,2,2,2,2,2,2,2,2,2,2,2,2
313266852,7.450581e-09,1.5832484e-08,-1.1175871e-08,0.0,0.0,-5.9604645e-08,0,1,1,0,0,0,0,2,2,2,2,2,2,2,2,2,2,2,2
313463121,-2.2351742e-08,1.8626451e-08,-4.0978193e-08,0.0,0.0,0.0,0,1,1,0,0,0,0,2,2,2,2,2,2,2,2,2,2,2,2
313663124,-2.9802322e-08,1.1175871e-08,1.4901161e-08,0.0,0.0,0.0,0,1,1,0,0,0,0,2,2,2,2,2,2,2,2,2,2,2,2
313863120,-8.96398e-09,2.2351742e-08,7.450581e-09,0.0,0.0,-5.9604645e-08,0,1,1,0,0,0,0,2,2,2,2,2,2,2,2,2,2,2,2
314066850,2.2351742e-08,3.7252903e-09,-1.4901161e-08,0.0,0.0,0.0,0,1,1,0,0,0,0,2,2,2,2,2,2,2,2,2,2,2,2
314263123,1.4901161e-08,5.5879354e-09,-1.4901161e-08,0.0,0.0,-5.9604645e-08,0,1,1,0,0,0,0,2,2,2,2,2,2,2,2,2,2,2,2
314465604,2.2351742e-08,-2.6077032e-08,1.4901161e-08,0.0,0.0,5.9604645e-08,0,1,1,0,0,0,0,2,2,2,2,2,2,2,2,2,2,2,2
314665599,1.4901161e-08,-7.450581e-09,4.4703484e-08,0.0,0.0,0.0,0,1,1,0,0,0,0,2,2,2,2,2,2,2,2,2,2,2,2
314864352,-4.8894435e-09,6.519258e-09,7.450581e-09,0.0,0.0,-5.9604645e-08,0,1,1,0,0,0,0,2,2,2,2,2,2,2,2,2,2,2,2
315066852,-7.450581e-09,-7.450581e-09,0.0,0.0,0.0,0.0,0,1,1,0,0,0,0,2,2,2,2,2,2,2,2,2,2,2,2
315263128,4.0978193e-08,-1.9557774e-08,0.0,0.0,0.0,0.0,0,1,1,0,0,0,0,2,2,2,2,2,2,2,2,2,2,2,2
315463121,3.7252903e-09,-8.731149e-09,-2.142042e-08,0.0,0.0,0.0,0,1,1,0,0,0,0,2,2,2,2,2,2,2,2,2,2,2,2
315664351,1.1175871e-08,-7.450581e-09,-1.4901161e-08,0.0,0.0,-5.9604645e-08,0,1,1,0,0,0,0,2,2,2,2,2,2,2,2,2,2,2,2
316063127,2.9802322e-08,-3.259629e-08,1.4901161e-08,0.0,0.0,0.0,0,1,1,0,0,0,0,2,2,2,2,2,2,2,2,2,2,2,2
316265601,2.2351742e-08,7.450581e-09,1.8626451e-08,0.0,0.0,-5.9604645e-08,0,1,1,0,0,0,0,2,2,2,2,2,2,2,2,2,2,2,2
316466851,1.4901161e-08,6.519258e-09,-3.7252903e-09,0.0,0.0,-5.9604645e-08,0,1,1,0,0,0,0,2,2,2,2,2,2,2,2,2,2,2,2
316666853,1.1175871e-08,-1.8626451e-09,-7.450581e-09,0.0,0.0,-5.9604645e-08,0,1,1,0,0,0,0,2,2,2,2,2,2,2,2,2,2,2,2
316863121,0.0,1.3038516e-08,0.0,0.0,0.0,0.0,0,1,1,0,0,0,0,2,2,2,2,2,2,2,2,2,2,2,2
317065601,-2.2351742e-08,-5.5879354e-09,2.6077032e-08,0.0,0.0,0.0,0,1,1,0,0,0,0,2,2,2,2,2,2,2,2,2,2,2,2
317263123,-7.450581e-09,3.7252903e-09,-1.1175871e-08,0.0,0.0,-5.9604645e-08,0,1,1,0,0,0,0,2,2,2,2,2,2,2,2,2,2,2,2
317466854,-7.450581e-09,1.6298145e-08,3.7252903e-08,0.0,0.0,0.0,0,1,1,0,0,0,0,2,2,2,2,2,2,2,2,2,2,2,2
318066853,-7.450581e-09,-2.561137e-08,0.0,0.0,0.0,0.0,0,1,1,0,0,0,0,2,2,2,2,2,2,2,2,2,2,2,2
318264351,-1.8626451e-08,1.3969839e-08,1.8626451e-08,0.0,0.0,-5.9604645e-08,0,1,1,0,0,0,0,2,2,2,2,2,2,2,2,2,2,2,2
318466852,7.450581e-09,-4.656613e-10,0.0,0.0,0.0,0.0,0,1,1,0,0,0,0,2,2,2,2,2,2,2,2,2,2,2,2
318665598,-7.450581e-09,5.5879354e-09,2.6077032e-08,0.0,0.0,5.9604645e-08,0,1,1,0,0,0,0,2,2,2,2,2,2,2,2,2,2,2,2
318863121,2.2351742e-08,-3.7252903e-09,-2.0023435e-08,0.0,0.0,0.0,0,1,1,0,0,0,0,2,2,2,2,2,2,2,2,2,2,2,2
319066853,3.7252903e-09,1.4901161e-08,-2.8405339e-08,0.0,0.0,0.0,0,1,1,0,0,0,0,2,2,2,2,2,2,2,2,2,2,2,2
319263121,1.1175871e-08,-1.0244548e-08,3.8184226e-08,0.0,0.0,0.0,0,1,1,0,0,0,0,2,2,2,2,2,2,2,2,2,2,2,2
319663125,7.450581e-09,8.381903e-09,1.0884833e-08,0.0,0.0,0.0,0,1,1,0,0,0,0,2,2,2,2,2,2,2,2,2,2,2,2
319865601,0.0,1.4901161e-08,2.8405339e-08,0.0,0.0,-5.9604645e-08,0,1,1,0,0,0,0,2,2,2,2,2,2,2,2,2,2,2,2
320061856,1.4901161e-08,1.4901161e-08,5.2154064e-08,0.0,0.0,0.0,0,1,1,0,0,0,0,2,2,2,2,2,2,2,2,2,2,2,2
320264350,-1.4901161e-08,1.3038516e-08,1.8626451e-08,0.0,0.0,-5.9604645e-08,0,1,1,0,0,0,0,2,2,2,2,2,2,2,2,2,2,2,2
320464352,1.1175871e-08,-1.4901161e-08,1.8626451e-08,0.0,0.0,5.9604645e-08,0,1,1,0,0,0,0,2,2,2,2,2,2,2,2,2,2,2,2
320665599,0.0,-4.656613e-09,3.7252903e-08,0.0,0.0,0.0,0,1,1,0,0,0,0,2,2,2,2,2,2,2,2,2,2,2,2
320866851,0.0,1.5832484e-08,2.9802322e-08,0.0,0.0,0.0,0,1,1,0,0,0,0,2,2,2,2,2,2,2,2,2,2,2,2
321063131,3.7252903e-08,0.0,7.450581e-09,0.0,0.0,0.0,0,1,1,0,0,0,0,2,2,2,2,2,2,2,2,2,2,2,2
321265600,2.2351742e-08,3.7252903e-09,-2.9802322e-08,0.0,0.0,0.0,0,1,1,0,0,0,0,2,2,2,2,2,2,2,2,2,2,2,2
321463122,1.1175871e-08,5.5879354e-09,1.4901161e-08,0.0,0.0,0.0,0,1,1,0,0,0,0,2,2,2,2,2,2,2,2,2,2,2,2
321663128,7.450581e-09,-2.514571e-08,2.2351742e-08,0.0,0.0,-5.9604645e-08,0,1,1,0,0,0,0,2,2,2,2,2,2,2,2,2,2,2,2
321865601,1.4901161e-08,1.8626451e-08,2.2351742e-08,0.0,0.0,0.0,0,1,1,0,0,0,0,2,2,2,2,2,2,2,2,2,2,2,2
322063122,-7.450581e-09,7.450581e-09,7.450581e-09,0.0,0.0,-5.9604645e-08,0,1,1,0,0,0,0,2,2,2,2,2,2,2,2,2,2,2,2
322264351,2.2351742e-08,0.0,0.0,0.0,0.0,0.0,0,1,1,0,0,0,0,2,2,2,2,2,2,2,2,2,2,2,2
322466852,2.9802322e-08,-2.9802322e-08,1.1175871e-08,0.0,0.0,-5.9604645e-08,0,1,1,0,0,0,0,2,2,2,2,2,2,2,2,2,2,2,2
322663120,0.0,2.6077032e-08,-1.8626451e-09,0.0,0.0,-5.9604645e-08,0,1,1,0,0,0,0,2,2,2,2,2,2,2,2,2,2,2,2
322866851,0.0,0.0,-4.0512532e-08,0.0,0.0,5.9604645e-08,0,1,1,0,0,0,0,2,2,2,2,2,2,2,2,2,2,2,2
323066855,1.1175871e-08,7.450581e-09,-2.514571e-08,0.0,0.0,0.0,0,1,1,0,0,0,0,2,2,2,2,2,2,2,2,2,2,2,2
323265600,4.0978193e-08,0.0,-3.7252903e-09,0.0,0.0,0.0,0,1,1,0,0,0,0,2,2,2,2,2,2,2,2,2,2,2,2
323463121,-7.450581e-09,1.4901161e-08,1.3969839e-09,0.0,0.0,0.0,0,1,1,0,0,0,0,2,2,2,2,2,2,2,2,2,2,2,2
323661859,1.1175871e-08,0.0,4.377216e-08,0.0,0.0,0.0,0,1,1,0,0,0,0,2,2,2,2,2,2,2,2,2,2,2,2
323863306,0.0,-3.7252903e-08,9.313226e-09,0.0,0.0,0.0,0,1,1,0,0,0,0,2,2,2,2,2,2,2,2,2,2,2,2
324065603,-7.450581e-09,0.0,0.0,0.0,0.0,-5.9604645e-08,0,1,1,0,0,0,0,2,2,2,2,2,2,2,2,2,2,2,2
324465600,-7.450581e-09,-1.1175871e-08,-1.4901161e-08,0.0,0.0,0.0,0,1,1,0,0,0,0,2,2,2,2,2,2,2,2,2,2,2,2
324666853,2.6077032e-08,-1.4901161e-08,2.2351742e-08,0.0,0.0,-5.9604645e-08,0,1,1,0,0,0,0,2,2,2,2,2,2,2,2,2,2,2,2
324865600,-7.450581e-09,1.3038516e-08,2.2351742e-08,0.0,0.0,0.0,0,1,1,0,0,0,0,2,2,2,2,2,2,2,2,2,2,2,2
325066854,-1.4901161e-08,2.6077032e-08,-1.6763806e-08,0.0,0.0,0.0,0,1,1,0,0,0,0,2,2,2,2,2,2,2,2,2,2,2,2
325264351,1.8626451e-09,2.6077032e-08,-4.4703484e-08,0.0,0.0,0.0,0,1,1,0,0,0,0,2,2,2,2,2,2,2,2,2,2,2,2
325466851,-5.5879354e-09,1.4901161e-08,-1.6763806e-08,0.0,0.0,0.0,0,1,1,0,0,0,0,2,2,2,2,2,2,2,2,2,2,2,2
325666852,2.188608e-08,3.7252903e-09,0.0,0.0,0.0,0.0,0,1,1,0,0,0,0,2,2,2,2,2,2,2,2,2,2,2,2
325866852,9.313226e-10,2.2351742e-08,2.9802322e-08,0.0,0.0,-5.9604645e-08,0,1,1,0,0,0,0,2,2,2,2,2,2,2,2,2,2,2,2
326065600,-3.7252903e-09,3.7252903e-09,2.7008355e-08,0.0,0.0,0.0,0,1,1,0,0,0,0,2,2,2,2,2,2,2,2,2,2,2,2
326263122,2.6077032e-08,-1.4901161e-08,-9.313226e-09,0.0,0.0,0.0,0,1,1,0,0,0,0,2,2,2,2,2,2,2,2,2,2,2,2
326466851,-2.188608e-08,3.7252903e-08,-1.8626451e-09,0.0,0.0,0.0,0,1,1,0,0,0,0,2,2,2,2,2,2,2,2,2,2,2,2
326663120,8.381903e-09,0.0,-5.5879354e-09,0.0,0.0,0.0,0,1,1,0,0,0,0,2,2,2,2,2,2,2,2,2,2,2,2
326863126,2.0489097e-08,2.2351742e-08,-1.6763806e-08,0.0,0.0,0.0,0,1,1,0,0,0,0,2,2,2,2,2,2,2,2,2,2,2,2
327063120,-1.3038516e-08,2.6077032e-08,3.7252903e-09,0.0,0.0,-5.9604645e-08,0,1,1,0,0,0,0,2,2,2,2,2,2,2,2,2,2,2,2
327263121,-2.561137e-08,2.9802322e-08,-2.188608e-08,0.0,0.0,-5.9604645e-08,0,1,1,0,0,0,0,2,2,2,2,2,2,2,2,2,2,2,2
327463132,-9.313226e-09,-7.450581e-09,-1.4202669e-08,0.0,0.0,-5.9604645e-08,0,1,1,0,0,0,0,2,2,2,2,2,2,2,2,2,2,2,2
327666851,2.4912879e-08,0.0,-1.8626451e-08,0.0,0.0,0.0,0,1,1,0,0,0,0,2,2,2,2,2,2,2,2,2,2,2,2
327865602,-1.3038516e-08,-7.450581e-09,4.656613e-09,0.0,0.0,-5.9604645e-08,0,1,1,0,0,0,0,2,2,2,2,2,2,2,2,2,2,2,2
328066853,-1.1175871e-08,-1.1175871e-08,1.8626451e-08,0.0,0.0,5.9604645e-08,0,1,1,0,0,0,0,2,2,2,2,2,2,2,2,2,2,2,2
328264352,0.0,3.7252903e-09,-1.3038516e-08,0.0,0.0,5.9604645e-08,0,1,1,0,0,0,0,2,2,2,2,2,2,2,2,2,2,2,2
328465600,1.1175871e-08,3.7252903e-09,2.4214387e-08,0.0,0.0,0.0,0,1,1,0,0,0,0,2,2,2,2,2,2,2,2,2,2,2,2
328665600,-3.7252903e-09,9.313226e-09,-2.3515895e-08,0.0,0.0,0.0,0,1,1,0,0,0,0,2,2,2,2,2,2,2,2,2,2,2,2
328863121,1.5366822e-08,-7.450581e-09,-6.0535967e-09,0.0,0.0,-5.9604645e-08,0,1,1,0,0,0,0,2,2,2,2,2,2,2,2,2,2,2,2
329063122,-1.8626451e-09,3.7252903e-09,5.122274e-08,0.0,0.0,-5.9604645e-08,0,1,1,0,0,0,0,2,2,2,2,2,2,2,2,2,2,2,2
329264352,1.1175871e-08,-1.21071935e-08,-3.1664968e-08,0.0,0.0,0.0,0,1,1,0,0,0,0,2,2,2,2,2,2,2,2,2,2,2,2
329661853,0.0,7.450581e-09,1.8626451e-09,0.0,0.0,0.0,0,1,1,0,0,0,0,2,2,2,2,2,2,2,2,2,2,2,2
329863120,1.094304e-08,-1.8626451e-08,-4.0978193e-08,0.0,0.0,0.0,0,1,1,0,0,0,0,2,2,2,2,2,2,2,2,2,2,2,2
330063124,-2.9802322e-08,2.3283064e-08,-7.450581e-09,0.0,0.0,0.0,0,1,1,0,0,0,0,2,2,2,2,2,2,2,2,2,2,2,2
330266851,-1.1641532e-08,1.1175871e-08,-2.142042e-08,0.0,0.0,5.9604645e-08,0,1,1,0,0,0,0,2,2,2,2,2,2,2,2,2,2,2,2
330463121,0.0,1.8626451e-09,2.9802322e-08,0.0,0.0,0.0,0,1,1,0,0,0,0,2,2,2,2,2,2,2,2,2,2,2,2
330665600,2.2351742e-08,-2.3283064e-08,-2.6077032e-08,0.0,0.0,0.0,0,1,1,0,0,0,0,2,2,2,2,2,2,2,2,2,2,2,2
330866851,-1.1175871e-08,0.0,-2.2351742e-08,0.0,0.0,-5.9604645e-08,0,1,1,0,0,0,0,2,2,2,2,2,2,2,2,2,2,2,2
331063122,7.450581e-09,-2.4214387e-08,-2.2351742e-08,0.0,0.0,-5.9604645e-08,0,1,1,0,0,0,0,2,2,2,2,2,2,2,2,2,2,2,2
331266852,-1.1175871e-08,3.3527613e-08,3.3527613e-08,0.0,0.0,-5.9604645e-08,0,1,1,0,0,0,0,2,2,2,2,2,2,2,2,2,2,2,2
331463121,0.0,1.6763806e-08,-4.656613e-08,0.0,0.0,0.0,0,1,1,0,0,0,0,2,2,2,2,2,2,2,2,2,2,2,2
331663123,-5.5879354e-09,9.313226e-09,1.3038516e-08,0.0,0.0,-5.9604645e-08,0,1,1,0,0,0,0,2,2,2,2,2,2,2,2,2,2,2,2
331865600,-6.519258e-09,1.1175871e-08,-1.8626451e-08,0.0,0.0,0.0,0,1,1,0,0,0,0,2,2,2,2,2,2,2,2,2,2,2,2
332066853,7.450581e-09,7.450581e-09,1.4901161e-08,0.0,0.0,0.0,0,1,1,0,0,0,0,2,2,2,2,2,2,2,2,2,2,2,2
332264352,2.6077032e-08,0.0,1.1175871e-08,0.0,0.0,0.0,0,1,1,0,0,0,0,2,2,2,2,2,2,2,2,2,2,2,2
332465600,1.4901161e-08,3.7252903e-09,1.1175871e-08,0.0,0.0,0.0,0,1,1,0,0,0,0,2,2,2,2,2,2,2,2,2,2,2,2
332663121,-1.8626451e-09,1.1175871e-08,-1.4901161e-08,0.0,0.0,0.0,0,1,1,0,0,0,0,2,2,2,2,2,2,2,2,2,2,2,2
332863123,1.1175871e-08,-3.7252903e-09,3.7252903e-08,0.0,0.0,0.0,0,1,1,0,0,0,0,2,2,2,2,2,2,2,2,2,2,2,2
333065601,-1.7695129e-08,1.3504177e-08,-1.1175871e-08,0.0,0.0,0.0,0,1,1,0,0,0,0,2,2,2,2,2,2,2,2,2,2,2,2
333265599,-1.3038516e-08,-3.1432137e-09,-3.7252903e-09,0.0,0.0,0.0,0,1,1,0,0,0,0,2,2,2,2,2,2,2,2,2,2,2,2
333465600,-1.4901161e-08,2.2351742e-08,-7.450581e-09,0.0,0.0,0.0,0,1,1,0,0,0,0,2,2,2,2,2,2,2,2,2,2,2,2
333665599,-1.1175871e-08,7.450581e-09,-3.7252903e-09,0.0,0.0,0.0,0,1,1,0,0,0,0,2,2,2,2,2,2,2,2,2,2,2,2
333866853,-5.122274e-09,2.9802322e-08,-5.122274e-09,0.0,0.0,-5.9604645e-08,0,1,1,0,0,0,0,2,2,2,2,2,2,2,2,2,2,2,2
334065602,1.4901161e-08,-1.1175871e-08,1.6298145e-08,0.0,0.0,0.0,0,1,1,0,0,0,0,2,2,2,2,2,2,2,2,2,2,2,2
334265600,-1.4901161e-08,1.4901161e-08,3.7252903e-09,0.0,0.0,-5.9604645e-08,0,1,1,0,0,0,0,2,2,2,2,2,2,2,2,2,2,2,2
334463120,6.2864274e-09,-3.7252903e-09,1.9441359e-08,0.0,0.0,-5.9604645e-08,0,1,1,0,0,0,0,2,2,2,2,2,2,2,2,2,2,2,2
334663122,8.381903e-09,1.8626451e-08,-3.5390258e-08,0.0,0.0,0.0,0,1,1,0,0,0,0,2,2,2,2,2,2,2,2,2,2,2,2
334865602,-4.656613e-10,-7.450581e-09,1.6763806e-08,0.0,0.0,-5.9604645e-08,0,1,1,0,0,0,0,2,2,2,2,2,2,2,2,2,2,2,2
335066852,3.259629e-08,-1.4901161e-08,4.656613e-09,0.0,0.0,-5.9604645e-08,0,1,1,0,0,0,0,2,2,2,2,2,2,2,2,2,2,2,2
335263121,0.0,0.0,-3.934838e-08,0.0,0.0,-5.9604645e-08,0,1,1,0,0,0,0,2,2,2,2,2,2,2,2,2,2,2,2
335465600,1.4901161e-08,-1.8626451e-09,-2.0489097e-08,0.0,0.0,-5.9604645e-08,0,1,1,0,0,0,0,2,2,2,2,2,2,2,2,2,2,2,2
335663130,-1.3038516e-08,1.4901161e-08,-1.8335413e-08,0.0,0.0,0.0,0,1,1,0,0,0,0,2,2,2,2,2,2,2,2,2,2,2,2
335865601,-2.2351742e-08,7.450581e-09,3.1897798e-08,0.0,0.0,-5.9604645e-08,0,1,1,0,0,0,0,2,2,2,2,2,2,2,2,2,2,2,2
336066853,1.8626451e-08,0.0,1.8626451e-08,0.0,0.0,0.0,0,1,1,0,0,0,0,2,2,2,2,2,2,2,2,2,2,2,2
336263160,1.1175871e-08,7.450581e-09,0.0,0.0,0.0,-5.9604645e-08,0,1,1,0,0,0,0,2,2,2,2,2,2,2,2,2,2,2,2
336466852,7.450581e-09,5.5879354e-09,-5.5879354e-09,0.0,0.0,0.0,0,1,1,0,0,0,0,2,2,2,2,2,2,2,2,2,2,2,2
336665599,1.4901161e-08,3.7252903e-09,1.1175871e-08,0.0,0.0,-5.9604645e-08,0,1,1,0,0,0,0,2,2,2,2,2,2,2,2,2,2,2,2
336866859,0.0,0.0,1.4901161e-08,0.0,0.0,-5.9604645e-08,0,1,1,0,0,0,0,2,2,2,2,2,2,2,2,2,2,2,2
337067076,5.5879354e-09,3.7252903e-09,-3.7252903e-08,0.0,0.0,0.0,0,1,1,0,0,0,0,2,2,2,2,2,2,2,2,2,2,2,2
337265600,0.0,-1.8626451e-09,0.0,0.0,0.0,0.0,0,1,1,0,0,0,0,2,2,2,2,2,2,2,2,2,2,2,2
337664353,-2.2351742e-08,-2.2620952e-08,2.2351742e-08,0.0,0.0,5.9604645e-08,0,1,1,0,0,0,0,2,2,2,2,2,2,2,2,2,2,2,2
337865600,2.9802322e-08,1.4901161e-08,1.4901161e-08,0.0,0.0,0.0,0,1,1,0,0,0,0,2,2,2,2,2,2,2,2,2,2,2,2
338063123,-0.017392516,-1.4901161e-08,-0.16122834,0.0,0.0,-2.9802322e-08,0,0,1,0,-2,0,0,2,2,2,2,2,2,2,2,2,2,2,2
338263120,3.7252903e-09,-1.4901161e-08,7.450581e-09,0.0,0.0,-2.9802322e-08,0,1,1,0,0,0,0,2,2,2,2,2,2,2,2,2,2,2,2
338463123,-9.313226e-09,-3.7252903e-09,3.7252903e-09,0.0,0.0,-7.450581e-09,0,1,1,0,0,0,0,2,2,2,2,2,2,2,2,2,2,2,2
338666851,-7.450581e-09,-7.450581e-09,2.2351742e-08,0.0,0.0,-2.9802322e-08,0,1,1,0,0,0,0,2,2,2,2,2,2,2,2,2,2,2,2
338863121,-3.1432137e-09,-7.450581e-09,7.450581e-09,0.0,0.0,0.0,0,1,1,0,0,0,0,2,2,2,2,2,2,2,2,2,2,2,2
339261852,9.313226e-09,-1.4901161e-08,1.1175871e-08,0.0,0.0,0.0,0,1,1,0,0,0,0,2,2,2,2,2,2,2,2,2,2,2,2
339461852,1.4901161e-08,-2.2351742e-08,1.1175871e-08,0.0,0.0,0.0,0,1,1,0,0,0,0,2,2,2,2,2,2,2,2,2,2,2,2
339666852,0.0,-1.4901161e-08,7.450581e-09,0.0,0.0,0.0,0,1,1,0,0,0,0,2,2,2,2,2,2,2,2,2,2,2,2
339863124,-1.4901161e-08,-7.450581e-09,0.0,0.0,0.0,0.0,0,1,1,0,0,0,0,2,2,2,2,2,2,2,2,2,2,2,2
340065600,-7.450581e-09,0.0,0.0,0.0,0.0,0.0,0,1,1,0,0,0,0,2,2,2,2,2,2,2,2,2,2,2,2
340264352,7.450581e-09,1.4901161e-08,1.4901161e-08,0.0,0.0,-2.9802322e-08,0,1,1,0,0,0,0,2,2,2,2,2,2,2,2,2,2,2,2
340466851,-1.4901161e-08,-2.2351742e-08,-0.13716617,0.0,0.0,0.0,0,0,1,-2,0,0,0,2,2,2,2,2,2,2,2,2,2,2,2
340663128,1.4901161e-08,0.0,-0.11301449,0.0,0.0,0.0,0,0,1,-2,0,0,0,2,2,2,2,2,2,2,2,2,2,2,2
340863122,-1.4901161e-08,-7.450581e-09,1.4901161e-08,0.0,0.0,0.0,0,1,1,0,0,0,0,2,2,2,2,2,2,2,2,2,2,2,2
341063122,-1.4901161e-08,-1.4901161e-08,0.0,0.0,0.0,1.4901161e-08,0,1,1,0,0,0,0,2,2,2,2,2,2,2,2,2,2,2,2
341264350,0.0,0.0,7.450581e-09,0.0,0.0,-1.4901161e-08,0,1,1,0,0,0,0,2,2,2,2,2,2,2,2,2,2,2,2
341466852,0.0060658604,-1.4901161e-08,1.4901161e-08,0.0,0.0,-1.4901161e-08,0,0,1,0,0,0,0,2,2,2,2,2,2,2,2,2,2,2,2
341664349,0.040288985,0.0,0.0,0.0,0.0,0.0,0,0,1,0,0,0,0,2,2,2,2,2,2,2,2,2,2,2,2
341863129,0.08117041,-7.450581e-09,7.450581e-09,0.0,0.0,-7.450581e-09,0,0,1,0,0,0,0,2,2,2,2,2,2,2,2,2,2,2,2
342063125,0.08377849,-1.4901161e-08,7.450581e-09,0.0,0.0,-7.450581e-09,0,0,1,0,0,0,0,2,2,2,2,2,2,2,2,2,2,2,2
342263121,0.08897107,-1.4901161e-08,7.450581e-09,0.0,0.0,-7.450581e-09,0,0,1,0,0,0,0,2,2,2,2,2,2,2,2,2,2,2,2
342463129,0.08282418,-7.450581e-09,7.450581e-09,0.0,0.0,0.0,0,0,1,0,0,0,0,2,2,2,2,2,2,2,2,2,2,2,2
342665600,0.07807663,-7.450581e-09,7.450581e-09,0.0,0.0,0.0,0,0,1,0,0,0,0,2,2,2,2,2,2,2,2,2,2,2,2
342865599,0.091406204,-1.4901161e-08,7.450581e-09,0.0,0.0,0.0,0,0,1,0,0,0,0,2,2,2,2,2,2,2,2,2,2,2,2
343066851,0.09105442,-7.450581e-09,7.450581e-09,0.0,0.0,0.0,0,0,1,0,0,0,0,2,2,2,2,2,2,2,2,2,2,2,2
343266852,0.08478264,-1.4901161e-08,0.0,0.0,0.0,-7.450581e-09,0,0,1,0,0,0,0,2,2,2,2,2,2,2,2,2,2,2,2
343464350,0.07589062,-7.450581e-09,0.0,0.0,0.0,0.0,0,0,1,0,0,0,0,2,2,2,2,2,2,2,2,2,2,2,2
343664350,0.09280238,-1.4901161e-08,3.7252903e-09,0.0,0.0,0.0,0,0,1,0,0,0,0,2,2,2,2,2,2,2,2,2,2,2,2
343863121,0.086281806,7.450581e-09,7.450581e-09,0.0,0.0,-7.450581e-09,0,0,1,0,0,0,0,2,2,2,2,2,2,2,2,2,2,2,2
344063122,-1.4901161e-08,7.450581e-09,3.7252903e-09,0.0,0.0,2.9802322e-08,0,1,1,0,0,0,0,2,2,2,2,2,2,2,2,2,2,2,2
344265600,-1.4901161e-08,-7.450581e-09,3.7252903e-09,0.0,0.0,0.0,0,1,1,0,0,0,0,2,2,2,2,2,2,2,2,2,2,2,2
344463120,-2.9802322e-08,-1.1175871e-08,1.1175871e-08,0.0,0.0,2.9802322e-08,0,1,1,0,0,0,0,2,2,2,2,2,2,2,2,2,2,2,2
344665600,0.0,1.8626451e-08,7.450581e-09,0.0,0.0,-2.9802322e-08,0,1,1,0,0,0,0,2,2,2,2,2,2,2,2,2,2,2,2
344863122,-1.4901161e-08,0.0,3.7252903e-09,0.0,0.0,-2.9802322e-08,0,1,1,0,0,0,0,2,2,2,2,2,2,2,2,2,2,2,2
345065601,-1.4901161e-08,7.450581e-09,3.7252903e-09,0.0,0.0,0.0,0,1,1,0,0,0,0,2,2,2,2,2,2,2,2,2,2,2,2
345265600,0.0,-3.7252903e-09,0.0,0.0,0.0,0.0,0,1,1,0,0,0,0,2,2,2,2,2,2,2,2,2,2,2,2
345461851,-1.4901161e-08,7.450581e-09,0.0,0.0,0.0,-2.9802322e-08,0,1,1,0,0,0,0,2,2,2,2,2,2,2,2,2,2,2,2
345665601,0.14311701,-1.1175871e-08,7.450581e-09,0.0,0.0,0.0,0,0,1,0,0,0,0,2,2,2,2,2,2,2,2,2,2,2,2
345866856,0.0,1.3038516e-08,-0.38209385,0.0,0.0,0.0,0,0,1,-2,0,0,0,2,2,2,2,2,2,2,2,2,2,2,2
346063123,0.0,1.4901161e-08,-0.4449687,0.0,0.0,0.0,0,0,1,-2,0,0,0,2,2,2,2,2,2,2,2,2,2,2,2
346265600,-2.9802322e-08,3.7252903e-09,-0.48189133,0.0,0.0,0.0,0,0,1,-2,0,0,0,2,2,2,2,2,2,2,2,2,2,2,2
346465600,0.03043735,-7.450581e-09,-0.48122162,0.0,0.0,-1.4901161e-08,0,0,1,-2,0,0,0,2,2,2,2,2,2,2,2,2,2,2,2
346663123,0.16532934,-3.7252903e-09,3.7252903e-09,0.0,0.0,0.0,0,0,1,0,0,0,0,2,2,2,2,2,2,2,2,2,2,2,2
347061852,0.0776407,-1.4901161e-08,-0.4490558,0.0,0.0,0.0,0,0,1,-2,0,0,0,2,2,2,2,2,2,2,2,2,2,2,2
347465605,0.09853308,-2.2351742e-08,-0.46609452,0.0,0.0,-1.4901161e-08,0,0,1,-2,0,0,0,2,2,2,2,2,2,2,2,2,2,2,2
347664351,0.1838836,-7.450581e-09,-0.4012171,0.0,0.0,-1.4901161e-08,0,0,1,-2,0,0,0,2,2,2,2,2,2,2,2,2,2,2,2
347866852,0.08370443,-5.820766e-09,-0.54378974,0.0,0.0,-1.4901161e-08,0,0,1,-2,0,0,0,2,2,2,2,2,2,2,2,2,2,2,2
348065600,0.20501822,-1.4901161e-08,-0.44938824,0.0,0.0,-7.450581e-09,0,0,1,0,-2,0,0,2,2,2,2,2,2,2,2,2,2,2,2
348266853,0.17810759,-1.1175871e-08,-0.45666665,0.0,0.0,-7.450581e-09,0,0,1,-2,0,0,0,2,2,2,2,2,2,2,2,2,2,2,2
348466851,0.16636679,-3.7252903e-09,-0.48488992,0.0,0.0,-1.4901161e-08,0,0,1,-2,0,0,0,2,2,2,2,2,2,2,2,2,2,2,2
348665601,0.20410737,-1.4901161e-08,-0.4434339,0.0,0.0,0.0,0,0,1,0,-2,0,0,2,2,2,2,2,2,2,2,2,2,2,2
348865600,0.1668038,-1.8626451e-08,-0.348057,0.0,0.0,0.0,0,0,1,-2,0,0,0,2,2,2,2,2,2,2,2,2,2,2,2
349065598,0.19414422,0.0,-0.07533289,0.0,0.0,0.0,0,0,1,-2,0,0,0,2,2,2,2,2,2,2,2,2,2,2,2
349266851,0.17547631,-7.450581e-09,7.450581e-09,0.0,0.0,1.4901161e-08,0,0,1,0,0,0,0,2,2,2,2,2,2,2,2,2,2,2,2
349466852,0.13150929,0.0,7.450581e-09,0.0,0.0,0.0,0,0,1,0,0,0,0,2,2,2,2,2,2,2,2,2,2,2,2
349663123,0.1490497,-2.2351742e-08,-0.025369786,0.0,0.0,1.4901161e-08,0,0,1,-2,0,0,0,2,2,2,2,2,2,2,2,2,2,2,2
349866853,0.16599354,7.450581e-09,-0.4064745,0.0,0.0,-1.4901161e-08,0,0,1,-2,0,0,0,2,2,2,2,2,2,2,2,2,2,2,2
350066850,0.19303218,0.0,-0.1748175,0.0,0.0,1.4901161e-08,0,0,1,-2,0,0,0,2,2,2,2,2,2,2,2,2,2,2,2
350466851,0.18447252,-7.450581e-09,7.450581e-09,0.0,0.0,0.0,0,0,1,0,0,0,0,2,2,2,2,2,2,2,2,2,2,2,2
350665599,0.17743102,1.1175871e-08,7.450581e-09,0.0,0.0,0.0,0,0,1,0,0,0,0,2,2,2,2,2,2,2,2,2,2,2,2
350864353,0.1672726,-3.7252903e-09,0.0,0.0,0.0,0.0,0,0,1,0,0,0,0,2,2,2,2,2,2,2,2,2,2,2,2
351063120,0.17622802,-3.7252903e-09,0.0,0.0,0.0,-7.450581e-09,0,0,1,0,0,0,0,2,2,2,2,2,2,2,2,2,2,2,2
351267075,0.18412282,-7.450581e-09,7.450581e-09,0.0,0.0,1.4901161e-08,0,0,1,0,0,0,0,2,2,2,2,2,2,2,2,2,2,2,2
351465600,0.17661867,-7.450581e-09,7.450581e-09,0.0,0.0,1.4901161e-08,0,0,1,0,0,0,0,2,2,2,2,2,2,2,2,2,2,2,2
351663123,0.10022563,-1.1175871e-08,7.450581e-09,0.0,0.0,0.0,0,0,1,0,0,0,0,2,2,2,2,2,2,2,2,2,2,2,2
351863125,0.1271179,0.0,1.4901161e-08,0.0,0.0,-1.4901161e-08,0,0,1,0,0,0,0,2,2,2,2,2,2,2,2,2,2,2,2
352061853,0.14050211,-3.7252903e-09,7.450581e-09,0.0,0.0,0.0,0,0,1,0,0,0,0,2,2,2,2,2,2,2,2,2,2,2,2
352265599,0.15378708,-3.7252903e-09,-0.0050476864,0.0,0.0,-1.4901161e-08,0,0,1,-2,0,0,0,2,2,2,2,2,2,2,2,2,2,2,2
352466852,0.16993761,-3.7252903e-09,-0.0016214028,0.0,0.0,0.0,0,0,1,-2,0,0,0,2,2,2,2,2,2,2,2,2,2,2,2
352666850,0.16497591,-1.1175871e-08,-0.0027442798,0.0,0.0,0.0,0,0,1,-2,0,0,0,2,2,2,2,2,2,2,2,2,2,2,2
352866854,0.16327997,7.450581e-09,-0.0071565285,0.0,0.0,-7.450581e-09,0,0,1,-2,0,0,0,2,2,2,2,2,2,2,2,2,2,2,2
353064354,0.113411486,-1.1175871e-08,7.450581e-09,0.0,0.0,0.0,0,0,1,0,0,0,0,2,2,2,2,2,2,2,2,2,2,2,2
353264352,0.16125274,1.1175871e-08,-0.0120919235,0.0,0.0,0.0,0,0,1,-2,0,0,0,2,2,2,2,2,2,2,2,2,2,2,2
353465603,0.12039794,7.450581e-09,7.450581e-09,0.0,0.0,0.0,0,0,1,0,0,0,0,2,2,2,2,2,2,2,2,2,2,2,2
353661852,0.11443396,7.450581e-09,-0.020452965,0.0,0.0,1.4901161e-08,0,0,1,-2,0,0,0,2,2,2,2,2,2,2,2,2,2,2,2
353865603,0.1446125,-1.4901161e-08,7.450581e-09,0.0,0.0,0.0,0,0,1,0,0,0,0,2,2,2,2,2,2,2,2,2,2,2,2
354063122,0.147228,0.0,-0.017460708,0.0,0.0,-7.450581e-09,0,0,1,-2,0,0,0,2,2,2,2,2,2,2,2,2,2,2,2
354263130,0.17414138,-1.1175871e-08,0.0,0.0,0.0,0.0,0,0,1,0,0,0,0,2,2,2,2,2,2,2,2,2,2,2,2
354463120,0.17731363,-3.7252903e-09,7.450581e-09,0.0,0.0,0.0,0,0,1,0,0,0,0,2,2,2,2,2,2,2,2,2,2,2,2
354663121,0.17759329,-1.1175871e-08,7.450581e-09,0.0,0.0,0.0,0,0,1,0,0,0,0,2,2,2,2,2,2,2,2,2,2,2,2
354865601,0.18270224,7.450581e-09,0.0,0.0,0.0,-7.450581e-09,0,0,1,0,0,0,0,2,2,2,2,2,2,2,2,2,2,2,2
355063120,0.18609259,0.0,7.450581e-09,0.0,0.0,0.0,0,0,1,0,0,0,0,2,2,2,2,2,2,2,2,2,2,2,2
355463128,0.19088656,-7.450581e-09,7.450581e-09,0.0,0.0,0.0,0,0,1,0,0,0,0,2,2,2,2,2,2,2,2,2,2,2,2
355664352,0.1926837,7.450581e-09,0.0,0.0,0.0,0.0,0,0,1,0,0,0,0,2,2,2,2,2,2,2,2,2,2,2,2
355863121,0.19490074,0.0,7.450581e-09,0.0,0.0,0.0,0,0,1,0,0,0,0,2,2,2,2,2,2,2,2,2,2,2,2
356063162,0.19748764,-7.450581e-09,1.4901161e-08,0.0,0.0,0.0,0,0,1,0,0,0,0,2,2,2,2,2,2,2,2,2,2,2,2
356266857,0.20056872,-1.4901161e-08,7.450581e-09,0.0,0.0,0.0,0,0,1,0,0,0,0,2,2,2,2,2,2,2,2,2,2,2,2
356463121,0.20258789,-2.2351742e-08,1.4901161e-08,0.0,0.0,0.0,0,0,1,0,0,0,0,2,2,2,2,2,2,2,2,2,2,2,2
356666853,0.20508465,-7.450581e-09,7.450581e-09,0.0,0.0,1.4901161e-08,0,0,1,0,0,0,0,2,2,2,2,2,2,2,2,2,2,2,2
356865600,0.20807853,-7.450581e-09,0.0,0.0,0.0,-7.450581e-09,0,0,1,0,0,0,0,2,2,2,2,2,2,2,2,2,2,2,2
357066856,0.21035817,-1.4901161e-08,7.450581e-09,0.0,0.0,1.4901161e-08,0,0,1,0,0,0,0,2,2,2,2,2,2,2,2,2,2,2,2
357266851,0.21274346,-2.2351742e-08,1.4901161e-08,0.0,0.0,0.0,0,0,1,0,0,0,0,2,2,2,2,2,2,2,2,2,2,2,2
357463120,0.21555144,-7.450581e-09,7.450581e-09,0.0,0.0,0.0,0,0,1,0,0,0,0,2,2,2,2,2,2,2,2,2,2,2,2
357663121,0.21774179,0.0,7.450581e-09,0.0,0.0,0.0,0,0,1,0,0,0,0,2,2,2,2,2,2,2,2,2,2,2,2
357865600,0.22090632,-1.4901161e-08,7.450581e-09,0.0,0.0,0.0,0,0,1,0,0,0,0,2,2,2,2,2,2,2,2,2,2,2,2
358063125,0.22303954,-1.4901161e-08,1.4901161e-08,0.0,0.0,0.0,0,0,1,0,0,0,0,2,2,2,2,2,2,2,2,2,2,2,2
358266851,0.22606564,0.0,7.450581e-09,0.0,0.0,1.4901161e-08,0,0,1,0,0,0,0,2,2,2,2,2,2,2,2,2,2,2,2
358661850,0.23108448,-1.4901161e-08,1.4901161e-08,0.0,0.0,0.0,0,0,1,0,0,0,0,2,2,2,2,2,2,2,2,2,2,2,2
359063124,0.23688029,-1.4901161e-08,1.4901161e-08,0.0,0.0,0.0,0,0,1,0,0,0,0,2,2,2,2,2,2,2,2,2,2,2,2
359264353,0.036990523,0.004810283,0.00013471922,0.0,0.0,-4.656613e-10,0,0,1,0,-2,0,-2,2,2,2,2,2,2,2,2,2,2,2,2
359466855,0.036869682,0.004808444,0.00030796792,0.0,0.0,-1.1641532e-10,0,0,1,0,-2,0,-2,2,2,2,2,2,2,2,2,2,2,2,2
359663126,0.037585214,0.0047553466,0.00022319901,0.0,0.0,2.3283064e-10,0,0,1,0,-2,0,-2,2,2,2,2,2,2,2,2,2,2,2,2
359865602,0.037587505,0.004987425,0.00024830722,0.0,0.0,1.1641532e-10,0,0,1,0,-2,0,-2,2,2,2,2,2,2,2,2,2,2,2,2
360066857,0.037455827,0.0052351695,0.0003817453,0.0,0.0,2.3283064e-10,0,0,1,0,-2,0,-2,2,2,2,2,2,2,2,2,2,2,2,2
