timestamp,position[0],position[1],position[2],velocity[0],velocity[1],velocity[2],acceleration[0],acceleration[1],acceleration[2],jerk[0],jerk[1],jerk[2],yaw,yawspeed
200052446,nan,nan,nan,0.0006342713,-0.010849295,1.0,-0.0138112465,0.23624317,0.0,nan,nan,0.0,nan,2.5421758
200072369,nan,nan,nan,0.00062256446,-0.010630278,1.0,-0.013740008,0.23461042,0.0,nan,nan,0.0,nan,2.5421772
200262313,nan,nan,nan,0.0007807397,-0.007045185,1.0,-0.024435015,0.22049502,0.0,nan,nan,0.0,nan,2.5421824
200452648,nan,nan,nan,0.00054681656,-0.01058863,1.0,-0.011049312,0.21396036,0.0,nan,nan,0.0,nan,2.542183
200662572,nan,nan,nan,0.0016332545,-0.007305106,1.0,-0.04453259,0.19918226,0.0,nan,nan,0.0,nan,2.5080519
200862304,nan,nan,nan,-0.00048533868,-0.0035529435,1.0,0.024229474,0.17737298,0.0,nan,nan,0.0,nan,0.5872386
201062286,nan,nan,nan,0.00011803363,-0.005086641,1.0,-0.0040744822,0.17558916,0.0,nan,nan,0.0,nan,0.06493535
201262288,nan,nan,nan,-0.00062812085,-0.0021230131,1.0,0.044563964,0.15062371,0.0,nan,nan,0.0,nan,0.007105778
201452571,nan,nan,nan,-0.0026153037,-0.0043886406,1.0,0.09036689,0.15164123,0.0,nan,nan,0.0,nan,0.00085319084
201662548,nan,nan,nan,-0.001536096,-0.0013835011,1.0,0.11588184,0.10437019,0.0,nan,nan,0.0,nan,8.575579e-05
201862248,nan,nan,nan,-0.0024762605,-0.0012401612,0.9912364,0.14922208,0.07473344,-0.238112,nan,nan,-8.0,nan,9.410795e-06
202052353,nan,nan,nan,-0.0054743597,-0.0035463434,0.9756351,0.14431721,0.093490094,-0.078656,nan,nan,-8.0,nan,1.1327555e-06
202262294,nan,nan,nan,-0.0053923824,-0.003710307,0.9545614,0.17758648,0.12219092,-0.236112,nan,nan,-8.0,-2.1887054,1.1500335e-07
202452580,nan,nan,-2.9625602,-0.0073619434,-0.002281096,0.93811667,0.19712755,0.061079927,-0.15984,nan,nan,-8.0,-2.188629,1.3958428e-08
202662579,nan,nan,-2.9514127,-0.007907832,0.0008333054,0.91855955,0.20796892,-0.021915188,-0.16052,nan,nan,-8.0,-2.1884634,1.3895354e-09
202862290,nan,nan,-2.943489,-0.0068132565,0.00017050983,0.901049,0.21946535,-0.0054923804,-0.239496,nan,nan,-8.0,-2.1883178,1.5258382e-10
203052350,nan,nan,-2.9315546,-0.011017296,-0.00081422867,0.88466984,0.21728049,0.016058022,-0.07852,nan,nan,-8.0,-2.188105,1.8556155e-11
203262268,nan,nan,nan,-0.009015484,-0.0011969074,0.86437196,0.24010254,0.031876326,-0.237856,nan,nan,-8.0,-2.1878488,1.8662578e-12
203452531,0.0061271894,-1.0153669,nan,0.0,0.0,0.77082866,0.0,0.0,-1.202304,nan,nan,-8.0,-2.1878273,2.241847e-13
203662553,0.0061271894,-1.0153669,nan,0.0,0.0,0.34188724,0.0,0.0,-2.882464,nan,nan,-8.0,-2.1878273,2.2307973e-14
203862302,0.0061271894,-1.0153669,nan,0.0,0.0,-0.3123304,0.0,0.0,-3.035225,nan,nan,8.0,-2.1878273,2.4471824e-15
204062247,0.0061271894,-1.0153669,nan,0.0,0.0,-0.9522456,0.0,0.0,-2.9604177,nan,nan,8.0,-2.1878273,2.6549695e-16
204262331,0.0061271894,-1.0153669,nan,0.0,0.0,-1.3844435,0.0,0.0,-1.3597457,nan,nan,8.0,-2.1878273,2.9325277e-17
204452601,0.0061271894,-1.0153669,nan,0.0,0.0,-1.5,0.0,0.0,0.0,nan,nan,0.0,-2.1878273,3.55763e-18
204652345,0.0061271894,-1.0153669,nan,0.0,0.0,-1.5,0.0,0.0,0.0,nan,nan,0.0,-2.1878273,3.9445945e-19
205062289,0.0061271894,-1.0153669,nan,0.0,0.0,-1.5,0.0,0.0,0.0,nan,nan,0.0,-2.1878273,4.346033e-21
205262275,0.0061271894,-1.0153669,nan,0.0,0.0,-1.5,0.0,0.0,0.0,nan,nan,0.0,-2.1878273,4.757346e-22
205452539,0.0061271894,-1.0153669,nan,0.0,0.0,-1.5,0.0,0.0,0.0,nan,nan,0.0,-2.1878273,5.7143014e-23
205662524,0.0061271894,-1.0153669,nan,0.0,0.0,-1.5,0.0,0.0,0.0,nan,nan,0.0,-2.1878273,5.6306276e-24
205862261,0.0061271894,-1.0153669,nan,0.0,0.0,-1.5,0.0,0.0,0.0,nan,nan,0.0,-2.1878273,6.120461e-25
206062284,0.0061271894,-1.0153669,nan,0.0,0.0,-1.5,0.0,0.0,0.0,nan,nan,0.0,-2.1878273,6.633849e-26
206262319,0.0061271894,-1.0153669,nan,0.0,0.0,-1.5,0.0,0.0,0.0,nan,nan,0.0,-2.1878273,7.2566136e-27
206652348,0.0061271894,-1.0153669,nan,0.0,0.0,-1.5,0.0,0.0,0.0,nan,nan,0.0,-2.0716343,9.569873e-29
206862338,0.0061271894,-1.0153669,nan,0.0,0.0,-1.5,0.0,0.0,0.0,nan,nan,0.0,-2.0716343,9.5251545e-30
207062291,0.0061271894,-1.0153669,nan,0.0,0.0,-1.5,0.0,0.0,0.0,nan,nan,0.0,-2.0716343,1.0336667e-30
207262262,0.0061271894,-1.0153669,nan,0.0,0.0,-1.5,0.0,0.0,0.0,nan,nan,0.0,-2.0716343,1.1421846e-31
207452532,0.0061271894,-1.0153669,nan,0.0,0.0,-1.5,0.0,0.0,0.0,nan,nan,0.0,-2.0716343,1.3721866e-32
207662256,0.0061271894,-1.0153669,nan,0.0,0.0,-1.5,0.0,0.0,0.0,nan,nan,0.0,-2.0716343,1.3428322e-33
207862275,nan,nan,nan,-0.07226242,0.0030852773,-1.5,0.1353055,-0.05526092,0.0,nan,nan,0.0,-2.0716343,1.4693302e-34
208062274,nan,nan,nan,-0.023422072,-0.016391868,-1.5,0.09214002,-0.11278895,0.0,nan,nan,0.0,-2.0716343,1.5927475e-35
208262281,nan,nan,nan,-0.026800241,-0.043752253,-1.5,-0.06983341,-0.16608667,0.0,nan,nan,0.0,-2.0716343,1.7428305e-36
208452571,nan,nan,nan,-0.048237063,-0.082283586,-1.5,-0.1521921,-0.26358208,0.0,nan,nan,0.0,-2.0980768,2.0935303e-37
208662321,nan,nan,nan,-0.10689073,-0.18325754,-1.5,-0.38101292,-0.6550019,0.0,nan,nan,0.0,-2.0980768,2.0695137e-38
208862313,nan,nan,nan,-0.19983979,-0.34297454,-1.5,-0.49371153,-0.8482176,0.0,nan,nan,0.0,-2.0980768,2.310036e-39
209062289,nan,nan,nan,-0.30799118,-0.52876174,-1.5,-0.56495667,-0.9704555,0.0,nan,nan,0.0,-2.0980768,2.52918e-40
209262252,nan,nan,nan,-0.41513017,-0.712795,-1.5,-0.523425,-0.8990721,0.0,nan,nan,0.0,-2.0980768,2.771e-41
209452452,nan,nan,nan,-0.52805775,-0.9111649,-1.5,-0.6661525,-1.203983,0.0,nan,nan,0.0,-2.0835147,3.332e-42
209662259,nan,nan,nan,-0.68632376,-1.200617,-1.5,-0.7772159,-1.4277291,0.0,nan,nan,0.0,-2.077346,3.34e-43
209862258,nan,nan,nan,-0.82880074,-1.4643589,-1.5,-0.6547475,-1.2214665,0.0,nan,nan,0.0,-2.0735064,3.6e-44
210062256,nan,nan,nan,-0.94413716,-1.6824969,-1.5,-0.5439024,-1.04035,0.0,nan,nan,0.0,-2.068272,4e-45
210262301,nan,nan,nan,-1.0508484,-1.8869998,-1.5,-0.5495542,-1.0574183,0.0,nan,nan,0.0,-2.0659244,1e-45
210462521,nan,nan,nan,-1.1514099,-2.0850606,-1.5,-0.470721,-0.9398464,0.0,nan,nan,0.0,-2.0591512,1e-45
210662279,nan,nan,nan,-1.212069,-2.2875793,-1.5,-0.30352807,-1.0474368,0.0,nan,nan,0.0,nan,0.03714335
210852352,nan,nan,nan,-1.2523707,-2.456403,-1.5433822,-0.12663281,-0.72706854,-0.39817297,nan,nan,8.0,nan,0.008441102
211262286,nan,nan,nan,-1.2663392,-2.675042,-1.7340518,0.021617651,-0.37025726,-0.3767892,nan,nan,8.0,nan,9.197486e-05
211462437,nan,nan,nan,-1.2476354,-2.7057397,-1.8333701,0.13410628,-0.032751203,-0.3790745,nan,nan,8.0,nan,1.0056165e-05
211662251,nan,nan,nan,-1.2177722,-2.6964595,-1.9205774,0.15701205,0.10065746,-0.026379466,nan,nan,8.0,nan,1.0923444e-06
211862254,nan,nan,nan,-1.1893971,-2.6734986,-1.7658486,0.13079381,0.13126922,1.5736446,nan,nan,8.0,nan,1.2074928e-07
212062296,nan,nan,nan,-1.1599748,-2.635298,-1.3022634,0.14999497,0.20721483,2.5741675,nan,nan,-8.0,-1.9502478,1.3207497e-08
212262304,nan,nan,nan,-1.1302221,-2.5920827,-0.9060422,0.16805524,0.27315986,1.2548302,nan,nan,-8.0,-1.9502478,1.4315652e-09
212452345,nan,nan,nan,-1.0754877,-2.481266,-0.8048065,0.38753885,0.8399596,0.21546227,nan,nan,8.0,-1.9502478,1.7403433e-10
212662292,nan,nan,nan,-0.95109105,-2.1969373,-0.6848777,0.7331621,1.6935405,0.36802834,nan,nan,-8.0,-1.9502478,1.732003e-11
213062314,nan,nan,nan,-0.6326262,-1.4613113,-0.6493845,0.7864584,1.8166503,0.15800796,nan,nan,-8.0,-1.9502478,2.116222e-13
213262261,nan,nan,nan,-0.48731685,-1.1256593,-0.637568,0.686131,1.5849028,0.0,nan,nan,0.0,-1.9502478,2.316771e-14
213462445,nan,nan,nan,-0.36465675,-0.8423252,-0.65066886,0.57283336,1.3231949,-0.14399199,nan,nan,8.0,-1.9502478,2.531411e-15
213662276,nan,nan,nan,-0.25704652,-0.5937549,-0.6474755,0.50954026,1.1769933,0.072890565,nan,nan,-8.0,-1.9502478,2.7479456e-16
213862287,nan,nan,nan,-0.16362697,-0.37796402,-0.6471434,0.43353403,1.0014257,0.0,nan,nan,0.0,-1.9502478,3.0084218e-17
214062258,nan,nan,nan,-0.08850506,-0.20443895,-0.6471435,0.33506104,0.77396166,0.0,nan,nan,0.0,-1.9502478,3.2944792e-18
214262279,nan,nan,nan,-0.034699414,-0.08015261,-0.6519647,0.22273108,0.51448935,0.0,nan,nan,0.0,-1.9502478,3.6051858e-19
214462492,nan,nan,nan,-0.0046952195,-0.010845547,-0.6519647,0.09753596,0.2252995,0.0,nan,nan,0.0,-1.9502478,4.0178563e-20
214662321,-4.2299323,-9.889851,nan,0.0,0.0,-0.6519647,0.0,0.0,0.0,nan,nan,0.0,-1.9502478,4.4472913e-21
214862292,-4.2299323,-9.889851,nan,0.0,0.0,-0.64748764,0.0,0.0,0.07421459,nan,nan,-8.0,-1.9502478,4.9659756e-22
215052355,-4.2299323,-9.889851,nan,0.0,0.0,-0.6519647,0.0,0.0,0.0,nan,nan,0.0,-1.9502478,6.0350415e-23
215252488,-4.2299323,-9.889851,nan,0.0,0.0,-0.6485746,0.0,0.0,0.15132225,nan,nan,-8.0,-1.9502478,6.599359e-24
215462437,-4.2299323,-9.889851,nan,0.0,0.0,-0.64234453,0.0,0.0,0.0,nan,nan,0.0,-1.9502478,6.634274e-25
215662275,nan,nan,nan,-0.061207443,-0.033776406,-0.618683,0.35730582,0.032160357,0.0,nan,nan,0.0,-1.9502478,7.270985e-26
215862250,nan,nan,nan,-0.039027855,-0.06670731,-0.618683,-0.06510493,-0.3715461,0.0,nan,nan,0.0,-1.9502478,8.03936e-27
216062253,nan,nan,nan,-0.06813276,-0.15754592,-0.6140165,-0.20404351,-0.55880105,0.0,nan,nan,0.0,-1.9502478,8.884283e-28
216252532,nan,nan,nan,-0.12039109,-0.29362613,-0.59605664,-0.3057983,-0.7833773,0.088644385,nan,nan,-8.0,-1.9502478,1.0567871e-28
216462527,nan,nan,nan,-0.18871568,-0.46727479,-0.57306254,-0.33124197,-0.838725,0.036936224,nan,nan,-8.0,-1.9502478,1.0622525e-29
216662284,nan,nan,nan,-0.23642537,-0.5881371,-0.5729773,-0.095667005,-0.24498916,0.0,nan,nan,0.0,-1.9502478,1.1651875e-30
216862283,nan,nan,nan,-0.22159246,-0.55179214,-0.57305217,0.18057051,0.4490397,0.034608275,nan,nan,-8.0,-1.9502478,1.2756546e-31
217062322,nan,nan,nan,-0.17666724,-0.4399327,-0.5729773,0.24954638,0.6214146,0.0,nan,nan,0.0,-1.9502478,1.4092937e-32
217252444,nan,nan,nan,-0.12663993,-0.31535587,-0.57745326,0.2698881,0.67206925,0.0,nan,nan,0.0,-1.9502478,1.6789068e-33
217462433,nan,nan,nan,-0.07595249,-0.18917683,-0.5729773,0.1498302,0.37171164,0.0,nan,nan,0.0,-1.9502478,1.6870487e-34
217662255,nan,nan,nan,-0.107132964,-0.26795423,-0.56852186,-0.41342142,-1.039023,0.0,nan,nan,0.0,-1.9502478,1.8492602e-35
217862255,nan,nan,nan,-0.25563815,-0.640661,-0.56874144,-1.0065653,-2.525018,0.05927041,nan,nan,-8.0,-1.9502478,2.024794e-36
218062251,nan,nan,nan,-0.47054747,-1.1796613,-0.5729773,-0.94802135,-2.377632,0.0,nan,nan,0.0,-1.9502478,2.2374053e-37
218252444,nan,nan,nan,-0.61241925,-1.5354793,-0.5640869,-0.6557995,-1.6447637,0.0,nan,nan,0.0,-1.9502478,2.6899737e-38
218462508,nan,nan,nan,-0.69751805,-1.7489233,-0.5208407,-0.14911678,-0.37412977,0.00698255,nan,nan,-8.0,-1.9502478,2.701144e-39
218662310,nan,nan,nan,-0.6680691,-1.6751084,-0.51662016,0.28672978,0.7188763,0.0,nan,nan,0.0,-1.9502478,2.992e-40
218862311,nan,nan,nan,-0.6179488,-1.5494492,-0.52083766,0.22693247,0.5689511,-0.0001412481,nan,nan,8.0,-1.9502478,3.2757e-41
219062301,nan,nan,nan,-0.5768394,-1.4463819,-0.46044475,0.18703818,0.46892953,0.37504858,nan,nan,-8.0,-1.9502478,3.622e-42
219252547,nan,nan,nan,-0.549855,-1.3787314,-0.39130506,0.10055423,0.25207216,0.058970198,nan,nan,-8.0,-1.9502478,4.36e-43
219462436,nan,nan,nan,-0.54038274,-1.3549945,-0.3375239,0.033768117,0.0846079,0.32252955,nan,nan,-8.0,-1.9502478,4.2e-44
219662246,nan,nan,nan,-0.53610104,-1.3442703,-0.28771913,0.017874122,0.044760585,0.0,nan,nan,0.0,-1.9502478,4e-45
219862312,nan,nan,nan,-0.53318816,-1.3369771,-0.30081877,0.010224074,0.025585175,0.0,nan,nan,0.0,-1.9502478,1e-45
220062259,nan,nan,nan,-0.5257167,-1.3182509,-0.29922616,0.05465573,0.137012,-0.15963073,nan,nan,8.0,-1.9502478,1e-45
220252521,nan,nan,nan,-0.5149765,-1.2913258,-0.29752576,0.06809127,0.17070961,0.0,nan,nan,0.0,-1.9502478,1e-45
220462277,nan,nan,nan,-0.47178644,-1.1830273,-0.29752576,0.31984952,0.80203813,0.0,nan,nan,0.0,-1.9502478,1e-45
220662293,nan,nan,nan,-0.39978212,-1.002473,-0.29799157,0.38403425,0.96298444,0.08632908,nan,nan,-8.0,-1.9502478,1e-45
221062296,nan,nan,nan,-0.24142525,-0.6053854,-0.29931226,0.3977699,0.99742717,0.15525527,nan,nan,8.0,-1.9502478,1e-45
221252536,nan,nan,nan,-0.16863558,-0.4228618,-0.30028686,0.36177802,0.9071757,0.082416,nan,nan,8.0,-1.9502478,1e-45
221462290,nan,nan,nan,-0.09859229,-0.2472249,-0.2992563,0.30274093,0.75913745,0.158112,nan,nan,8.0,-1.9502478,1e-45
221662258,nan,nan,nan,-0.046504002,-0.116611026,-0.29752576,0.22197762,0.5566196,0.0,nan,nan,0.0,-1.9502478,1e-45
221862259,nan,nan,nan,-0.01246068,-0.031245753,-0.3007901,0.12480504,0.31295463,0.021409959,nan,nan,8.0,-1.9502478,1e-45
222062252,-5.7658434,-13.907815,nan,0.0,0.0,-0.30081743,0.0,0.0,-0.004626557,nan,nan,8.0,-1.9502478,1e-45
222252438,-5.7658434,-13.907815,nan,0.0,0.0,-0.2946819,0.0,0.0,0.081832,nan,nan,-8.0,-1.9502478,1e-45
222462346,-5.7658434,-13.907815,nan,0.0,0.0,-0.29904538,0.0,0.0,0.15592876,nan,nan,-8.0,-1.9502478,1e-45
222662288,-5.7658434,-13.907815,nan,0.0,0.0,-0.2992533,0.0,0.0,0.158264,nan,nan,8.0,-1.9502478,1e-45
222862286,-5.7658434,-13.907815,nan,0.0,0.0,-0.29925016,0.0,0.0,0.158424,nan,nan,8.0,-1.9502478,1e-45
223062296,-5.7658434,-13.907815,nan,0.0,0.0,-0.29752576,0.0,0.0,0.0,nan,nan,0.0,-1.9502478,1e-45
223252493,-5.7658434,-13.907815,nan,0.0,0.0,-0.29735595,0.0,0.0,-0.052126743,nan,nan,8.0,-1.9502478,1e-45
223462289,-5.7658434,-13.907815,nan,0.0,0.0,-0.29752576,0.0,0.0,0.0,nan,nan,0.0,-1.9502478,1e-45
223662295,-5.7658434,-13.907815,nan,0.0,0.0,-0.30081713,0.0,0.0,0.005063042,nan,nan,8.0,-1.9502478,1e-45
223862281,-5.7658434,-13.907815,nan,0.0,0.0,-0.29752576,0.0,0.0,0.0,nan,nan,0.0,-1.9502478,1e-45
224062265,-5.7658434,-13.907815,nan,0.0,0.0,-0.29906523,0.0,0.0,-0.156944,nan,nan,-8.0,-1.9502478,1e-45
224252490,-5.7658434,-13.907815,nan,0.0,0.0,-0.29467076,0.0,0.0,0.081943996,nan,nan,-8.0,-1.9502478,1e-45
224462287,-5.7658434,-13.907815,nan,0.0,0.0,-0.2990862,0.0,0.0,-0.158008,nan,nan,-8.0,-1.9502478,1e-45
224662290,-5.7658434,-13.907815,nan,0.0,0.0,-0.29752576,0.0,0.0,0.0,nan,nan,0.0,-1.9502478,1e-45
224862323,-5.7658434,-13.907815,nan,0.0,0.0,-0.29596388,0.0,0.0,-0.160864,nan,nan,-8.0,-1.9502478,1e-45
225062346,-5.7658434,-13.907815,nan,0.0,0.0,-0.2963428,0.0,0.0,-0.13757814,nan,nan,8.0,-1.9502478,1e-45
225262526,-5.7658434,-13.907815,nan,0.0,0.0,-0.29752576,0.0,0.0,0.0,nan,nan,0.0,-1.9502478,1e-45
225462249,-5.7658434,-13.907815,nan,0.0,0.0,-0.29909328,0.0,0.0,-0.158368,nan,nan,-8.0,-1.9502478,1e-45
225662251,-5.7658434,-13.907815,nan,0.0,0.0,-0.29752573,0.0,0.0,0.0,nan,nan,0.0,-1.9502478,1e-45
225862244,-5.7658434,-13.907815,nan,0.0,0.0,-0.30081874,0.0,0.0,0.0,nan,nan,0.0,-1.9502478,1e-45
226062289,-5.7658434,-13.907815,nan,0.0,0.0,-0.29752576,0.0,0.0,0.0,nan,nan,0.0,-1.9502478,1e-45
226262503,-5.7658434,-13.907815,nan,0.0,0.0,-0.29913074,0.0,0.0,-0.160248,nan,nan,-8.0,-1.9502478,1e-45
226462328,-5.7658434,-13.907815,nan,0.0,0.0,-0.2975272,0.0,0.0,0.0047769397,nan,nan,-8.0,-1.9502478,1e-45
226662284,-5.7658434,-13.907815,nan,0.0,0.0,-0.299256,0.0,0.0,0.158128,nan,nan,8.0,-1.9502478,1e-45
226862281,-5.7658434,-13.907815,nan,0.0,0.0,-0.29993656,0.0,0.0,-0.11880958,nan,nan,8.0,-1.9502478,1e-45
227062288,-5.7658434,-13.907815,nan,0.0,0.0,-0.29906067,0.0,0.0,-0.156712,nan,nan,-8.0,-1.9502478,1e-45
227462293,-5.7658434,-13.907815,nan,0.0,0.0,-0.29897964,0.0,0.0,0.15251951,nan,nan,-8.0,-1.9502478,1e-45
227662291,-5.7658434,-13.907815,nan,0.0,0.0,-0.30081877,0.0,0.0,0.0,nan,nan,0.0,-1.9502478,1e-45
227862257,-5.7658434,-13.907815,nan,0.0,0.0,-0.29752576,0.0,0.0,0.0,nan,nan,0.0,-1.9502478,1e-45
228062260,-5.7658434,-13.907815,nan,0.0,0.0,-0.294246,0.0,0.0,0.0041386783,nan,nan,-8.0,-1.9502478,1e-45
228262450,-5.7658434,-13.907815,nan,0.0,0.0,-0.30081818,0.0,0.0,-0.0030406415,nan,nan,8.0,-1.9502478,1e-45
228462294,-5.7658434,-13.907815,nan,0.0,0.0,-0.29753062,0.0,0.0,0.008810401,nan,nan,-8.0,-1.9502478,1e-45
228662316,-5.7658434,-13.907815,nan,0.0,0.0,-0.29752576,0.0,0.0,0.0,nan,nan,0.0,-1.9502478,1e-45
228862326,-5.7658434,-13.907815,nan,0.0,0.0,-0.29752576,0.0,0.0,0.0,nan,nan,0.0,-1.9502478,1e-45
229052510,-5.7658434,-13.907815,nan,0.0,0.0,-0.2975258,0.0,0.0,0.0,nan,nan,0.0,-1.9502478,1e-45
229262510,-5.7658434,-13.907815,nan,0.0,0.0,-0.2991256,0.0,0.0,-0.159992,nan,nan,-8.0,-1.9502478,1e-45
229452356,-5.7658434,-13.907815,nan,0.0,0.0,-0.29752576,0.0,0.0,0.0,nan,nan,0.0,-1.9502478,1e-45
229662257,-5.7658434,-13.907815,nan,0.0,0.0,-0.30081877,0.0,0.0,0.0,nan,nan,0.0,-1.9502478,1e-45
229862260,-5.7658434,-13.907815,nan,0.0,0.0,-0.29752576,0.0,0.0,0.0,nan,nan,0.0,-1.9502478,1e-45
230052428,-5.7658434,-13.907815,nan,0.0,0.0,-0.29752576,0.0,0.0,0.0,nan,nan,0.0,-1.9502478,1e-45
230262517,-5.7658434,-13.907815,nan,0.0,0.0,-0.2975719,0.0,0.0,0.000624001,nan,nan,-8.0,-1.9502478,1e-45
230462254,-5.7658434,-13.907815,nan,0.0,0.0,-0.29958987,0.0,0.0,-0.1402232,nan,nan,8.0,-1.9502478,1e-45
230662289,-5.7658434,-13.907815,nan,0.0,0.0,-0.29752576,0.0,0.0,0.0,nan,nan,0.0,-1.9502478,1e-45
230862297,-5.7658434,-13.907815,nan,0.0,0.0,-0.297527,0.0,0.0,0.0044725686,nan,nan,-8.0,-1.9502478,1e-45
231052457,-5.7658434,-13.907815,nan,0.0,0.0,-0.29752576,0.0,0.0,0.0,nan,nan,0.0,-1.9502478,1e-45
231262559,-5.7658434,-13.907815,nan,0.0,0.0,-0.29752576,0.0,0.0,0.0,nan,nan,0.0,-1.9502478,1e-45
231462327,-5.7658434,-13.907815,nan,0.0,0.0,-0.2975269,0.0,0.0,0.004280314,nan,nan,-8.0,-1.9502478,1e-45
231662293,-5.7658434,-13.907815,nan,0.0,0.0,-0.29752573,0.0,0.0,0.0,nan,nan,0.0,-1.9502478,1e-45
231862262,-5.7658434,-13.907815,nan,0.0,0.0,-0.29752576,0.0,0.0,0.0,nan,nan,0.0,-1.9502478,1e-45
232052444,-5.7658434,-13.907815,nan,0.0,0.0,-0.29791924,0.0,0.0,-0.079344,nan,nan,-8.0,-1.9502478,1e-45
232262462,-5.7658434,-13.907815,nan,0.0,0.0,-0.30081874,0.0,0.0,0.0,nan,nan,0.0,-1.9502478,1e-45
232462260,-5.7658434,-13.907815,nan,0.0,0.0,-0.2992498,0.0,0.0,0.15844,nan,nan,8.0,-1.9502478,1e-45
232662305,-5.7658434,-13.907815,nan,0.0,0.0,-0.30081877,0.0,0.0,0.0,nan,nan,0.0,-1.9502478,1e-45
232862324,-5.7658434,-13.907815,nan,0.0,0.0,-0.2991938,0.0,0.0,-0.15952,nan,nan,-8.0,-1.9502478,1e-45
233052506,-5.7658434,-13.907815,nan,0.0,0.0,-0.30038497,0.0,0.0,-0.08331247,nan,nan,8.0,-1.9502478,1e-45
233262516,-5.7658434,-13.907815,nan,0.0,0.0,-0.30081826,0.0,0.0,-0.0028160512,nan,nan,8.0,-1.9502478,1e-45
233462292,-5.7658434,-13.907815,nan,0.0,0.0,-0.29752576,0.0,0.0,0.0,nan,nan,0.0,-1.9502478,1e-45
233662260,-5.7658434,-13.907815,nan,0.0,0.0,-0.30081648,0.0,0.0,-0.0060323775,nan,nan,8.0,-1.9502478,1e-45
233862310,-5.7658434,-13.907815,nan,0.0,0.0,-0.29752576,0.0,0.0,0.0,nan,nan,0.0,-1.9502478,1e-45
234262445,-5.7658434,-13.907815,nan,0.0,0.0,-0.29752576,0.0,0.0,0.0,nan,nan,0.0,-1.9502478,1e-45
234862303,-5.7658434,-13.907815,nan,0.0,0.0,-0.2975258,0.0,0.0,0.0,nan,nan,0.0,-1.9502478,1e-45
235052498,-5.7658434,-13.907815,nan,0.0,0.0,-0.29712352,0.0,0.0,-0.08022262,nan,nan,8.0,-1.9502478,1e-45
235262288,-5.7658434,-13.907815,nan,0.0,0.0,-0.2975271,0.0,0.0,0.0045791864,nan,nan,-8.0,-1.9502478,1e-45
235462338,-5.7658434,-13.907815,nan,0.0,0.0,-0.30077955,0.0,0.0,0.025050506,nan,nan,8.0,-1.9502478,1e-45
235662257,-5.7658434,-13.907815,nan,0.0,0.0,-0.29909536,0.0,0.0,-0.158472,nan,nan,-8.0,-1.9502478,1e-45
235862269,-5.7658434,-13.907815,nan,0.0,0.0,-0.29922104,0.0,0.0,-0.15988788,nan,nan,8.0,-1.9502478,1e-45
236052441,-5.7658434,-13.907815,nan,0.0,0.0,-0.29902422,0.0,0.0,-0.10165136,nan,nan,-8.0,-1.9502478,1e-45
236262269,-5.7658434,-13.907815,nan,0.0,0.0,-0.29752576,0.0,0.0,0.0,nan,nan,0.0,-1.9502478,1e-45
236462312,-5.7658434,-13.907815,nan,0.0,0.0,-0.29752576,0.0,0.0,0.0,nan,nan,0.0,-1.9502478,1e-45
236662290,-5.7658434,-13.907815,nan,0.0,0.0,-0.2958089,0.0,0.0,-0.15708801,nan,nan,-8.0,-1.9502478,1e-45
236862299,-5.7658434,-13.907815,nan,0.0,0.0,-0.2992782,0.0,0.0,0.157,nan,nan,8.0,-1.9502478,1e-45
237052489,-5.7658434,-13.907815,nan,0.0,0.0,-0.29707363,0.0,0.0,0.08548202,nan,nan,8.0,-1.9502478,1e-45
237262295,-5.7658434,-13.907815,nan,0.0,0.0,-0.29752576,0.0,0.0,0.0,nan,nan,0.0,-1.9502478,1e-45
237462290,-5.7658434,-13.907815,nan,0.0,0.0,-0.29925475,0.0,0.0,0.158192,nan,nan,8.0,-1.9502478,1e-45
237862263,-5.7658434,-13.907815,nan,0.0,0.0,-0.29752576,0.0,0.0,0.0,nan,nan,0.0,-1.9502478,1e-45
238052433,-5.7658434,-13.907815,nan,0.0,0.0,-0.29792392,0.0,0.0,-0.079816,nan,nan,-8.0,-1.9502478,1e-45
238262254,-5.7658434,-13.907815,nan,0.0,0.0,-0.30081877,0.0,0.0,0.0,nan,nan,0.0,-1.9502478,1e-45
238462253,-5.7658434,-13.907815,nan,0.0,0.0,-0.29752576,0.0,0.0,0.0,nan,nan,0.0,-1.9502478,1e-45
238662292,-5.7658434,-13.907815,nan,0.0,0.0,-0.29752576,0.0,0.0,0.0,nan,nan,0.0,-1.9502478,1e-45
238862324,-5.7658434,-13.907815,nan,0.0,0.0,-0.29752576,0.0,0.0,0.0,nan,nan,0.0,-1.9502478,1e-45
239062602,-5.7658434,-13.907815,nan,0.0,0.0,-0.29913762,0.0,0.0,-0.160592,nan,nan,-8.0,-1.9502478,1e-45
239166161,-3.6850133,-14.156381,-18.659094,0.0,0.0,0.0,0.0,0.0,0.0,0.0,0.0,0.0,-1.9528745,0.0
239366153,-3.4850132,-14.156381,-18.659094,0.0,0.0,0.0,0.0,0.0,0.0,0.0,0.0,0.0,-1.9528745,0.0
239566143,-3.2850132,-14.156381,-18.659094,0.0,0.0,0.0,0.0,0.0,0.0,0.0,0.0,0.0,-1.9528745,0.0
239766144,-3.0850132,-14.156381,-18.659094,0.0,0.0,0.0,0.0,0.0,0.0,0.0,0.0,0.0,-1.9528745,0.0
239966147,-2.885013,-14.156381,-18.659094,0.0,0.0,0.0,0.0,0.0,0.0,0.0,0.0,0.0,-1.9528745,0.0
240166144,-2.885013,-14.156381,-18.659094,0.0,0.0,0.0,0.0,0.0,0.0,0.0,0.0,0.0,-1.9528745,0.0
240366140,-2.885013,-14.156381,-18.659094,0.0,0.0,0.0,0.0,0.0,0.0,0.0,0.0,0.0,-1.9528745,0.0
240566139,-2.885013,-14.156381,-18.659094,0.0,0.0,0.0,0.0,0.0,0.0,0.0,0.0,0.0,-1.9528745,0.0
240766138,-2.885013,-14.156381,-18.659094,0.0,0.0,0.0,0.0,0.0,0.0,0.0,0.0,0.0,-1.9528745,0.0
240966132,-2.885013,-14.156381,-18.659094,0.0,0.0,0.0,0.0,0.0,0.0,0.0,0.0,0.0,-1.9528745,0.0
241166134,-2.885013,-14.156381,-18.659094,0.0,0.0,0.0,0.0,0.0,0.0,0.0,0.0,0.0,-1.9528745,0.0
241366133,-2.885013,-14.156381,-18.659094,0.0,0.0,0.0,0.0,0.0,0.0,0.0,0.0,0.0,-1.9528745,0.0
241566132,-2.885013,-14.156381,-18.659094,0.0,0.0,0.0,0.0,0.0,0.0,0.0,0.0,0.0,-1.9528745,0.0
241766129,-2.885013,-14.156381,-18.659094,0.0,0.0,0.0,0.0,0.0,0.0,0.0,0.0,0.0,-1.9528745,0.0
241966086,-2.885013,-14.156381,-18.659094,0.0,0.0,0.0,0.0,0.0,0.0,0.0,0.0,0.0,-1.9528745,0.0
242166122,-2.885013,-14.156381,-18.659094,0.0,0.0,0.0,0.0,0.0,0.0,0.0,0.0,0.0,-1.9528745,0.0
242566099,-2.885013,-14.156381,-18.659094,0.0,0.0,0.0,0.0,0.0,0.0,0.0,0.0,0.0,-1.9528745,0.0
242766091,-2.885013,-14.156381,-18.659094,0.0,0.0,0.0,0.0,0.0,0.0,0.0,0.0,0.0,-1.9528745,0.0
242966110,-2.885013,-14.156381,-18.659094,0.0,0.0,0.0,0.0,0.0,0.0,0.0,0.0,0.0,-1.9528745,0.0
243166089,-5.439053,-14.142381,-18.843815,0.0,0.0,0.0,0.0,0.0,0.0,0.0,0.0,0.0,-1.9528745,0.0
243366097,-5.615367,-14.149515,-18.749674,0.0,0.0,0.0,0.0,0.0,0.0,0.0,0.0,0.0,-1.9528745,0.0
243566082,-5.615367,-14.149515,-18.749674,0.0,0.0,0.0,0.0,0.0,0.0,0.0,0.0,0.0,-1.9528745,0.0
243766078,-5.615367,-14.149515,-18.749674,0.0,0.0,0.0,0.0,0.0,0.0,0.0,0.0,0.0,-1.9528745,0.0
243966067,-5.615367,-14.149515,-18.749674,0.0,0.0,0.0,0.0,0.0,0.0,0.0,0.0,0.0,-1.9528745,0.0
244166069,-5.615367,-14.149515,-18.749674,0.0,0.0,0.0,0.0,0.0,0.0,0.0,0.0,0.0,-1.9528745,0.0
244366068,-5.615367,-14.149515,-18.749674,0.0,0.0,0.0,0.0,0.0,0.0,0.0,0.0,0.0,-1.9528745,0.0
244566050,-5.615367,-14.149515,-18.749674,0.0,0.0,0.0,0.0,0.0,0.0,0.0,0.0,0.0,-1.9528745,0.0
244766055,-5.615367,-14.149515,-18.749674,0.0,0.0,0.0,0.0,0.0,0.0,0.0,0.0,0.0,-1.9528745,0.0
244966036,-5.615367,-14.149515,-18.749674,0.0,0.0,0.0,0.0,0.0,0.0,0.0,0.0,0.0,-1.9528745,0.0
245166028,-5.615367,-14.149515,-18.749674,0.0,0.0,0.0,0.0,0.0,0.0,0.0,0.0,0.0,-1.9528745,0.0
245566021,-5.615367,-14.149515,-18.749674,0.0,0.0,0.0,0.0,0.0,0.0,0.0,0.0,0.0,-1.9528745,0.0
245766010,-5.615367,-14.149515,-18.749674,0.0,0.0,0.0,0.0,0.0,0.0,0.0,0.0,0.0,-1.9528745,0.0
245966026,-5.615367,-14.149515,-18.749674,0.0,0.0,0.0,0.0,0.0,0.0,0.0,0.0,0.0,-1.9528745,0.0
246165991,-5.615367,-14.149515,-18.749674,0.0,0.0,0.0,0.0,0.0,0.0,0.0,0.0,0.0,-1.9528745,0.0
246365989,-5.615367,-14.149515,-18.749674,0.0,0.0,0.0,0.0,0.0,0.0,0.0,0.0,0.0,-1.9528745,0.0
246565943,-3.0498803,-14.213512,-18.73373,0.0,0.0,0.0,0.0,0.0,0.0,0.0,0.0,0.0,-1.9528745,0.0
246765957,-3.13164,-14.211804,-18.791283,0.0,0.0,0.0,0.0,0.0,0.0,0.0,0.0,0.0,-1.9528745,0.0
246965952,-3.2951593,-14.208388,-18.906391,0.0,0.0,0.0,0.0,0.0,0.0,0.0,0.0,0.0,-1.9528745,0.0
247365932,-3.622198,-14.201557,-19.136606,0.0,0.0,0.0,0.0,0.0,0.0,0.0,0.0,0.0,-1.9528745,0.0
247565925,-3.7857175,-14.198142,-19.251713,0.0,0.0,0.0,0.0,0.0,0.0,0.0,0.0,0.0,-1.9528745,0.0
247765905,-3.9492369,-14.194726,-19.366821,0.0,0.0,0.0,0.0,0.0,0.0,0.0,0.0,0.0,-1.9528745,0.0
247965925,-4.1127563,-14.191311,-19.481928,0.0,0.0,0.0,0.0,0.0,0.0,0.0,0.0,0.0,-1.9528745,0.0
248165919,-4.2762756,-14.187895,-19.597036,0.0,0.0,0.0,0.0,0.0,0.0,0.0,0.0,0.0,-1.9528745,0.0
248365902,-4.439795,-14.18448,-19.712143,0.0,0.0,0.0,0.0,0.0,0.0,0.0,0.0,0.0,-1.9528745,0.0
248565894,-4.6033144,-14.181064,-19.827251,0.0,0.0,0.0,0.0,0.0,0.0,0.0,0.0,0.0,-1.9528745,0.0
248765908,-4.766834,-14.177649,-19.942358,0.0,0.0,0.0,0.0,0.0,0.0,0.0,0.0,0.0,-1.9528745,0.0
249165868,-5.0938725,-14.170817,-20.172573,0.0,0.0,0.0,0.0,0.0,0.0,0.0,0.0,0.0,-1.9528745,0.0
249365841,-5.257392,-14.167401,-20.287682,0.0,0.0,0.0,0.0,0.0,0.0,0.0,0.0,0.0,-1.9528745,0.0
249565834,-5.4209113,-14.163986,-20.402788,0.0,0.0,0.0,0.0,0.0,0.0,0.0,0.0,0.0,-1.9528745,0.0
249765816,-5.5844307,-14.16057,-20.517897,0.0,0.0,0.0,0.0,0.0,0.0,0.0,0.0,0.0,-1.9528745,0.0
249965803,-5.6661906,-14.158863,-20.57545,0.0,0.0,0.0,0.0,0.0,0.0,0.0,0.0,0.0,-1.9528745,0.0
250165772,-5.6661906,-14.158863,-20.57545,0.0,0.0,0.0,0.0,0.0,0.0,0.0,0.0,0.0,-1.9528745,0.0
250365854,-5.6661906,-14.158863,-20.57545,0.0,0.0,0.0,0.0,0.0,0.0,0.0,0.0,0.0,-1.9528745,0.0
250565760,-5.6661906,-14.158863,-20.57545,0.0,0.0,0.0,0.0,0.0,0.0,0.0,0.0,0.0,-1.9528745,0.0
250765701,-5.6661906,-14.158863,-20.57545,0.0,0.0,0.0,0.0,0.0,0.0,0.0,0.0,0.0,-1.9528745,0.0
250965685,-5.6661906,-14.158863,-20.57545,0.0,0.0,0.0,0.0,0.0,0.0,0.0,0.0,0.0,-1.9528745,0.0
251165673,-5.6661906,-14.158863,-20.57545,0.0,0.0,0.0,0.0,0.0,0.0,0.0,0.0,0.0,-1.9528745,0.0
251366085,-5.6661906,-14.158863,-20.57545,0.0,0.0,0.0,0.0,0.0,0.0,0.0,0.0,0.0,-1.9528745,0.0
251565653,-5.6661906,-14.158863,-20.57545,0.0,0.0,0.0,0.0,0.0,0.0,0.0,0.0,0.0,-1.9528745,0.0
251765640,-5.6661906,-14.158863,-20.57545,0.0,0.0,0.0,0.0,0.0,0.0,0.0,0.0,0.0,-1.9528745,0.0
251965630,-5.6661906,-14.158863,-20.57545,0.0,0.0,0.0,0.0,0.0,0.0,0.0,0.0,0.0,-1.9528745,0.0
252165604,-5.6661906,-14.158863,-20.57545,0.0,0.0,0.0,0.0,0.0,0.0,0.0,0.0,0.0,-1.9528745,0.0
252365600,-5.6661906,-14.158863,-20.57545,0.0,0.0,0.0,0.0,0.0,0.0,0.0,0.0,0.0,-1.9528745,0.0
252565578,-5.6661906,-14.158863,-20.57545,0.0,0.0,0.0,0.0,0.0,0.0,0.0,0.0,0.0,-1.9528745,0.0
252765546,-5.6661906,-14.158863,-20.57545,0.0,0.0,0.0,0.0,0.0,0.0,0.0,0.0,0.0,-1.9528745,0.0
252965516,-4.5806446,-14.273194,-19.933834,0.0,0.0,0.0,0.0,0.0,0.0,0.0,0.0,0.0,-1.9528745,0.0
253165490,-4.717693,-14.259902,-19.788778,0.0,0.0,0.0,0.0,0.0,0.0,0.0,0.0,0.0,-1.9528745,0.0
253365504,-4.7862167,-14.253256,-19.71625,0.0,0.0,0.0,0.0,0.0,0.0,0.0,0.0,0.0,-1.9528745,0.0
253565489,-4.923265,-14.239963,-19.571194,0.0,0.0,0.0,0.0,0.0,0.0,0.0,0.0,0.0,-1.9528745,0.0
253765480,-5.0603127,-14.22667,-19.426138,0.0,0.0,0.0,0.0,0.0,0.0,0.0,0.0,0.0,-1.9528745,0.0
253965451,-5.197361,-14.213378,-19.281082,0.0,0.0,0.0,0.0,0.0,0.0,0.0,0.0,0.0,-1.9528745,0.0
254165422,-5.3344088,-14.200086,-19.136026,0.0,0.0,0.0,0.0,0.0,0.0,0.0,0.0,0.0,-1.9528745,0.0
254365412,-5.471457,-14.186793,-18.99097,0.0,0.0,0.0,0.0,0.0,0.0,0.0,0.0,0.0,-1.9528745,0.0
254565426,-5.608505,-14.1735,-18.845915,0.0,0.0,0.0,0.0,0.0,0.0,0.0,0.0,0.0,-1.9528745,0.0
254765386,-5.6770287,-14.166854,-18.773388,0.0,0.0,0.0,0.0,0.0,0.0,0.0,0.0,0.0,-1.9528745,0.0
254965352,-5.6770287,-14.166854,-18.773388,0.0,0.0,0.0,0.0,0.0,0.0,0.0,0.0,0.0,-1.9528745,0.0
255165329,-5.6770287,-14.166854,-18.773388,0.0,0.0,0.0,0.0,0.0,0.0,0.0,0.0,0.0,-1.9528745,0.0
255365367,-5.6770287,-14.166854,-18.773388,0.0,0.0,0.0,0.0,0.0,0.0,0.0,0.0,0.0,-1.9528745,0.0
255565309,-5.6770287,-14.166854,-18.773388,0.0,0.0,0.0,0.0,0.0,0.0,0.0,0.0,0.0,-1.9528745,0.0
255765290,-5.6770287,-14.166854,-18.773388,0.0,0.0,0.0,0.0,0.0,0.0,0.0,0.0,0.0,-1.9528745,0.0
255965277,-5.6770287,-14.166854,-18.773388,0.0,0.0,0.0,0.0,0.0,0.0,0.0,0.0,0.0,-1.9528745,0.0
256165241,-5.6770287,-14.166854,-18.773388,0.0,0.0,0.0,0.0,0.0,0.0,0.0,0.0,0.0,-1.9528745,0.0
256365238,-5.6770287,-14.166854,-18.773388,0.0,0.0,0.0,0.0,0.0,0.0,0.0,0.0,0.0,-1.9528745,0.0
257165142,-5.6770287,-14.166854,-18.773388,0.0,0.0,0.0,0.0,0.0,0.0,0.0,0.0,0.0,-1.9528745,0.0
257365122,-5.6770287,-14.166854,-18.773388,0.0,0.0,0.0,0.0,0.0,0.0,0.0,0.0,0.0,-1.9528745,0.0
257565111,-5.6770287,-14.166854,-18.773388,0.0,0.0,0.0,0.0,0.0,0.0,0.0,0.0,0.0,-1.9528745,0.0
257765101,-5.02815,-14.106506,-19.40354,0.0,0.0,0.0,0.0,0.0,0.0,0.0,0.0,0.0,-1.9528745,0.0
257965064,-5.07643,-13.918321,-19.356052,0.0,0.0,0.0,0.0,0.0,0.0,0.0,0.0,0.0,-1.9528745,0.0
258164999,-5.1247096,-13.730134,-19.308565,0.0,0.0,0.0,0.0,0.0,0.0,0.0,0.0,0.0,-1.9528745,0.0
258365031,-5.172989,-13.541948,-19.261078,0.0,0.0,0.0,0.0,0.0,0.0,0.0,0.0,0.0,-1.9528745,0.0
258565051,-5.2212687,-13.353763,-19.21359,0.0,0.0,0.0,0.0,0.0,0.0,0.0,0.0,0.0,-1.9528745,0.0
258764971,-5.2695484,-13.165576,-19.166101,0.0,0.0,0.0,0.0,0.0,0.0,0.0,0.0,0.0,-1.9528745,0.0
258964930,-5.317828,-12.97739,-19.118614,0.0,0.0,0.0,0.0,0.0,0.0,0.0,0.0,0.0,-1.9528745,0.0
259164921,-5.366108,-12.789204,-19.071127,0.0,0.0,0.0,0.0,0.0,0.0,0.0,0.0,0.0,-1.9528745,0.0
259364903,-5.414387,-12.601018,-19.02364,0.0,0.0,0.0,0.0,0.0,0.0,0.0,0.0,0.0,-1.9528745,0.0
259564889,-5.462667,-12.412832,-18.976152,0.0,0.0,0.0,0.0,0.0,0.0,0.0,0.0,0.0,-1.9528745,0.0
259764839,-5.5109468,-12.224646,-18.928663,0.0,0.0,0.0,0.0,0.0,0.0,0.0,0.0,0.0,-1.9528745,0.0
259964854,-5.5350866,-12.130553,-18.90492,0.0,0.0,0.0,0.0,0.0,0.0,0.0,0.0,0.0,-1.9528745,0.0
260164811,-5.5833664,-11.942367,-18.857433,0.0,0.0,0.0,0.0,0.0,0.0,0.0,0.0,0.0,-1.9528745,0.0
260364814,-5.6316457,-11.754181,-18.809944,0.0,0.0,0.0,0.0,0.0,0.0,0.0,0.0,0.0,-1.9528745,0.0
260564795,-5.6799254,-11.565994,-18.762457,0.0,0.0,0.0,0.0,0.0,0.0,0.0,0.0,0.0,-1.9528745,0.0
260764766,-5.728205,-11.377809,-18.71497,0.0,0.0,0.0,0.0,0.0,0.0,0.0,0.0,0.0,-1.9528745,0.0
260964740,-5.752345,-11.283715,-18.691227,0.0,0.0,0.0,0.0,0.0,0.0,0.0,0.0,0.0,-1.9528745,0.0
261164704,-5.752345,-11.283715,-18.691227,0.0,0.0,0.0,0.0,0.0,0.0,0.0,0.0,0.0,-1.9528745,0.0
261764658,-5.752345,-11.283715,-18.691227,0.0,0.0,0.0,0.0,0.0,0.0,0.0,0.0,0.0,-1.9528745,0.0
261964609,-5.752345,-11.283715,-18.691227,0.0,0.0,0.0,0.0,0.0,0.0,0.0,0.0,0.0,-1.9528745,0.0
262164591,-5.752345,-11.283715,-18.691227,0.0,0.0,0.0,0.0,0.0,0.0,0.0,0.0,0.0,-1.9528745,0.0
262364581,-5.752345,-11.283715,-18.691227,0.0,0.0,0.0,0.0,0.0,0.0,0.0,0.0,0.0,-1.9528745,0.0
262564549,-5.752345,-11.283715,-18.691227,0.0,0.0,0.0,0.0,0.0,0.0,0.0,0.0,0.0,-1.9528745,0.0
262764514,-5.752345,-11.283715,-18.691227,0.0,0.0,0.0,0.0,0.0,0.0,0.0,0.0,0.0,-1.9528745,0.0
262964485,-5.752345,-11.283715,-18.691227,0.0,0.0,0.0,0.0,0.0,0.0,0.0,0.0,0.0,-1.9528745,0.0
263164471,-5.752345,-11.283715,-18.691227,0.0,0.0,0.0,0.0,0.0,0.0,0.0,0.0,0.0,-1.9528745,0.0
263364461,-5.752345,-11.283715,-18.691227,0.0,0.0,0.0,0.0,0.0,0.0,0.0,0.0,0.0,-1.9528745,0.0
263564432,-5.752345,-11.283715,-18.691227,0.0,0.0,0.0,0.0,0.0,0.0,0.0,0.0,0.0,-1.9528745,0.0
263764406,-5.752345,-11.283715,-18.691227,0.0,0.0,0.0,0.0,0.0,0.0,0.0,0.0,0.0,-1.9528745,0.0
263964362,-5.3121953,-12.398707,-18.904917,0.0,0.0,0.0,0.0,0.0,0.0,0.0,0.0,0.0,-1.9528745,0.0
264164338,-5.3636813,-12.590104,-18.878149,0.0,0.0,0.0,0.0,0.0,0.0,0.0,0.0,0.0,-1.9528745,0.0
264364299,-5.4151673,-12.781501,-18.85138,0.0,0.0,0.0,0.0,0.0,0.0,0.0,0.0,0.0,-1.9528745,0.0
264564303,-5.466654,-12.972898,-18.824612,0.0,0.0,0.0,0.0,0.0,0.0,0.0,0.0,0.0,-1.9528745,0.0
264764278,-5.51814,-13.164293,-18.797844,0.0,0.0,0.0,0.0,0.0,0.0,0.0,0.0,0.0,-1.9528745,0.0
264964248,-5.569626,-13.35569,-18.771076,0.0,0.0,0.0,0.0,0.0,0.0,0.0,0.0,0.0,-1.9528745,0.0
265164213,-5.621112,-13.547087,-18.744308,0.0,0.0,0.0,0.0,0.0,0.0,0.0,0.0,0.0,-1.9528745,0.0
265364198,-5.672598,-13.738483,-18.717539,0.0,0.0,0.0,0.0,0.0,0.0,0.0,0.0,0.0,-1.9528745,0.0
265564169,-5.724084,-13.92988,-18.690771,0.0,0.0,0.0,0.0,0.0,0.0,0.0,0.0,0.0,-1.9528745,0.0
265764144,-5.749827,-14.0255785,-18.677387,0.0,0.0,0.0,0.0,0.0,0.0,0.0,0.0,0.0,-1.9528745,0.0
265964108,-5.749827,-14.0255785,-18.677387,0.0,0.0,0.0,0.0,0.0,0.0,0.0,0.0,0.0,-1.9528745,0.0
266164081,-5.749827,-14.0255785,-18.677387,0.0,0.0,0.0,0.0,0.0,0.0,0.0,0.0,0.0,-1.9528745,0.0
266364040,-5.749827,-14.0255785,-18.677387,0.0,0.0,0.0,0.0,0.0,0.0,0.0,0.0,0.0,-1.9528745,0.0
266564042,-5.749827,-14.0255785,-18.677387,0.0,0.0,0.0,0.0,0.0,0.0,0.0,0.0,0.0,-1.9528745,0.0
266764011,-5.749827,-14.0255785,-18.677387,0.0,0.0,0.0,0.0,0.0,0.0,0.0,0.0,0.0,-1.9528745,0.0
266963984,-5.749827,-14.0255785,-18.677387,0.0,0.0,0.0,0.0,0.0,0.0,0.0,0.0,0.0,-1.9528745,0.0
267163948,-5.749827,-14.0255785,-18.677387,0.0,0.0,0.0,0.0,0.0,0.0,0.0,0.0,0.0,-1.9528745,0.0
267363931,-5.749827,-14.0255785,-18.677387,0.0,0.0,0.0,0.0,0.0,0.0,0.0,0.0,0.0,-1.9528745,0.0
267563912,-5.749827,-14.0255785,-18.677387,0.0,0.0,0.0,0.0,0.0,0.0,0.0,0.0,0.0,-1.9528745,0.0
267763877,-5.749827,-14.0255785,-18.677387,0.0,0.0,0.0,0.0,0.0,0.0,0.0,0.0,0.0,-1.9528745,0.0
267963843,-5.749827,-14.0255785,-18.677387,0.0,0.0,0.0,0.0,0.0,0.0,0.0,0.0,0.0,-1.9528745,0.0
268163819,-5.749827,-14.0255785,-18.677387,0.0,0.0,0.0,0.0,0.0,0.0,0.0,0.0,0.0,-1.9528745,0.0
268363810,-5.749827,-14.0255785,-18.677387,0.0,0.0,0.0,0.0,0.0,0.0,0.0,0.0,0.0,-1.9528745,0.0
268563771,-5.749827,-14.0255785,-18.677387,0.0,0.0,0.0,0.0,0.0,0.0,0.0,0.0,0.0,-1.9528745,0.0
268763725,-5.5876637,-12.813301,-18.703735,0.0,0.0,0.0,0.0,0.0,0.0,0.0,0.0,0.0,-1.8601547,0.0
268963683,-5.5876637,-12.813301,-18.703735,0.0,0.0,0.0,0.0,0.0,0.0,0.0,0.0,0.0,-1.6601548,0.0
269163664,-5.5876637,-12.813301,-18.703735,0.0,0.0,0.0,0.0,0.0,0.0,0.0,0.0,0.0,-1.4601548,0.0
269363619,-5.5876637,-12.813301,-18.703735,0.0,0.0,0.0,0.0,0.0,0.0,0.0,0.0,0.0,-1.2601547,0.0
269563631,-5.5876637,-12.813301,-18.703735,0.0,0.0,0.0,0.0,0.0,0.0,0.0,0.0,0.0,-1.1601548,0.0
269763590,-5.5876637,-12.813301,-18.703735,0.0,0.0,0.0,0.0,0.0,0.0,0.0,0.0,0.0,-0.9601548,0.0
269963563,-5.5876637,-12.813301,-18.703735,0.0,0.0,0.0,0.0,0.0,0.0,0.0,0.0,0.0,-0.7601548,0.0
270163528,-5.5876637,-12.813301,-18.703735,0.0,0.0,0.0,0.0,0.0,0.0,0.0,0.0,0.0,-0.5601548,0.0
270363524,-5.5876637,-12.813301,-18.703735,0.0,0.0,0.0,0.0,0.0,0.0,0.0,0.0,0.0,-0.36015478,0.0
270563495,-5.5876637,-12.813301,-18.703735,0.0,0.0,0.0,0.0,0.0,0.0,0.0,0.0,0.0,-0.16015477,0.0
270763452,-5.5876637,-12.813301,-18.703735,0.0,0.0,0.0,0.0,0.0,0.0,0.0,0.0,0.0,0.03984523,0.0
270963430,-5.5876637,-12.813301,-18.703735,0.0,0.0,0.0,0.0,0.0,0.0,0.0,0.0,0.0,0.23984523,0.0
271163381,-5.5876637,-12.813301,-18.703735,0.0,0.0,0.0,0.0,0.0,0.0,0.0,0.0,0.0,0.43984523,0.0
271363372,-5.5876637,-12.813301,-18.703735,0.0,0.0,0.0,0.0,0.0,0.0,0.0,0.0,0.0,0.63984525,0.0
271763327,-5.5876637,-12.813301,-18.703735,0.0,0.0,0.0,0.0,0.0,0.0,0.0,0.0,0.0,1.0398452,0.0
271963256,-5.5876637,-12.813301,-18.703735,0.0,0.0,0.0,0.0,0.0,0.0,0.0,0.0,0.0,1.2398453,0.0
272163232,-5.5876637,-12.813301,-18.703735,0.0,0.0,0.0,0.0,0.0,0.0,0.0,0.0,0.0,1.4398452,0.0
272363218,-5.5876637,-12.813301,-18.703735,0.0,0.0,0.0,0.0,0.0,0.0,0.0,0.0,0.0,1.6398453,0.0
272563177,-5.5876637,-12.813301,-18.703735,0.0,0.0,0.0,0.0,0.0,0.0,0.0,0.0,0.0,1.8398452,0.0
272763135,-5.5876637,-12.813301,-18.703735,0.0,0.0,0.0,0.0,0.0,0.0,0.0,0.0,0.0,2.0398452,0.0
272963145,-5.5876637,-12.813301,-18.703735,0.0,0.0,0.0,0.0,0.0,0.0,0.0,0.0,0.0,2.2398453,0.0
273163026,-5.5876637,-12.813301,-18.703735,0.0,0.0,0.0,0.0,0.0,0.0,0.0,0.0,0.0,2.4398453,0.0
273363076,-5.5876637,-12.813301,-18.703735,0.0,0.0,0.0,0.0,0.0,0.0,0.0,0.0,0.0,2.5398452,0.0
273563041,-5.5876637,-12.813301,-18.703735,0.0,0.0,0.0,0.0,0.0,0.0,0.0,0.0,0.0,2.7398453,0.0
273763027,-5.5876637,-12.813301,-18.703735,0.0,0.0,0.0,0.0,0.0,0.0,0.0,0.0,0.0,2.9398453,0.0
273962973,-5.5876637,-12.813301,-18.703735,0.0,0.0,0.0,0.0,0.0,0.0,0.0,0.0,0.0,3.1398451,0.0
274162968,-5.5876637,-12.813301,-18.703735,0.0,0.0,0.0,0.0,0.0,0.0,0.0,0.0,0.0,3.3398452,0.0
274362923,-5.5876637,-12.813301,-18.703735,0.0,0.0,0.0,0.0,0.0,0.0,0.0,0.0,0.0,3.5398452,0.0
274562889,-5.5876637,-12.813301,-18.703735,0.0,0.0,0.0,0.0,0.0,0.0,0.0,0.0,0.0,3.7398453,0.0
274762851,-5.5876637,-12.813301,-18.703735,0.0,0.0,0.0,0.0,0.0,0.0,0.0,0.0,0.0,3.9398453,0.0
274962813,-5.5876637,-12.813301,-18.703735,0.0,0.0,0.0,0.0,0.0,0.0,0.0,0.0,0.0,4.1398454,0.0
275162770,-5.5876637,-12.813301,-18.703735,0.0,0.0,0.0,0.0,0.0,0.0,0.0,0.0,0.0,4.339845,0.0
275362768,-5.5876637,-12.813301,-18.703735,0.0,0.0,0.0,0.0,0.0,0.0,0.0,0.0,0.0,4.5398455,0.0
275562728,-5.5876637,-12.813301,-18.703735,0.0,0.0,0.0,0.0,0.0,0.0,0.0,0.0,0.0,4.7398453,0.0
275762689,-5.5876637,-12.813301,-18.703735,0.0,0.0,0.0,0.0,0.0,0.0,0.0,0.0,0.0,4.939845,0.0
275962651,-5.5876637,-12.813301,-18.703735,0.0,0.0,0.0,0.0,0.0,0.0,0.0,0.0,0.0,5.1398454,0.0
276162606,-5.5876637,-12.813301,-18.703735,0.0,0.0,0.0,0.0,0.0,0.0,0.0,0.0,0.0,5.339845,0.0
276362607,-5.5876637,-12.813301,-18.703735,0.0,0.0,0.0,0.0,0.0,0.0,0.0,0.0,0.0,5.539845,0.0
276562560,-5.5876637,-12.813301,-18.703735,0.0,0.0,0.0,0.0,0.0,0.0,0.0,0.0,0.0,5.7398453,0.0
276762545,-5.5876637,-12.813301,-18.703735,0.0,0.0,0.0,0.0,0.0,0.0,0.0,0.0,0.0,5.939845,0.0
276962865,-5.5876637,-12.813301,-18.703735,0.0,0.0,0.0,0.0,0.0,0.0,0.0,0.0,0.0,6.1398454,0.0
277162493,-5.5876637,-12.813301,-18.703735,0.0,0.0,0.0,0.0,0.0,0.0,0.0,0.0,0.0,6.1398454,0.0
277362484,-5.5876637,-12.813301,-18.703735,0.0,0.0,0.0,0.0,0.0,0.0,0.0,0.0,0.0,6.1398454,0.0
277562446,-5.5876637,-12.813301,-18.703735,0.0,0.0,0.0,0.0,0.0,0.0,0.0,0.0,0.0,6.1398454,0.0
277762431,-5.5876637,-12.813301,-18.703735,0.0,0.0,0.0,0.0,0.0,0.0,0.0,0.0,0.0,6.1398454,0.0
277962337,-5.5876637,-12.813301,-18.703735,0.0,0.0,0.0,0.0,0.0,0.0,0.0,0.0,0.0,6.1398454,0.0
278162290,-5.5876637,-12.813301,-18.703735,0.0,0.0,0.0,0.0,0.0,0.0,0.0,0.0,0.0,6.1398454,0.0
278362298,-5.5876637,-12.813301,-18.703735,0.0,0.0,0.0,0.0,0.0,0.0,0.0,0.0,0.0,6.1398454,0.0
278562241,-5.5876637,-12.813301,-18.703735,0.0,0.0,0.0,0.0,0.0,0.0,0.0,0.0,0.0,6.1398454,0.0
278762215,-5.5876637,-12.813301,-18.703735,0.0,0.0,0.0,0.0,0.0,0.0,0.0,0.0,0.0,6.1398454,0.0
278962185,-5.5876637,-12.813301,-18.703735,0.0,0.0,0.0,0.0,0.0,0.0,0.0,0.0,0.0,6.1398454,0.0
279162119,-5.5876637,-12.813301,-18.703735,0.0,0.0,0.0,0.0,0.0,0.0,0.0,0.0,0.0,6.1398454,0.0
279362166,-5.5876637,-12.813301,-18.703735,0.0,0.0,0.0,0.0,0.0,0.0,0.0,0.0,0.0,6.1398454,0.0
279562095,-5.5876637,-12.813301,-18.703735,0.0,0.0,0.0,0.0,0.0,0.0,0.0,0.0,0.0,6.1398454,0.0
279762045,-5.5876637,-12.813301,-18.703735,0.0,0.0,0.0,0.0,0.0,0.0,0.0,0.0,0.0,6.1398454,0.0
280161980,-5.632427,-12.903974,-18.684927,0.0,0.0,0.0,0.0,0.0,0.0,0.0,0.0,0.0,-0.38392255,0.0
280361965,-5.632427,-12.903974,-18.684927,0.0,0.0,0.0,0.0,0.0,0.0,0.0,0.0,0.0,-0.18392254,0.0
280561922,-5.632427,-12.903974,-18.684927,0.0,0.0,0.0,0.0,0.0,0.0,0.0,0.0,0.0,-0.18392254,0.0
280761895,-5.632427,-12.903974,-18.684927,0.0,0.0,0.0,0.0,0.0,0.0,0.0,0.0,0.0,-0.18392254,0.0
280962008,-5.632427,-12.903974,-18.684927,0.0,0.0,0.0,0.0,0.0,0.0,0.0,0.0,0.0,-0.18392254,0.0
281161820,-5.632427,-12.903974,-18.684927,0.0,0.0,0.0,0.0,0.0,0.0,0.0,0.0,0.0,-0.18392254,0.0
281361810,-5.632427,-12.903974,-18.684927,0.0,0.0,0.0,0.0,0.0,0.0,0.0,0.0,0.0,-0.18392254,0.0
281561777,-5.632427,-12.903974,-18.684927,0.0,0.0,0.0,0.0,0.0,0.0,0.0,0.0,0.0,-0.18392254,0.0
281761701,-5.632427,-12.903974,-18.684927,0.0,0.0,0.0,0.0,0.0,0.0,0.0,0.0,0.0,-0.18392254,0.0
281961696,-5.632427,-12.903974,-18.684927,0.0,0.0,0.0,0.0,0.0,0.0,0.0,0.0,0.0,-0.18392254,0.0
282161635,-5.632427,-12.903974,-18.684927,0.0,0.0,0.0,0.0,0.0,0.0,0.0,0.0,0.0,-0.18392254,0.0
282361638,-5.632427,-12.903974,-18.684927,0.0,0.0,0.0,0.0,0.0,0.0,0.0,0.0,0.0,-0.18392254,0.0
282561606,-5.632427,-12.903974,-18.684927,0.0,0.0,0.0,0.0,0.0,0.0,0.0,0.0,0.0,-0.18392254,0.0
282761559,-5.632427,-12.903974,-18.684927,0.0,0.0,0.0,0.0,0.0,0.0,0.0,0.0,0.0,-0.18392254,0.0
282961504,-5.632427,-12.903974,-18.684927,0.0,0.0,0.0,0.0,0.0,0.0,0.0,0.0,0.0,-0.18392254,0.0
283161488,-5.632427,-12.903974,-18.684927,0.0,0.0,0.0,0.0,0.0,0.0,0.0,0.0,0.0,-0.18392254,0.0
283561441,-5.4174705,-12.829242,-18.670841,0.0,0.0,0.0,0.0,0.0,0.0,0.0,0.0,0.0,-1.9528745,0.0
283761395,-5.310318,-12.883263,-18.670364,0.0,0.0,0.0,0.0,0.0,0.0,0.0,0.0,0.0,-1.9528745,0.0
283961347,-5.203166,-12.937283,-18.669886,0.0,0.0,0.0,0.0,0.0,0.0,0.0,0.0,0.0,-1.9528745,0.0
284161307,-5.0960135,-12.9913025,-18.669407,0.0,0.0,0.0,0.0,0.0,0.0,0.0,0.0,0.0,-1.9528745,0.0
284361307,-4.9888616,-13.045322,-18.668928,0.0,0.0,0.0,0.0,0.0,0.0,0.0,0.0,0.0,-1.9528745,0.0
284561268,-4.881709,-13.099343,-18.668451,0.0,0.0,0.0,0.0,0.0,0.0,0.0,0.0,0.0,-1.9528745,0.0
284761215,-4.774557,-13.153363,-18.667973,0.0,0.0,0.0,0.0,0.0,0.0,0.0,0.0,0.0,-1.9528745,0.0
285161150,-4.5602527,-13.261403,-18.667017,0.0,0.0,0.0,0.0,0.0,0.0,0.0,0.0,0.0,-1.9528745,0.0
285361139,-4.4531007,-13.315424,-18.666538,0.0,0.0,0.0,0.0,0.0,0.0,0.0,0.0,0.0,-1.9528745,0.0
285561445,-4.345948,-13.369444,-18.66606,0.0,0.0,0.0,0.0,0.0,0.0,0.0,0.0,0.0,-1.9528745,0.0
285761016,-4.238796,-13.423464,-18.66558,0.0,0.0,0.0,0.0,0.0,0.0,0.0,0.0,0.0,-1.9528745,0.0
285961005,-4.131644,-13.477484,-18.665104,0.0,0.0,0.0,0.0,0.0,0.0,0.0,0.0,0.0,-1.9528745,0.0
286160936,-4.024492,-13.531505,-18.664625,0.0,0.0,0.0,0.0,0.0,0.0,0.0,0.0,0.0,-1.9528745,0.0
286360955,-3.9173396,-13.585525,-18.664146,0.0,0.0,0.0,0.0,0.0,0.0,0.0,0.0,0.0,-1.9528745,0.0
286560925,-3.8637636,-13.6125345,-18.663908,0.0,0.0,0.0,0.0,0.0,0.0,0.0,0.0,0.0,-1.9528745,0.0
286760888,-3.7566113,-13.666554,-18.66343,0.0,0.0,0.0,0.0,0.0,0.0,0.0,0.0,0.0,-1.9528745,0.0
286960828,-3.6494591,-13.720575,-18.662952,0.0,0.0,0.0,0.0,0.0,0.0,0.0,0.0,0.0,-1.9528745,0.0
287160802,-3.542307,-13.774595,-18.662474,0.0,0.0,0.0,0.0,0.0,0.0,0.0,0.0,0.0,-1.9528745,0.0
287360802,-3.4351547,-13.828615,-18.661995,0.0,0.0,0.0,0.0,0.0,0.0,0.0,0.0,0.0,-1.9528745,0.0
287560761,-3.3280027,-13.882635,-18.661516,0.0,0.0,0.0,0.0,0.0,0.0,0.0,0.0,0.0,-1.9528745,0.0
287760717,-3.2208505,-13.936656,-18.66104,0.0,0.0,0.0,0.0,0.0,0.0,0.0,0.0,0.0,-1.9528745,0.0
287960666,-3.1136982,-13.990676,-18.66056,0.0,0.0,0.0,0.0,0.0,0.0,0.0,0.0,0.0,-1.9528745,0.0
288160619,-3.006546,-14.044696,-18.660082,0.0,0.0,0.0,0.0,0.0,0.0,0.0,0.0,0.0,-1.9528745,0.0
288360631,-2.95297,-14.071706,-18.659843,0.0,0.0,0.0,0.0,0.0,0.0,0.0,0.0,0.0,-1.9528745,0.0
288560582,-2.95297,-14.071706,-18.659843,0.0,0.0,0.0,0.0,0.0,0.0,0.0,0.0,0.0,-1.9528745,0.0
288760586,-2.95297,-14.071706,-18.659843,0.0,0.0,0.0,0.0,0.0,0.0,0.0,0.0,0.0,-1.9528745,0.0
288960500,-2.95297,-14.071706,-18.659843,0.0,0.0,0.0,0.0,0.0,0.0,0.0,0.0,0.0,-1.9528745,0.0
289160458,-2.95297,-14.071706,-18.659843,0.0,0.0,0.0,0.0,0.0,0.0,0.0,0.0,0.0,-1.9528745,0.0
289360448,-2.95297,-14.071706,-18.659843,0.0,0.0,0.0,0.0,0.0,0.0,0.0,0.0,0.0,-1.9528745,0.0
289560399,-2.95297,-14.071706,-18.659843,0.0,0.0,0.0,0.0,0.0,0.0,0.0,0.0,0.0,-1.9528745,0.0
289862265,nan,nan,nan,nan,nan,-0.012969006,0.0,-0.0,-0.639024,nan,nan,-8.0,-1.9789056,0.0
290062313,nan,nan,nan,nan,nan,-0.24570093,0.0,-0.0,-0.9106033,nan,nan,8.0,-1.9800946,0.0
290252452,nan,nan,nan,nan,nan,-0.29424486,0.0,-0.0,0.0,nan,nan,0.0,-1.9963962,0.0
290462421,nan,nan,nan,nan,nan,-0.2974509,0.0,-0.0,0.0010640025,nan,nan,8.0,-1.9963962,0.0
290662230,nan,nan,nan,nan,nan,-0.2942449,0.0,-0.0,0.0,nan,nan,0.0,-1.9963962,0.0
290862235,nan,nan,nan,nan,nan,-0.2960098,0.0,-0.0,0.15574074,nan,nan,8.0,-1.9963962,0.0
291062262,nan,nan,nan,nan,nan,-0.29749176,0.0,-0.0,-0.0023040026,nan,nan,8.0,-1.9963962,0.0
291252429,nan,nan,nan,nan,nan,-0.2970331,0.0,-0.0,0.081448,nan,nan,8.0,-1.9963962,0.0
291462456,nan,nan,nan,nan,nan,-0.29587463,0.0,-0.0,-0.16148,nan,nan,-8.0,-1.9963962,0.0
291662263,nan,nan,nan,nan,nan,-0.29752085,0.0,-0.0,0.008855179,nan,nan,8.0,-1.9963962,0.0
291862291,nan,nan,nan,nan,nan,-0.2942449,0.0,-0.0,0.0,nan,nan,0.0,-1.9963962,0.0
292062301,nan,nan,nan,nan,nan,-0.29599994,0.0,-0.0,0.15624604,nan,nan,8.0,-1.9963962,0.0
292252502,nan,nan,nan,nan,nan,-0.2942449,0.0,-0.0,0.0,nan,nan,0.0,-1.9963962,0.0
292462240,nan,nan,nan,nan,nan,-0.2942449,0.0,-0.0,0.0,nan,nan,0.0,-1.9963962,0.0
292662278,nan,nan,nan,nan,nan,-0.29752576,0.0,-0.0,0.0,nan,nan,0.0,-1.9963962,0.0
293062232,nan,nan,nan,nan,nan,-0.29424593,0.0,-0.0,0.0040828288,nan,nan,-8.0,-1.9963962,0.0
293252428,nan,nan,nan,nan,nan,-0.2946206,0.0,-0.0,-0.07753536,nan,nan,-8.0,-1.9963962,0.0
293462266,nan,nan,nan,nan,nan,-0.29752576,0.0,-0.0,0.0,nan,nan,0.0,-1.9963962,0.0
293662290,nan,nan,nan,nan,nan,-0.29752576,0.0,-0.0,-6.4626336e-05,nan,nan,8.0,-1.9963962,0.0
293862270,nan,nan,nan,nan,nan,-0.2959264,0.0,-0.0,0.159968,nan,nan,8.0,-1.9963962,0.0
294062278,nan,nan,nan,nan,nan,-0.29750544,0.0,-0.0,-0.003000006,nan,nan,8.0,-1.9963962,0.0
294252478,nan,nan,nan,nan,nan,-0.29752576,0.0,-0.0,0.0,nan,nan,0.0,-1.9963962,0.0
294462263,nan,nan,nan,nan,nan,-0.2974577,0.0,-0.0,-0.00035999715,nan,nan,8.0,-1.9963962,0.0
294862256,nan,nan,nan,nan,nan,-0.2942449,0.0,-0.0,0.0,nan,nan,0.0,-1.9963962,0.0
295062234,nan,nan,nan,nan,nan,-0.29581115,0.0,-0.0,-0.158304,nan,nan,-8.0,-1.9963962,0.0
295252423,nan,nan,nan,nan,nan,-0.29471153,0.0,-0.0,0.07892,nan,nan,-8.0,-1.9963962,0.0
295462273,nan,nan,nan,nan,nan,-0.29593408,0.0,-0.0,0.159584,nan,nan,8.0,-1.9963962,0.0
295662271,nan,nan,nan,nan,nan,-0.2942449,-0.024916446,0.011294776,0.0,nan,nan,0.0,-1.9963962,0.0
295862267,nan,nan,nan,nan,nan,-0.2975246,-1.0838813,0.4913299,-0.0042991787,nan,nan,8.0,-1.9963962,0.0
296062269,nan,nan,nan,nan,nan,-0.29580465,-2.4792228,1.1238468,-0.157976,nan,nan,-8.0,-1.9963962,0.0
296662231,nan,nan,nan,nan,nan,-0.29540882,-4.0378575,2.0256245,0.13646528,nan,nan,-8.0,-1.9963962,0.0
296862263,nan,nan,nan,nan,nan,-0.29424894,-3.1644356,1.4344579,0.008071348,nan,nan,-8.0,-1.9963962,0.0
297062271,nan,nan,nan,nan,nan,-0.29424566,-2.4993007,0.019365486,0.0035265237,nan,nan,-8.0,-1.9963962,0.0
297262422,nan,nan,nan,nan,nan,-0.2973525,-2.8284657,-1.336264,0.003578186,nan,nan,8.0,-1.9963962,0.0
297462260,nan,nan,nan,nan,nan,-0.29592448,-2.4649358,-1.3957152,0.160064,nan,nan,8.0,-1.9963962,0.0
297662253,nan,nan,nan,nan,nan,-0.29752576,-2.1241326,-1.1739931,0.0,nan,nan,0.0,-1.9963962,0.0
297862295,nan,nan,nan,nan,nan,-0.2942449,-2.0166624,-0.77125734,0.0,nan,nan,0.0,-1.9963962,0.0
298252446,nan,nan,nan,nan,nan,-0.021541106,-1.73345,-1.140414,0.58707577,nan,nan,-8.0,-1.9963962,0.0
298452389,nan,nan,nan,nan,nan,0.016646698,-1.7956961,-1.27773,0.22672772,nan,nan,-8.0,-1.9963962,0.0
298662219,nan,nan,nan,nan,nan,0.0588839,-1.8307894,-1.3220155,0.16742706,nan,nan,-8.0,-1.9963962,0.0
298862387,nan,nan,nan,nan,nan,0.11128083,-1.988231,-1.2055013,0.027617514,nan,nan,-8.0,-1.9963962,0.0
299062241,nan,nan,nan,nan,nan,0.14598334,-1.8534244,-1.3719487,0.0,nan,nan,0.0,-1.9963962,0.0
299262459,nan,nan,nan,nan,nan,0.16090962,-1.8409203,-1.5431496,0.161848,nan,nan,8.0,-1.9963962,0.0
299462254,nan,nan,nan,nan,nan,0.17138907,-1.870355,-1.5749519,-0.048970312,nan,nan,8.0,-1.9963962,0.0
299662282,nan,nan,nan,nan,nan,0.17472123,-1.7729695,-1.5589036,-0.0054128096,nan,nan,8.0,-1.9963962,0.0
299862380,nan,nan,nan,nan,nan,0.17646992,-1.4062462,-0.88243014,0.0,nan,nan,0.0,-1.9963962,0.0
300062259,nan,nan,nan,nan,nan,0.20753294,-0.81978923,-0.35070837,0.1654988,nan,nan,-8.0,-1.9963962,0.0
300252385,nan,nan,nan,nan,nan,0.24207482,-0.5831712,-0.12690356,0.31583738,nan,nan,8.0,-1.9963962,0.0
300462300,nan,nan,nan,nan,nan,0.29496446,-0.3726109,0.13881022,0.24893592,nan,nan,-8.0,-1.9963962,0.0
300662213,nan,nan,nan,nan,nan,0.3622567,-0.012458036,0.0056473035,0.20434181,nan,nan,-8.0,-1.9963962,0.0
300862234,nan,nan,nan,nan,nan,0.3947236,0.0,-0.0,0.1912397,nan,nan,-8.0,-1.9963962,0.0
301052457,nan,nan,nan,nan,nan,0.4851687,0.0,-0.0,0.6922563,nan,nan,8.0,-1.9963962,0.0
301262459,nan,nan,nan,nan,nan,0.5978175,0.0,-0.0,0.41167223,nan,nan,8.0,-1.9963962,0.0
301452350,nan,nan,nan,nan,nan,0.68945867,0.0,-0.0,0.41870716,nan,nan,-8.0,-1.9963962,0.0
301662266,nan,nan,nan,nan,nan,0.7695824,0.0,-0.0,0.25006503,nan,nan,-8.0,-1.9963962,0.0
301852446,nan,nan,nan,nan,nan,0.83159304,0.0,-0.0,0.66750777,nan,nan,8.0,-1.9963962,0.0
302052652,nan,nan,nan,nan,nan,0.9358374,0.0,-0.0,0.10854505,nan,nan,-8.0,-1.9963962,0.0
302252425,nan,nan,nan,nan,nan,0.9463228,0.0,-0.0,0.3041926,nan,nan,-8.0,-1.9963962,0.0
302462249,nan,nan,nan,nan,nan,0.99314386,0.0,-0.0,0.7282617,nan,nan,8.0,-1.9963962,0.0
302852349,nan,nan,nan,nan,nan,1.2515247,0.0,-0.0,0.6827607,nan,nan,8.0,-1.9963962,0.0
303052461,nan,nan,nan,nan,nan,1.3725091,0.0,-0.0,0.0,nan,nan,0.0,-1.9963962,0.0
303252352,nan,nan,nan,nan,nan,1.3725091,0.0,-0.0,0.0,nan,nan,0.0,-1.9963962,0.0
303462221,nan,nan,nan,nan,nan,1.3725091,0.097194955,0.18121712,0.0,nan,nan,0.0,-1.9963962,0.0
303662254,nan,nan,nan,nan,nan,1.3725091,0.1310798,0.2559676,0.0,nan,nan,0.0,-1.9963962,0.0
303862258,nan,nan,nan,nan,nan,1.3725091,0.28919742,-0.025966298,0.0,nan,nan,0.0,-1.9963962,0.0
304052528,nan,nan,nan,nan,nan,1.3725091,1.1110113,-0.5036282,0.0,nan,nan,0.0,-1.9963962,0.0
304262519,nan,nan,nan,nan,nan,1.3725091,0.9736952,-0.44138196,0.0,nan,nan,0.0,-1.9963962,0.0
304462424,nan,nan,nan,nan,nan,1.3725091,0.37449804,-0.16976224,0.0,nan,nan,0.0,-1.9963962,0.0
304662248,nan,nan,nan,nan,nan,1.3725091,0.0,-0.0,0.0,nan,nan,0.0,-1.9963962,0.0
304862221,nan,nan,nan,nan,nan,1.3725091,0.0,-0.0,0.0,nan,nan,0.0,-1.9963962,0.0
305052517,nan,nan,nan,nan,nan,1.3725091,0.099865966,-0.04526985,0.0,nan,nan,0.0,-1.9963962,0.0
305262461,nan,nan,nan,nan,nan,1.3725091,0.07489942,-0.033952363,0.0,nan,nan,0.0,-1.9963962,0.0
305462222,nan,nan,nan,nan,nan,1.3725091,0.0,-0.0,0.0,nan,nan,0.0,-1.9963962,0.0
305652390,nan,nan,nan,nan,nan,1.3725091,0.0,-0.0,0.0,nan,nan,0.0,-1.9963962,0.0
305852381,nan,nan,nan,nan,nan,1.3725091,0.0,-0.0,0.0,nan,nan,0.0,-1.9963962,0.0
306052696,nan,nan,nan,nan,nan,1.3725091,0.0,-0.0,0.0,nan,nan,0.0,-1.9963962,0.0
306452378,nan,nan,nan,nan,nan,1.3725091,0.0,-0.0,0.0,nan,nan,0.0,-1.9963962,0.0
306652350,nan,nan,nan,nan,nan,1.3725091,0.0,-0.0,0.0,nan,nan,0.0,-1.9963962,0.0
306862223,nan,nan,nan,nan,nan,1.3725091,0.0,-0.0,0.0,nan,nan,0.0,-1.9963962,0.0
307052526,nan,nan,nan,nan,nan,1.3725091,0.0,-0.0,0.0,nan,nan,0.0,-1.9963962,0.0
307252344,nan,nan,nan,nan,nan,1.3725091,0.0,-0.0,0.0,nan,nan,0.0,-1.9963962,0.0
307462239,nan,nan,nan,nan,nan,1.5656419,0.0,-0.0,-0.95764804,nan,nan,-8.0,-1.9963962,0.0
307662275,nan,nan,nan,nan,nan,1.2431717,0.0,-0.0,-1.604958,nan,nan,8.0,-1.9963962,0.0
307862272,nan,nan,nan,nan,nan,1.0635976,0.0,-0.0,-0.19951853,nan,nan,8.0,-1.9963962,0.0
308052492,nan,nan,nan,nan,nan,1.0420389,0.0,-0.0,-0.03346455,nan,nan,8.0,-1.9963962,0.0
308262320,nan,nan,nan,nan,nan,1.020814,0.0,-0.0,0.0,nan,nan,0.0,-1.9963962,0.0
308356952,-3.1080668,-13.753904,-20.356215,0.0,0.0,0.0,0.0,0.0,0.0,0.0,0.0,0.0,-1.9528745,0.0
308556951,-3.2259972,-13.771635,-20.369558,0.0,0.0,0.0,0.0,0.0,0.0,0.0,0.0,0.0,-1.9528745,0.0
308756900,-3.3439276,-13.789366,-20.3829,0.0,0.0,0.0,0.0,0.0,0.0,0.0,0.0,0.0,-1.9528745,0.0
308956857,-3.4618583,-13.8070965,-20.396244,0.0,0.0,0.0,0.0,0.0,0.0,0.0,0.0,0.0,-1.9528745,0.0
309156811,-3.5797887,-13.824827,-20.409588,0.0,0.0,0.0,0.0,0.0,0.0,0.0,0.0,0.0,-1.9528745,0.0
309356766,-3.697719,-13.842558,-20.42293,0.0,0.0,0.0,0.0,0.0,0.0,0.0,0.0,0.0,-1.9528745,0.0
309556765,-3.8156495,-13.860289,-20.436274,0.0,0.0,0.0,0.0,0.0,0.0,0.0,0.0,0.0,-1.9528745,0.0
309756721,-3.93358,-13.878019,-20.449615,0.0,0.0,0.0,0.0,0.0,0.0,0.0,0.0,0.0,-1.9528745,0.0
309956667,-4.0515103,-13.89575,-20.46296,0.0,0.0,0.0,0.0,0.0,0.0,0.0,0.0,0.0,-1.9528745,0.0
310156605,-4.1694407,-13.913481,-20.476303,0.0,0.0,0.0,0.0,0.0,0.0,0.0,0.0,0.0,-1.9528745,0.0
310462278,nan,nan,nan,2.0925672,-1.9584163,-2.6574802,-1.1073803,1.0363879,1.516624,nan,nan,8.0,-1.9856532,0.0
310662293,nan,nan,nan,1.7530375,-1.6406535,-2.1949668,-1.983601,1.856436,3.0,nan,nan,0.0,-1.9965583,0.0
310862286,nan,nan,nan,1.3757176,-1.2875229,-1.594982,-1.8163431,1.6999009,3.0,nan,nan,0.0,-1.9965583,0.0
311062440,nan,nan,nan,1.0458446,-0.97879744,-0.99452615,-1.5367992,1.4382778,3.0,nan,nan,0.0,-1.9965583,0.0
311262249,nan,nan,nan,0.7760463,-0.7262954,-0.39509904,-1.230815,1.1519098,3.0,nan,nan,0.0,-1.9965583,0.0
311462259,nan,nan,nan,0.5557046,-0.5200794,0.20493993,-1.0367714,0.970306,3.0,nan,nan,0.0,-1.9965583,0.0
311662242,nan,nan,nan,0.36501262,-0.3416123,0.8048799,-0.8894243,0.83240503,3.0,nan,nan,0.0,-1.9965583,0.0
311862323,nan,nan,nan,0.2091579,-0.19574921,1.2477183,-0.691711,0.6473668,1.4130299,nan,nan,-8.0,-1.9965583,0.0
312062530,nan,nan,nan,0.09326764,-0.087288454,1.3702849,-0.4811993,0.45035067,-0.18863411,nan,nan,-8.0,-1.9965583,0.0
312262321,nan,nan,nan,0.02201714,-0.020605672,1.3393211,-0.25093445,0.2348476,-0.07377381,nan,nan,8.0,-1.9965583,0.0
312462290,-2.7338579,-15.2334175,nan,0.0,0.0,1.3185127,0.0,0.0,-0.16008,nan,nan,-8.0,-1.9965583,0.0
312662277,-2.7338579,-15.2334175,nan,0.0,0.0,1.2961688,0.0,0.0,0.0,nan,nan,0.0,-1.9965583,0.0
312862245,-2.7338579,-15.2334175,nan,0.0,0.0,1.2725569,0.0,0.0,-0.07983187,nan,nan,8.0,-1.9965583,0.0
313062453,-2.7338579,-15.2334175,nan,0.0,0.0,1.2497373,0.0,0.0,-0.10846013,nan,nan,8.0,-1.9965583,0.0
313262247,-2.7338579,-15.2334175,nan,0.0,0.0,1.2271142,0.0,0.0,-0.065160915,nan,nan,8.0,-1.9965583,0.0
313462289,-2.7338579,-15.2334175,nan,0.0,0.0,1.2061193,0.0,0.0,-0.062361956,nan,nan,8.0,-1.9965583,0.0
313662249,-2.7338579,-15.2334175,nan,0.0,0.0,1.1857166,0.0,0.0,0.0,nan,nan,0.0,-1.9965583,0.0
313862283,-2.7338579,-15.2334175,nan,0.0,0.0,1.1632512,0.0,0.0,-0.06997663,nan,nan,8.0,-1.9965583,0.0
314062531,-2.7338579,-15.2334175,nan,0.0,0.0,1.1425173,0.0,0.0,-0.08126329,nan,nan,8.0,-1.9965583,0.0
314262282,-2.7338579,-15.2334175,nan,0.0,0.0,1.1222748,0.0,0.0,-0.061120406,nan,nan,8.0,-1.9965583,0.0
314462334,-2.7338579,-15.2334175,nan,0.0,0.0,1.1025727,0.0,0.0,-0.05697328,nan,nan,8.0,-1.9965583,0.0
314662312,nan,nan,nan,-0.014894256,0.0634095,1.0844274,-0.047444195,0.021516014,0.0,nan,nan,0.0,-1.9965583,0.0
314852517,nan,nan,nan,-0.013279319,0.017948309,1.0661691,0.020177588,-0.14307079,-0.12859929,nan,nan,8.0,-1.9965583,0.0
315062450,-2.7666793,-15.327143,nan,0.0,0.0,1.0475823,0.0,0.0,-0.064842775,nan,nan,8.0,-1.9965583,0.0
315262252,nan,nan,nan,-0.005996132,0.00629894,1.029983,-0.17190713,-0.012028843,-0.04573764,nan,nan,8.0,-1.9965583,0.0
315462245,nan,nan,nan,-0.043042447,0.019939166,1.0130386,-0.2069658,0.09104096,-0.043330424,nan,nan,8.0,-1.9965583,0.0
315662256,nan,nan,nan,-0.0903064,0.041128293,1.0,-0.23255116,0.1048582,0.0,nan,nan,0.0,-1.9965583,0.0
316062545,nan,nan,nan,-0.157902,0.07168269,1.0,-0.15494,0.07014813,0.0,nan,nan,0.0,-1.9965583,0.0
316262276,nan,nan,nan,-0.20745562,0.094137736,1.0,-0.28197145,0.1278053,0.0,nan,nan,0.0,-1.9965583,0.0
316462297,nan,nan,nan,nan,nan,1.0,-1.7116622,0.7286439,0.0,nan,nan,0.0,-1.9732544,0.0
316662271,nan,nan,nan,nan,nan,1.0,-1.6613191,0.70721316,0.0,nan,nan,0.0,-1.9732544,0.0
316852429,nan,nan,nan,nan,nan,1.0,-1.724248,0.7340016,0.0,nan,nan,0.0,-1.9732544,0.0
317062519,nan,nan,nan,nan,nan,1.0,-1.3089181,0.5571982,0.0,nan,nan,0.0,-1.9732544,0.0
317262273,nan,nan,nan,nan,nan,1.0,0.0,-0.0,0.0,nan,nan,0.0,-1.9732544,0.0
317462232,nan,nan,nan,nan,nan,1.0,0.0,-0.0,0.0,nan,nan,0.0,-1.9732544,0.0
318062503,nan,nan,nan,nan,nan,1.0,0.0,-0.0,0.0,nan,nan,0.0,-1.9732544,0.0
318262289,nan,nan,nan,nan,nan,1.0,0.0,-0.0,0.0,nan,nan,0.0,-1.9732544,0.0
318462270,nan,nan,nan,nan,nan,1.0,0.0,-0.0,0.0,nan,nan,0.0,-1.9732544,0.0
318662311,nan,nan,nan,nan,nan,1.0,0.0,-0.0,0.0,nan,nan,0.0,-1.9732544,0.0
318862229,nan,nan,nan,nan,nan,1.0,0.0,-0.0,0.0,nan,nan,0.0,-1.9732544,0.0
319062429,nan,nan,nan,nan,nan,1.0,0.0,-0.0,0.0,nan,nan,0.0,-1.9732544,0.0
319262229,nan,nan,nan,nan,nan,1.0,0.0,-0.0,0.0,nan,nan,0.0,-1.9732544,0.0
319662287,nan,nan,nan,nan,nan,1.0,-1.0446173,0.444687,0.0,nan,nan,0.0,-1.9732544,0.0
319862291,nan,nan,nan,nan,nan,1.0,-1.1201317,0.47683305,0.0,nan,nan,0.0,-1.9732544,0.0
320052337,nan,nan,nan,nan,nan,1.0,-0.9313454,0.39646792,0.0,nan,nan,0.0,-1.9732544,0.0
320262262,nan,nan,nan,nan,nan,1.0,-0.76773065,0.3268181,0.0,nan,nan,0.0,-1.9732544,0.0
320462269,nan,nan,nan,nan,nan,1.0,-0.16361442,0.06964964,0.0,nan,nan,0.0,-1.9732544,0.0
320662263,nan,nan,nan,nan,nan,1.0,0.0,-0.0,0.0,nan,nan,0.0,-1.9732544,0.0
320852427,nan,nan,nan,nan,nan,1.0,0.0,-0.0,0.0,nan,nan,0.0,-1.9732544,0.0
321062433,nan,nan,nan,nan,nan,1.0,0.0,-0.0,0.0,nan,nan,0.0,-1.9732544,0.0
321262272,nan,nan,nan,nan,nan,1.0,0.0,-0.0,0.0,nan,nan,0.0,-1.9732544,0.0
321462229,nan,nan,nan,nan,nan,1.0,0.0,-0.0,0.0,nan,nan,0.0,-1.9732544,0.0
321662228,nan,nan,nan,nan,nan,1.0,0.0,-0.0,0.0,nan,nan,0.0,-1.9732544,0.0
321852456,nan,nan,nan,nan,nan,1.0,0.0,-0.0,0.0,nan,nan,0.0,-1.9732544,0.0
322062512,nan,nan,nan,nan,nan,1.0,0.0,-0.0,0.0,nan,nan,0.0,-1.9732544,0.0
322262325,nan,nan,nan,nan,nan,0.97442174,0.0,-0.0,-0.5975368,nan,nan,8.0,-1.9732544,0.0
322462292,nan,nan,nan,nan,nan,0.9184565,0.0,-0.0,-0.3428628,nan,nan,8.0,-1.9732544,0.0
322662269,nan,nan,nan,nan,nan,0.83076066,0.0,-0.0,-0.33580914,nan,nan,8.0,-1.9732544,0.0
322852463,nan,nan,nan,nan,nan,0.7009972,0.0,-0.0,-0.5804818,nan,nan,8.0,-1.9732544,0.0
323062431,nan,nan,nan,nan,nan,0.6638006,0.0,-0.0,0.03488362,nan,nan,-8.0,-1.9732544,0.0
323262233,nan,nan,nan,nan,nan,0.64922184,0.0,-0.0,-0.37750956,nan,nan,8.0,-1.9732544,0.0
323462232,nan,nan,nan,nan,nan,0.5442328,0.0,-0.0,-0.7798208,nan,nan,-8.0,-1.9732544,0.0
323662247,nan,nan,nan,nan,nan,0.36645186,0.0,-0.0,-0.43639967,nan,nan,8.0,-1.9732544,0.0
323852425,nan,nan,nan,nan,nan,0.3600291,0.0,-0.0,0.18930793,nan,nan,-8.0,-1.9732544,0.0
324062496,nan,nan,nan,nan,nan,0.41240907,0.0,-0.0,0.25938872,nan,nan,-8.0,-1.9732544,0.0
324462277,nan,nan,nan,nan,nan,0.35941312,0.0,-0.0,-0.19195218,nan,nan,8.0,-1.9732544,0.0
324662296,nan,nan,nan,nan,nan,0.3441925,0.0,-0.0,0.06083645,nan,nan,-8.0,-1.9732544,0.0
324852458,nan,nan,nan,nan,nan,0.3519622,0.0,-0.0,0.024549238,nan,nan,-8.0,-1.9732544,0.0
325062437,nan,nan,nan,nan,nan,0.35296017,0.0,-0.0,-0.123953074,nan,nan,8.0,-1.9732544,0.0
325262236,nan,nan,nan,nan,nan,0.34010094,0.0,-0.0,-0.17146763,nan,nan,-8.0,-1.9732544,0.0
325462233,nan,nan,nan,nan,nan,0.3295881,0.0,-0.0,0.0,nan,nan,0.0,-1.9732544,0.0
325662236,nan,nan,nan,nan,nan,0.33695376,0.0,-0.0,0.0,nan,nan,0.0,-1.9732544,0.0
325852431,nan,nan,nan,nan,nan,0.34057194,-0.26305005,-0.6179326,0.081576,nan,nan,8.0,-1.9732544,0.0
326062454,nan,nan,nan,nan,nan,0.35454905,-0.6710462,-1.5763592,0.0,nan,nan,0.0,-1.9732544,0.0
326262263,nan,nan,nan,nan,nan,0.3561125,-0.66030943,-1.5511373,0.12635009,nan,nan,-8.0,-1.9732544,0.0
326462318,nan,nan,nan,nan,nan,0.36066172,-0.6012574,-1.4124178,-0.16036,nan,nan,-8.0,-1.9732544,0.0
326662285,nan,nan,nan,nan,nan,0.3195331,-0.58515227,-1.3745852,-0.42767578,nan,nan,8.0,-1.9732544,0.0
326852556,nan,nan,nan,nan,nan,0.29888988,-0.5797839,-1.3619744,-0.02894359,nan,nan,8.0,-1.9732544,0.0
327062232,nan,nan,nan,nan,nan,0.29200175,-0.5475737,-1.286309,0.0,nan,nan,0.0,-1.9732544,0.0
327262260,nan,nan,nan,nan,nan,0.30036086,-0.47778484,-1.1223676,0.111469835,nan,nan,-8.0,-1.9732544,0.0
327462275,nan,nan,nan,nan,nan,0.3104445,-0.40799606,-0.9584262,0.0,nan,nan,0.0,-1.9732544,0.0
327662244,nan,nan,nan,nan,nan,0.24682412,-0.43483794,-1.0214807,-0.71408904,nan,nan,8.0,-1.9732544,0.0
327852455,nan,nan,nan,nan,nan,0.1962052,-0.42946953,-1.0088698,0.0,nan,nan,0.0,-1.9732544,0.0
328062458,nan,nan,nan,nan,nan,0.19478178,-0.39189094,-0.9205937,-0.08080104,nan,nan,8.0,-1.9732544,0.0
328262266,nan,nan,nan,nan,nan,0.19433466,-0.1986296,-0.46660212,0.02500017,nan,nan,-8.0,-1.9732544,0.0
328462262,nan,nan,nan,nan,nan,0.1893321,-0.12884079,-0.3026608,-0.08071451,nan,nan,8.0,-1.9732544,0.0
328662267,nan,nan,nan,nan,nan,0.19073361,0.110257536,-0.19589724,0.0,nan,nan,0.0,-1.9732544,0.0
328852459,nan,nan,nan,nan,nan,0.19086653,0.03783239,-0.016105011,-0.17625436,nan,nan,8.0,-1.9732544,0.0
329062458,nan,nan,nan,nan,nan,0.15770209,0.28893796,-0.40602577,-0.36734,nan,nan,8.0,-1.9732544,0.0
329262233,nan,nan,nan,nan,nan,0.10250484,0.27359495,-0.75700206,-0.057401076,nan,nan,8.0,-1.9732544,0.0
329662265,nan,nan,nan,nan,nan,0.10529074,1.0755767,-1.21757,0.0,nan,nan,0.0,-1.9732544,0.0
329852421,nan,nan,nan,nan,nan,0.07489076,0.46549022,-0.48118293,-0.40144873,nan,nan,8.0,-1.9732544,0.0
330062495,nan,nan,nan,nan,nan,0.036548447,-0.037578493,-0.088275895,-0.094844855,nan,nan,8.0,-1.9732544,0.0
330262259,nan,nan,nan,nan,nan,0.041407466,0.24036859,-0.41514242,0.0,nan,nan,0.0,-1.9732544,0.0
330462264,nan,nan,nan,nan,nan,0.054784685,1.7219716,-1.3437747,0.21036506,nan,nan,8.0,-1.9732544,0.0
330662265,nan,nan,nan,nan,nan,0.0648182,0.7188196,-0.305997,0.0,nan,nan,0.0,-1.9732544,0.0
330852460,nan,nan,nan,nan,nan,0.043498717,0.49182394,-0.20936635,0.10040346,nan,nan,-8.0,-1.9732544,0.0
331062446,nan,nan,nan,nan,nan,0.04826616,0.3026608,-0.12884079,0.025534779,nan,nan,8.0,-1.9732544,0.0
331262238,nan,nan,nan,nan,nan,0.045492295,0.2900499,-0.123472415,0.0,nan,nan,0.0,-1.9732544,0.0
331462230,nan,nan,nan,nan,nan,0.044083107,0.35310426,-0.15031427,0.027030095,nan,nan,-8.0,-1.9732544,0.0
331662276,nan,nan,nan,nan,nan,0.044128772,0.781874,-0.33283886,0.0,nan,nan,0.0,-1.9732544,0.0
331852424,nan,nan,nan,nan,nan,0.017928818,0.378326,-0.16105102,-0.1015186,nan,nan,-8.0,-1.9732544,0.0
332062456,nan,nan,1.1031438,nan,nan,0.0,0.0,-0.0,0.0,nan,nan,0.0,-1.9732544,0.0
332262294,nan,nan,1.1031438,nan,nan,0.0,0.0,-0.0,0.0,nan,nan,0.0,-1.9732544,0.0
332462301,nan,nan,1.1031438,nan,nan,0.0,0.0,-0.0,0.0,nan,nan,0.0,-1.9732544,0.0
332652441,nan,nan,1.1031438,nan,nan,0.0,0.0,-0.0,0.0,nan,nan,0.0,-1.9732544,0.0
332852717,nan,nan,1.1031438,nan,nan,0.0,0.24148062,-0.13258882,0.0,nan,nan,0.0,-1.9732544,0.0
333052379,nan,nan,1.1031438,nan,nan,0.0,0.5847686,-1.4257283,0.0,nan,nan,0.0,-1.9732544,0.0
333262337,nan,nan,1.1031438,nan,nan,0.0,0.053491753,-1.274048,0.0,nan,nan,0.0,-1.9732544,0.0
333452343,nan,nan,1.1031438,nan,nan,0.0,-0.2609221,-0.7529039,0.0,nan,nan,0.0,-1.9732544,0.0
333652348,nan,nan,1.1031438,nan,nan,0.0,-0.22547148,-0.5296565,0.0,nan,nan,0.0,-1.9732544,0.0
333852490,nan,nan,1.1031438,nan,nan,0.0,-0.23033199,-0.75102973,0.0,nan,nan,0.0,-1.9732544,0.0
334052373,nan,nan,1.1031438,nan,nan,0.0,-0.27378678,-0.6431544,0.0,nan,nan,0.0,-1.9732544,0.0
334252422,nan,nan,1.1031438,nan,nan,0.0,-0.2898919,-0.680987,0.0,nan,nan,0.0,-1.9732544,0.0
334452387,nan,nan,1.1031438,nan,nan,0.0,-0.31298572,-0.80522156,0.0,nan,nan,0.0,-1.9732544,0.0
334652454,nan,nan,nan,nan,nan,-0.05266184,-0.3113654,-0.73143053,-0.8325379,nan,nan,8.0,-1.9732544,0.0
334852518,nan,nan,nan,nan,nan,-0.14029577,-0.2898919,-0.680987,0.0,nan,nan,0.0,-1.9732544,0.0
335062246,nan,nan,nan,nan,nan,-0.14593437,-0.27915516,-0.6557653,0.0,nan,nan,0.0,-1.9732544,0.0
335262249,nan,nan,nan,nan,nan,-0.14029577,-0.27915516,-0.6557653,0.0,nan,nan,0.0,-1.9732544,0.0
335462337,nan,nan,nan,nan,nan,-0.2493922,-0.27378678,-0.6431544,-0.7830911,nan,nan,8.0,-1.9732544,0.0
335662215,nan,nan,nan,nan,nan,-0.4558917,-0.25231332,-0.5927109,-1.2886004,nan,nan,8.0,-1.9732544,0.0
335852462,nan,nan,nan,nan,nan,-0.57153213,-0.103697255,-0.26849613,0.15206578,nan,nan,8.0,nan,-0.0004559953
336062266,nan,nan,nan,nan,nan,-0.3637438,0.0,-0.0,1.7532157,nan,nan,-8.0,nan,-4.4588847e-05
336262251,nan,nan,nan,nan,nan,-0.15079504,0.0,-0.0,0.40986368,nan,nan,-8.0,nan,-4.884029e-06
336462379,nan,nan,nan,nan,nan,-0.18032798,0.0,-0.0,0.0,nan,nan,0.0,nan,-5.3385554e-07
336662251,nan,nan,nan,nan,nan,-0.20243514,0.0,-0.0,-0.15104537,nan,nan,8.0,-1.8212936,-5.7952036e-08
336852522,nan,nan,nan,nan,nan,-0.08746839,0.0,-0.0,1.1830022,nan,nan,-8.0,-1.8212936,-6.9610504e-09
337062384,nan,nan,nan,nan,nan,0.019750118,0.0,-0.0,-0.014469713,nan,nan,8.0,-1.8212936,-6.939063e-10
337252412,nan,nan,nan,nan,nan,0.06617794,0.0,-0.0,0.39842826,nan,nan,-8.0,-1.8212936,-8.2754074e-11
337652379,nan,nan,nan,nan,nan,0.37883228,0.0,-0.0,0.27020988,nan,nan,-8.0,-1.8212936,-9.929779e-13
337862506,nan,nan,nan,nan,nan,0.43486315,0.0,-0.0,0.87572736,nan,nan,8.0,-1.8212936,-9.774577e-14
338062214,nan,nan,nan,nan,nan,0.7337331,0.0,-0.0,1.8914256,nan,nan,-8.0,-1.8212936,-1.0626516e-14
338262250,nan,nan,nan,nan,nan,0.9857344,0.0,-0.0,0.4777552,nan,nan,-8.0,-1.8212936,-1.1625385e-15
338452390,nan,nan,nan,nan,nan,1.0,0.0,-0.0,0.0,nan,nan,0.0,-1.8160462,-1.3844555e-16
338662249,nan,nan,nan,nan,nan,1.0,0.0,-0.0,0.0,nan,nan,0.0,-1.6802739,-1.3661611e-17
338862511,nan,nan,nan,nan,nan,1.0,0.0,-0.0,0.0,nan,nan,0.0,-1.6802739,-1.4922292e-18
339252350,nan,nan,nan,nan,nan,1.0,0.0,-0.0,0.0,nan,nan,0.0,-1.6802739,-1.9699122e-20
339462266,nan,nan,nan,nan,nan,1.0,0.0,-0.0,0.0,nan,nan,0.0,-1.6802739,-1.9428897e-21
339662221,nan,nan,nan,nan,nan,1.0,0.0,-0.0,0.0,nan,nan,0.0,-1.6802739,-2.1079705e-22
339862507,nan,nan,nan,nan,nan,1.0,0.0,-0.0,0.0,nan,nan,0.0,-1.6802739,-2.3013469e-23
340052345,nan,nan,nan,nan,nan,1.0,0.0,-0.0,0.0,nan,nan,0.0,-1.6802739,-2.7762465e-24
340252429,nan,nan,nan,nan,nan,1.0,0.0,-0.0,0.0,nan,nan,0.0,nan,-0.2953606
340462275,nan,nan,nan,nan,nan,1.0,0.0,-0.0,0.0,nan,nan,0.0,nan,-2.1547027
340652388,nan,nan,nan,nan,nan,1.0,0.0,-0.0,0.0,nan,nan,0.0,nan,-1.7314464
340862509,nan,nan,nan,nan,nan,1.0,0.0,-0.0,0.0,nan,nan,0.0,nan,-0.18166466
341052386,nan,nan,nan,nan,nan,1.0,0.0,-0.0,0.0,nan,nan,0.0,nan,-0.022149412
341252344,nan,nan,nan,nan,nan,1.0,0.0,-0.0,0.0,nan,nan,0.0,nan,-0.002379291
341452351,nan,nan,nan,nan,nan,1.0,0.0,-0.0,0.0,nan,nan,0.0,nan,-0.00025546917
341652393,nan,nan,nan,nan,nan,1.0,0.0,-0.0,0.0,nan,nan,0.0,nan,-2.7418911e-05
341852347,nan,nan,nan,nan,nan,1.0,0.0,-0.0,0.0,nan,nan,0.0,nan,-3.0037215e-06
342062274,nan,nan,nan,nan,nan,1.0,0.0,-0.0,0.0,nan,nan,0.0,nan,-2.9339668e-07
342252386,nan,nan,nan,nan,nan,1.0,0.0,-0.0,0.0,nan,nan,0.0,-1.6855334,-3.562452e-08
342462422,nan,nan,nan,nan,nan,1.0,0.0,-0.0,0.0,nan,nan,0.0,-1.6855334,-3.5812184e-09
342652679,nan,nan,nan,nan,nan,1.0,0.0,-0.0,0.0,nan,nan,0.0,-1.6855334,-4.2609877e-10
342862637,nan,nan,nan,nan,nan,1.0,0.0,-0.0,0.0,nan,nan,0.0,-1.6855334,-4.2423957e-11
343062284,nan,nan,nan,nan,nan,1.0,0.0,-0.0,0.0,nan,nan,0.0,-1.6855334,-4.664651e-12
343262218,nan,nan,nan,nan,nan,1.0,0.0,-0.0,0.0,nan,nan,0.0,-1.6855334,-5.209174e-13
343452380,nan,nan,nan,nan,nan,1.0,0.0,-0.0,0.0,nan,nan,0.0,-1.6855334,-6.32521e-14
343652467,nan,nan,nan,nan,nan,1.0,0.0,-0.0,0.0,nan,nan,0.0,-1.6855334,-6.853763e-15
343862451,nan,nan,nan,nan,nan,1.0,0.0,-0.0,0.0,nan,nan,0.0,-1.6855334,-6.7562106e-16
344062339,nan,nan,nan,nan,nan,1.0,0.0,-0.0,0.0,nan,nan,0.0,-1.6855334,-7.482827e-17
344262255,nan,nan,nan,nan,nan,1.0,0.0,-0.0,0.0,nan,nan,0.0,-1.6855334,-8.282044e-18
344452384,nan,nan,nan,nan,nan,1.0,0.0,-0.0,0.0,nan,nan,0.0,-1.6855334,-1.0062011e-18
344652524,nan,nan,nan,nan,nan,1.0,0.0,-0.0,0.0,nan,nan,0.0,-1.6855334,-1.1003692e-19
344852376,nan,nan,nan,nan,nan,1.0,0.0,-0.0,0.0,nan,nan,0.0,-1.6855334,-1.218475e-20
345062282,nan,nan,nan,nan,nan,1.0,0.0,-0.0,0.0,nan,nan,0.0,-1.6855334,-1.2132181e-21
345252415,nan,nan,nan,nan,nan,1.0,0.0,-0.0,0.0,nan,nan,0.0,-1.6855334,-1.4749373e-22
345462347,nan,nan,nan,nan,nan,1.0,0.0,-0.0,0.0,nan,nan,0.0,-1.6855334,-1.4545683e-23
345652622,nan,nan,nan,nan,nan,1.0,0.0,-0.0,0.0,nan,nan,0.0,nan,-0.6017881
345852351,nan,nan,nan,nan,nan,1.0,0.0,-0.0,0.0,nan,nan,0.0,nan,-2.2008352
346052375,nan,nan,nan,nan,nan,1.0,0.0,-0.0,0.0,nan,nan,0.0,nan,-2.374551
346262251,nan,nan,nan,nan,nan,1.0,0.0,-0.0,0.0,nan,nan,0.0,nan,-2.3937798
346462248,nan,nan,nan,nan,nan,1.0,0.0,-0.0,0.0,nan,nan,0.0,nan,-2.3956776
346652658,nan,nan,nan,nan,nan,1.0,0.0,-0.0,0.0,nan,nan,0.0,nan,-2.3958807
347062256,nan,nan,nan,nan,nan,1.0,0.0,-0.0,0.0,nan,nan,0.0,nan,-2.395908
347452337,nan,nan,nan,nan,nan,1.0,0.0,-0.0,0.0,nan,nan,0.0,nan,-2.395908
347652565,nan,nan,nan,nan,nan,1.0,0.0,-0.0,0.0,nan,nan,0.0,nan,-2.395908
347852364,nan,nan,nan,nan,nan,1.0,0.0,-0.0,0.0,nan,nan,0.0,nan,-2.395908
348052365,nan,nan,nan,nan,nan,1.0,0.0,-0.0,0.0,nan,nan,0.0,nan,-2.395908
348262277,nan,nan,nan,nan,nan,1.0,0.0,-0.0,0.0,nan,nan,0.0,nan,-2.395908
348452367,nan,nan,nan,nan,nan,1.0,0.0,-0.0,0.0,nan,nan,0.0,nan,-2.395908
348652682,nan,nan,nan,nan,nan,1.0,0.0,-0.0,0.0,nan,nan,0.0,nan,-2.395908
348852435,nan,nan,nan,nan,nan,1.0,0.0,-0.0,0.0,nan,nan,0.0,nan,-1.750471
349062254,nan,nan,nan,nan,nan,1.0,0.0,-0.0,0.0,nan,nan,0.0,nan,-0.39251715
349252356,nan,nan,nan,nan,nan,1.0,0.0,-0.0,0.0,nan,nan,0.0,nan,-0.047255114
349452349,nan,nan,nan,nan,nan,1.0,0.0,-0.0,0.0,nan,nan,0.0,nan,-0.0051284516
349652619,nan,nan,nan,nan,nan,1.0,0.0,-0.0,0.0,nan,nan,0.0,nan,-0.28351358
349852346,nan,nan,nan,nan,nan,1.0,0.0,-0.0,0.0,nan,nan,0.0,nan,-2.1404164
350052354,nan,nan,nan,nan,nan,1.0,0.0,-0.0,0.0,nan,nan,0.0,nan,-1.0853686
350452440,nan,nan,nan,nan,nan,1.0,0.0,-0.0,0.0,nan,nan,0.0,nan,-0.01280627
350652651,nan,nan,nan,nan,nan,1.0,0.0,-0.0,0.0,nan,nan,0.0,nan,-0.0013989869
350852390,nan,nan,nan,nan,nan,1.0,0.0,-0.0,0.0,nan,nan,0.0,nan,-0.00015213434
351062254,nan,nan,nan,nan,nan,1.0,0.0,-0.0,0.0,nan,nan,0.0,nan,-1.51642525e-05
351262261,nan,nan,nan,nan,nan,1.0,0.0,-0.0,0.0,nan,nan,0.0,nan,-1.6763739e-06
351462240,nan,nan,nan,nan,nan,1.0,0.0,-0.0,0.0,nan,nan,0.0,nan,-1.8175645e-07
351652496,nan,nan,nan,nan,nan,1.0,0.0,-0.0,0.0,nan,nan,0.0,-1.6916583,-2.2055223e-08
351852357,nan,nan,nan,nan,nan,1.0,0.0,-0.0,0.0,nan,nan,0.0,-1.6916583,-2.4174813e-09
352052344,nan,nan,nan,nan,nan,1.0,0.0,-0.0,0.0,nan,nan,0.0,-1.6916583,-2.5960997e-10
352252371,nan,nan,nan,nan,nan,1.0,0.0,-0.0,0.0,nan,nan,0.0,-1.6916583,-2.8143562e-11
352452387,nan,nan,nan,nan,nan,1.0,0.0,-0.0,0.0,nan,nan,0.0,-1.6916583,-3.0214561e-12
352652600,nan,nan,nan,nan,nan,1.0,0.0,-0.0,0.0,nan,nan,0.0,-1.6916583,-3.2702443e-13
352852487,nan,nan,nan,nan,nan,1.0,0.0,-0.0,0.0,nan,nan,0.0,-1.6916583,-3.5845106e-14
353052416,nan,nan,nan,nan,nan,1.0,0.0,-0.0,0.0,nan,nan,0.0,-1.6916583,-3.969276e-15
353252370,nan,nan,nan,nan,nan,1.0,0.0,-0.0,0.0,nan,nan,0.0,-1.6916583,-4.2632066e-16
353452344,nan,nan,nan,nan,nan,1.0,0.0,-0.0,0.0,nan,nan,0.0,-1.6916583,-4.578806e-17
353652602,nan,nan,nan,nan,nan,1.0,0.0,-0.0,0.0,nan,nan,0.0,-1.6916583,-4.90388e-18
353852366,nan,nan,nan,nan,nan,1.0,0.0,-0.0,0.0,nan,nan,0.0,-1.6916583,-5.277992e-19
354052354,nan,nan,nan,nan,nan,1.0,0.0,-0.0,0.0,nan,nan,0.0,-1.6916583,-5.668002e-20
354252392,nan,nan,nan,nan,nan,1.0,0.0,-0.0,0.0,nan,nan,0.0,-1.6916583,-6.0837846e-21
354452390,nan,nan,nan,nan,nan,1.0,0.0,-0.0,0.0,nan,nan,0.0,-1.6916583,-6.5326134e-22
354652682,nan,nan,nan,nan,nan,1.0,0.0,-0.0,0.0,nan,nan,0.0,-1.6916583,-6.993811e-23
354852386,nan,nan,nan,nan,nan,1.0,0.0,-0.0,0.0,nan,nan,0.0,-1.6916583,-7.53202e-24
355052386,nan,nan,nan,nan,nan,1.0,0.0,-0.0,0.0,nan,nan,0.0,-1.6916583,-8.0875366e-25
355452439,nan,nan,nan,nan,nan,1.0,0.0,-0.0,0.0,nan,nan,0.0,-1.6916583,-9.319627e-27
355652350,nan,nan,nan,nan,nan,1.0,0.0,-0.0,0.0,nan,nan,0.0,-1.6916583,-1.0015967e-27
355852624,nan,nan,nan,nan,nan,1.0,0.0,-0.0,0.0,nan,nan,0.0,-1.6916583,-1.0725197e-28
356052361,nan,nan,nan,nan,nan,1.0,0.0,-0.0,0.0,nan,nan,0.0,-1.6916583,-1.1546423e-29
356252445,nan,nan,nan,nan,nan,1.0,0.0,-0.0,0.0,nan,nan,0.0,-1.6916583,-1.238745e-30
356452516,nan,nan,nan,nan,nan,1.0,0.0,-0.0,0.0,nan,nan,0.0,-1.6916583,-1.3291725e-31
356652389,nan,nan,nan,nan,nan,1.0,0.0,-0.0,0.0,nan,nan,0.0,-1.6916583,-1.4290278e-32
356852649,nan,nan,nan,nan,nan,1.0,0.0,-0.0,0.0,nan,nan,0.0,-1.6916583,-1.5304343e-33
357052381,nan,nan,nan,nan,nan,1.0,0.0,-0.0,0.0,nan,nan,0.0,-1.6916583,-1.6477455e-34
357252355,nan,nan,nan,nan,nan,1.0,0.0,-0.0,0.0,nan,nan,0.0,-1.6916583,-1.7696888e-35
357452351,nan,nan,nan,nan,nan,1.0,0.0,-0.0,0.0,nan,nan,0.0,-1.6916583,-1.9003162e-36
357652357,nan,nan,nan,nan,nan,1.0,0.0,-0.0,0.0,nan,nan,0.0,-1.6916583,-2.0403639e-37
357852646,nan,nan,nan,nan,nan,1.0,0.0,-0.0,0.0,nan,nan,0.0,-1.6916583,-2.1845053e-38
358052443,nan,nan,nan,nan,nan,1.0,0.0,-0.0,0.0,nan,nan,0.0,-1.6916583,-2.350385e-39
358252385,nan,nan,nan,nan,nan,1.0,0.0,-0.0,0.0,nan,nan,0.0,-1.6916583,-2.52525e-40
358652379,nan,nan,nan,nan,nan,1.0,0.0,-0.0,0.0,nan,nan,0.0,-1.6916583,-2.91e-42
359052430,nan,nan,nan,nan,nan,1.0,0.0,-0.0,0.0,nan,nan,0.0,-1.6916583,-3.4e-44
359252380,nan,nan,nan,0.0,0.0,1.0,0.0,0.0,0.0,nan,nan,0.0,-1.6923978,0.0
359452377,nan,nan,nan,0.0,0.0,1.0,0.0,0.0,0.0,nan,nan,0.0,-1.6924758,0.0
359652545,nan,nan,nan,0.0,0.0,1.0,0.0,0.0,0.0,nan,nan,0.0,-1.6925696,0.0
359852738,nan,nan,nan,0.0,0.0,1.0,0.0,0.0,0.0,nan,nan,0.0,-1.6927662,0.0
360052461,nan,nan,nan,0.0,0.0,1.0,0.0,0.0,0.0,nan,nan,0.0,-1.6930038,0.0
