timestamp,timestamp_sample,gps_hvel[0],gps_hvel[1],gps_vvel,gps_hpos[0],gps_hpos[1],gps_vpos,ev_hvel[0],ev_hvel[1],ev_vvel,ev_hpos[0],ev_hpos[1],ev_vpos,rng_vpos,baro_vpos,aux_hvel[0],aux_hvel[1],flow[0],flow[1],terr_flow[0],terr_flow[1],heading,mag_field[0],mag_field[1],mag_field[2],gravity[0],gravity[1],gravity[2],drag[0],drag[1],airspeed,beta,hagl,hagl_rate
200523950,200333649,0.09628159,0.09628733,0.20678593,1.0421145,1.0421394,2.680109,0.0,0.0,0.0,0.0,0.0,0.0,0.0,12.419157,0.0,0.0,0.0,0.0,0.0,0.0,0.0025076282,0.0025075655,0.0025076282,0.0025018686,1.0000325,1.0000331,1.0,0.0,0.0,0.0,0.0,0.0,0.0
201024185,200833649,0.09628732,0.09629297,0.20679341,1.0462329,1.0462579,2.6964211,0.0,0.0,0.0,0.0,0.0,0.0,0.0,12.419605,0.0,0.0,0.0,0.0,0.0,0.0,0.0025076375,0.0025075783,0.0025076375,0.0025018672,1.0000325,1.0000331,1.0,0.0,0.0,0.0,0.0,0.0,0.0
201524183,201333648,0.09628707,0.096293725,0.20679313,1.0523705,1.0523953,2.7097433,0.0,0.0,0.0,0.0,0.0,0.0,0.0,12.419697,0.0,0.0,0.0,0.0,0.0,0.0,0.0025076324,0.002507581,0.0025076324,0.0025018652,1.0000325,1.000033,1.0,0.0,0.0,0.0,0.0,0.0,0.0
202024204,201833648,0.09629084,0.0962985,0.20679362,1.0565029,1.0565277,2.7196047,0.0,0.0,0.0,0.0,0.0,0.0,0.0,12.419359,0.0,0.0,0.0,0.0,0.0,0.0,0.002507633,0.0025075872,0.002507633,0.0025018635,1.0000325,1.000033,1.0,0.0,0.0,0.0,0.0,0.0,0.0
202524172,202333648,0.09628636,0.09629442,0.20679204,1.058595,1.0586196,2.7294624,0.0,0.0,0.0,0.0,0.0,0.0,0.0,12.419789,0.0,0.0,0.0,0.0,0.0,0.0,0.00250763,0.0025075865,0.00250763,0.002501862,1.0000325,1.000033,1.0,0.0,0.0,0.0,0.0,0.0,0.0
203024170,202833648,0.096293345,0.09629972,0.20679902,1.0627275,1.0627521,2.7362869,0.0,0.0,0.0,0.0,0.0,0.0,0.0,12.420216,0.0,0.0,0.0,0.0,0.0,0.0,0.0025076303,0.002507594,0.0025076303,0.0025018586,1.0000327,1.000033,1.0,0.0,0.0,0.0,0.0,0.0,0.0
203524165,203333648,0.096285015,0.09629057,0.20679645,1.0668435,1.0668682,2.7461505,0.0,0.0,0.0,0.0,0.0,0.0,0.0,12.419477,0.0,0.0,0.0,0.0,0.0,0.0,0.0025076256,0.0025075949,0.0025076256,0.002501857,1.0000327,1.0000331,1.0,0.0,0.0,0.0,0.0,0.0,0.0
204024170,203833648,0.09629436,0.096297696,0.2067968,1.073031,1.0730556,2.7692163,0.0,0.0,0.0,0.0,0.0,0.0,0.0,12.419899,0.0,0.0,0.0,0.0,0.0,0.0,0.002507629,0.0025075995,0.002507629,0.0025018547,1.0000327,1.0000331,1.0,0.0,0.0,0.0,0.0,0.0,0.0
204524168,204333648,0.09629567,0.09630661,0.20680341,1.0751399,1.0751644,2.7793899,0.0,0.0,0.0,0.0,0.0,0.0,0.0,12.42032,0.0,0.0,0.0,0.0,0.0,0.0,0.0025076356,0.0025075984,0.0025076356,0.0025018544,1.0000327,1.0000331,1.0,0.0,0.0,0.0,0.0,0.0,0.0
205024201,204833648,0.096311875,0.09630864,0.2068027,1.0772437,1.0772682,2.7827294,0.0,0.0,0.0,0.0,0.0,0.0,0.0,12.42073,0.0,0.0,0.0,0.0,0.0,0.0,0.0025076473,0.0025076084,0.0025076473,0.0025018563,1.0000327,1.0000331,1.0,0.0,0.0,0.0,0.0,0.0,0.0
205524173,205333648,0.09631617,0.096318685,0.20680185,1.0813932,1.0814182,2.7993007,0.0,0.0,0.0,0.0,0.0,0.0,0.0,12.420343,0.0,0.0,0.0,0.0,0.0,0.0,0.0025077264,0.0025077001,0.0025077264,0.0025019906,1.0000327,1.0000331,1.0,0.0,0.0,0.0,0.0,0.0,0.0
206024169,205833648,0.09664602,0.097819686,0.20681366,1.0836529,1.0836842,2.8061414,0.0,0.0,0.0,0.0,0.0,0.0,0.0,12.420738,0.0,0.0,0.0,0.0,0.0,0.0,0.0025150196,0.0025150196,0.002513155,0.0025062892,1.0000325,1.000033,1.0,0.0,0.0,0.0,0.0,0.0,0.0
207024198,206833649,0.0966381,0.096692644,0.20680381,1.089737,1.0897747,2.8128335,0.0,0.0,0.0,0.0,0.0,0.0,0.0,12.420344,0.0,0.0,0.0,0.0,0.0,0.0,0.002530908,0.002530908,0.0025195198,0.0025020835,1.0000322,1.0000325,1.0000001,0.0,0.0,0.0,0.0,0.0,0.0
207524183,207333648,0.09652213,0.09763171,0.20681751,1.094074,1.0941001,2.8130064,0.0,0.0,0.0,0.0,0.0,0.0,0.0,12.4207,0.0,0.0,0.0,0.0,0.0,0.0,0.0025294349,0.0025294349,0.0025187659,0.0025019941,1.000032,1.0000322,1.0,0.0,0.0,0.0,0.0,0.0,0.0
208024198,207833648,0.096579894,0.09781244,0.20681374,1.0981115,1.0981439,2.8163662,0.0,0.0,0.0,0.0,0.0,0.0,0.0,12.421063,0.0,0.0,0.0,0.0,0.0,0.0,0.0025159735,0.0025159735,0.0025120268,0.0025034435,1.000032,1.0000321,1.0,0.0,0.0,0.0,0.0,0.0,0.0
208524114,208333651,0.09649816,0.096950814,0.20681605,1.1023157,1.1023535,2.8196752,0.0,0.0,0.0,0.0,0.0,0.0,0.0,12.420288,0.0,0.0,0.0,0.0,0.0,0.0,0.0032309406,0.0032298777,0.0032309406,0.0032145565,1.000032,1.0000318,1.0,0.0,0.0,0.0,0.0,0.0,0.0
209024106,208833648,0.09822589,0.09656341,0.20681916,1.1023934,1.1024243,2.8163276,0.0,0.0,0.0,0.0,0.0,0.0,0.0,12.420643,0.0,0.0,0.0,0.0,0.0,0.0,0.0027443038,0.0027443038,0.0027406593,0.0027433275,1.000032,1.0000317,1.0000004,0.0,0.0,0.0,0.0,0.0,0.0
209524140,209333648,0.10667305,0.09875012,0.20683254,1.1066778,1.1066141,2.8198514,0.0,0.0,0.0,0.0,0.0,0.0,0.0,12.420984,0.0,0.0,0.0,0.0,0.0,0.0,0.002651257,0.002651257,0.0026462832,0.002647288,1.000032,1.0000323,1.0000005,0.0,0.0,0.0,0.0,0.0,0.0
210024145,209833648,0.10997588,0.10014622,0.20684256,1.1068612,1.1066935,2.8164883,0.0,0.0,0.0,0.0,0.0,0.0,0.0,12.421327,0.0,0.0,0.0,0.0,0.0,0.0,0.0026396685,0.0026396685,0.0026271767,0.0026145286,1.0000311,1.000034,1.0000012,0.0,0.0,0.0,0.0,0.0,0.0
210524108,210333648,0.10699175,0.09982472,0.20685528,1.1069565,1.1067525,2.8131123,0.0,0.0,0.0,0.0,0.0,0.0,0.0,12.420859,0.0,0.0,0.0,0.0,0.0,0.0,0.0026019325,0.0026019325,0.0025999877,0.002581165,1.0000315,1.0000358,1.0000007,0.0,0.0,0.0,0.0,0.0,0.0
211524008,211333648,0.10015355,0.09690242,0.20686702,1.1132964,1.1130388,2.813231,0.0,0.0,0.0,0.0,0.0,0.0,0.0,12.421498,0.0,0.0,0.0,0.0,0.0,0.0,0.0025772606,0.0025772606,0.0025753062,0.0025569939,1.0000316,1.0000396,1.0000002,0.0,0.0,0.0,0.0,0.0,0.0
212023953,211833648,0.09752746,0.096601166,0.20685732,1.1153942,1.115149,2.813176,0.0,0.0,0.0,0.0,0.0,0.0,0.0,12.420671,0.0,0.0,0.0,0.0,0.0,0.0,0.0025692796,0.0025692796,0.0025605278,0.0025547603,1.0000316,1.0000414,1.0,0.0,0.0,0.0,0.0,0.0,0.0
212523941,212333648,0.09620352,0.09624492,0.20685464,1.1257977,1.1255919,2.8364253,0.0,0.0,0.0,0.0,0.0,0.0,0.0,12.421,0.0,0.0,0.0,0.0,0.0,0.0,0.0025554514,0.0025554514,0.0025482974,0.0025482732,1.0000317,1.0000426,1.0,0.0,0.0,0.0,0.0,0.0,0.0
213023947,212833648,0.096922055,0.09674895,0.20685203,1.1404969,1.1403716,2.8802223,0.0,0.0,0.0,0.0,0.0,0.0,0.0,12.421411,0.0,0.0,0.0,0.0,0.0,0.0,0.0025946994,0.0025946994,0.002544281,0.0025785104,1.0000314,1.0000423,1.0000007,0.0,0.0,0.0,0.0,0.0,0.0
213523939,213333648,0.10135167,0.09804058,0.2068711,1.15962,1.1596113,2.941197,0.0,0.0,0.0,0.0,0.0,0.0,0.0,12.421146,0.0,0.0,0.0,0.0,0.0,0.0,0.0025742103,0.0025742103,0.0025404692,0.0025637692,1.0000317,1.000038,1.0000005,0.0,0.0,0.0,0.0,0.0,0.0
214023941,213833648,0.10198175,0.09772206,0.20687911,1.1725297,1.172534,3.0097032,0.0,0.0,0.0,0.0,0.0,0.0,0.0,12.421688,0.0,0.0,0.0,0.0,0.0,0.0,0.002553468,0.002553468,0.0025398596,0.002544076,1.0000321,1.0000343,1.0000002,0.0,0.0,0.0,0.0,0.0,0.0
214523945,214333648,0.100856125,0.09728543,0.20690472,1.1899837,1.1899451,3.0828702,0.0,0.0,0.0,0.0,0.0,0.0,0.0,12.422011,0.0,0.0,0.0,0.0,0.0,0.0,0.002544963,0.002544963,0.0025386165,0.0025341078,1.0000322,1.0000328,1.0000001,0.0,0.0,0.0,0.0,0.0,0.0
215023970,214833648,0.1123246,0.11011472,0.23627877,1.2056485,1.2055434,3.1639853,0.0,0.0,0.0,0.0,0.0,0.0,0.0,12.422977,0.0,0.0,0.0,0.0,0.0,0.0,0.0025371138,0.0025371138,0.0025351355,0.002527231,1.0000322,1.0000327,1.0,0.0,0.0,0.0,0.0,0.0,0.0
215523944,215333648,0.13355254,0.13238914,0.28644145,1.2237654,1.2236065,3.2535098,0.0,0.0,0.0,0.0,0.0,0.0,0.0,12.423325,0.0,0.0,0.0,0.0,0.0,0.0,0.0025310349,0.0025302595,0.0025310349,0.0025271324,1.0000324,1.0000329,1.0000001,0.0,0.0,0.0,0.0,0.0,0.0
216023942,215833648,0.1255379,0.1248179,0.26925746,1.2443119,1.2441145,3.3407083,0.0,0.0,0.0,0.0,0.0,0.0,0.0,12.424551,0.0,0.0,0.0,0.0,0.0,0.0,0.0025299469,0.0025299469,0.0025277622,0.002524252,1.0000323,1.0000333,1.0000001,0.0,0.0,0.0,0.0,0.0,0.0
216523968,216333648,0.11178349,0.111553594,0.23934652,1.2650527,1.2648432,3.4220688,0.0,0.0,0.0,0.0,0.0,0.0,0.0,12.425861,0.0,0.0,0.0,0.0,0.0,0.0,0.0025373513,0.0025373513,0.002524341,0.00253119,1.0000316,1.0000337,1.000001,0.0,0.0,0.0,0.0,0.0,0.0
217023940,216833648,0.09997,0.1000311,0.21389063,1.2828574,1.2827046,3.4888742,0.0,0.0,0.0,0.0,0.0,0.0,0.0,12.4255,0.0,0.0,0.0,0.0,0.0,0.0,0.002531408,0.002531408,0.0025233882,0.0025264379,1.0000317,1.0000335,1.0000004,0.0,0.0,0.0,0.0,0.0,0.0
217523944,217333648,0.096713156,0.09673741,0.20705718,1.2916096,1.2914926,3.492861,0.0,0.0,0.0,0.0,0.0,0.0,0.0,12.426179,0.0,0.0,0.0,0.0,0.0,0.0,0.0025233799,0.0025233799,0.0025227282,0.002519915,1.0000321,1.0000334,1.0,0.0,0.0,0.0,0.0,0.0,0.0
218023946,217833648,0.096566,0.09659181,0.20702437,1.2936877,1.2935967,3.4415972,0.0,0.0,0.0,0.0,0.0,0.0,0.0,12.426699,0.0,0.0,0.0,0.0,0.0,0.0,0.002540309,0.002540309,0.0025222378,0.0025310635,1.00003,1.0000333,1.0000018,0.0,0.0,0.0,0.0,0.0,0.0
218523942,218333648,0.09755482,0.09669309,0.20701085,1.2980039,1.297962,3.4342563,0.0,0.0,0.0,0.0,0.0,0.0,0.0,12.426271,0.0,0.0,0.0,0.0,0.0,0.0,0.0025764962,0.0025764962,0.0025208893,0.0025605767,1.0000288,1.0000327,1.0000029,0.0,0.0,0.0,0.0,0.0,0.0
219023943,218833648,0.09796432,0.09674497,0.20700796,1.3046787,1.3046721,3.4268951,0.0,0.0,0.0,0.0,0.0,0.0,0.0,12.42665,0.0,0.0,0.0,0.0,0.0,0.0,0.0025215396,0.0025215396,0.002519721,0.002517798,1.0000316,1.0000323,1.0,0.0,0.0,0.0,0.0,0.0,0.0
219523944,219333648,0.102862604,0.102559835,0.22072323,1.3113791,1.3113794,3.4234564,0.0,0.0,0.0,0.0,0.0,0.0,0.0,12.42699,0.0,0.0,0.0,0.0,0.0,0.0,0.0025185805,0.0025185805,0.002518276,0.002516317,1.0000314,1.0000323,1.0000002,0.0,0.0,0.0,0.0,0.0,0.0
220023944,219833648,0.09656777,0.096417286,0.2070024,1.3204739,1.3204762,3.4233706,0.0,0.0,0.0,0.0,0.0,0.0,0.0,12.426117,0.0,0.0,0.0,0.0,0.0,0.0,0.0025191414,0.0025191414,0.002517805,0.0025161656,1.0000311,1.0000324,1.0000004,0.0,0.0,0.0,0.0,0.0,0.0
221023940,220833648,0.096439674,0.096441664,0.20702061,1.3319232,1.331926,3.4232097,0.0,0.0,0.0,0.0,0.0,0.0,0.0,12.426755,0.0,0.0,0.0,0.0,0.0,0.0,0.002519774,0.002519774,0.0025166683,0.0025166466,1.0000315,1.0000325,1.0,0.0,0.0,0.0,0.0,0.0,0.0
221523977,221333648,0.096572965,0.096486226,0.20701696,1.3297988,1.3298016,3.4089088,0.0,0.0,0.0,0.0,0.0,0.0,0.0,12.427026,0.0,0.0,0.0,0.0,0.0,0.0,0.0025210849,0.0025210849,0.002517043,0.0025166639,1.0000312,1.0000323,1.0,0.0,0.0,0.0,0.0,0.0,0.0
222023941,221833648,0.09679164,0.096523345,0.2070059,1.3206681,1.3206681,3.361306,0.0,0.0,0.0,0.0,0.0,0.0,0.0,12.426048,0.0,0.0,0.0,0.0,0.0,0.0,0.002520659,0.002520659,0.0025175768,0.0025150294,1.0000311,1.0000323,1.0,0.0,0.0,0.0,0.0,0.0,0.0
223023940,222833648,0.09644255,0.096397035,0.20695385,1.3090868,1.309084,3.2994063,0.0,0.0,0.0,0.0,0.0,0.0,0.0,12.426334,0.0,0.0,0.0,0.0,0.0,0.0,0.0025160378,0.0025160378,0.0025151626,0.002512663,1.0000309,1.0000322,1.0,0.0,0.0,0.0,0.0,0.0,0.0
223523940,223333648,0.09641668,0.09640275,0.20693044,1.3090338,1.3090304,3.2775593,0.0,0.0,0.0,0.0,0.0,0.0,0.0,12.425646,0.0,0.0,0.0,0.0,0.0,0.0,0.0025157037,0.0025157037,0.002514434,0.0025127125,1.0000308,1.0000321,1.0,0.0,0.0,0.0,0.0,0.0,0.0
224023944,223833648,0.096367724,0.09636873,0.20690998,1.3022112,1.3022084,3.2521987,0.0,0.0,0.0,0.0,0.0,0.0,0.0,12.42574,0.0,0.0,0.0,0.0,0.0,0.0,0.0025210725,0.0025210725,0.0025180858,0.0025159935,1.0000308,1.000032,1.0,0.0,0.0,0.0,0.0,0.0,0.0
224523944,224333648,0.09638035,0.09639497,0.2069022,1.2998974,1.2998961,3.2378964,0.0,0.0,0.0,0.0,0.0,0.0,0.0,12.425829,0.0,0.0,0.0,0.0,0.0,0.0,0.0025154785,0.0025154785,0.0025143854,0.0025121386,1.0000308,1.000032,1.0,0.0,0.0,0.0,0.0,0.0,0.0
225023942,224833648,0.10310331,0.10311094,0.22201777,1.2998527,1.2998523,3.2483675,0.0,0.0,0.0,0.0,0.0,0.0,0.0,12.424838,0.0,0.0,0.0,0.0,0.0,0.0,0.0025146897,0.0025146897,0.0025136508,0.0025116068,1.0000308,1.000032,1.0,0.0,0.0,0.0,0.0,0.0,0.0
226023948,225833648,0.09639375,0.096389115,0.20689514,1.3021381,1.3021404,3.2304006,0.0,0.0,0.0,0.0,0.0,0.0,0.0,12.425203,0.0,0.0,0.0,0.0,0.0,0.0,0.0025135619,0.0025133633,0.0025135619,0.0025111903,1.0000306,1.0000318,1.0000001,0.0,0.0,0.0,0.0,0.0,0.0
226523971,226333648,0.09637044,0.09640532,0.20689096,1.306623,1.3066254,3.237324,0.0,0.0,0.0,0.0,0.0,0.0,0.0,12.425392,0.0,0.0,0.0,0.0,0.0,0.0,0.0025136876,0.0025136152,0.0025136876,0.002511247,1.0000305,1.0000318,1.0000001,0.0,0.0,0.0,0.0,0.0,0.0
227023943,226833648,0.096367165,0.09637717,0.206889,1.3111367,1.3111401,3.2335863,0.0,0.0,0.0,0.0,0.0,0.0,0.0,12.424815,0.0,0.0,0.0,0.0,0.0,0.0,0.0025140343,0.0025133665,0.0025140343,0.0025119146,1.0000305,1.0000318,1.0000002,0.0,0.0,0.0,0.0,0.0,0.0
227523939,227333648,0.09637847,0.09634913,0.20689659,1.3088734,1.3088773,3.2120633,0.0,0.0,0.0,0.0,0.0,0.0,0.0,12.42466,0.0,0.0,0.0,0.0,0.0,0.0,0.002513429,0.0025127644,0.002513429,0.002511308,1.0000306,1.0000318,1.0000001,0.0,0.0,0.0,0.0,0.0,0.0
228023945,227833648,0.09643258,0.0963925,0.20689876,1.3021001,1.302104,3.1802568,0.0,0.0,0.0,0.0,0.0,0.0,0.0,12.424858,0.0,0.0,0.0,0.0,0.0,0.0,0.0025137682,0.0025136778,0.0025137682,0.0025109083,1.0000305,1.0000317,1.0000002,0.0,0.0,0.0,0.0,0.0,0.0
228523942,228333648,0.09644511,0.09636443,0.20689791,1.2953209,1.2953241,3.151827,0.0,0.0,0.0,0.0,0.0,0.0,0.0,12.424234,0.0,0.0,0.0,0.0,0.0,0.0,0.0025176278,0.0025138112,0.0025176278,0.0025157805,1.0000305,1.0000315,1.0000002,0.0,0.0,0.0,0.0,0.0,0.0
229023941,228833648,0.09642359,0.096396916,0.20689021,1.2907906,1.290793,3.1235106,0.0,0.0,0.0,0.0,0.0,0.0,0.0,12.424382,0.0,0.0,0.0,0.0,0.0,0.0,0.0025149495,0.0025149495,0.0025132643,0.0025089558,1.0000305,1.0000316,1.0000001,0.0,0.0,0.0,0.0,0.0,0.0
229523944,229333648,0.09633617,0.09633093,0.20689397,1.2862382,1.28624,3.095565,0.0,0.0,0.0,0.0,0.0,0.0,0.0,12.424506,0.0,0.0,0.0,0.0,0.0,0.0,0.002512457,0.002512457,0.0025116238,0.002509001,1.0000306,1.0000316,1.0,0.0,0.0,0.0,0.0,0.0,0.0
230023943,229833648,0.09640179,0.09639953,0.2069031,1.2796456,1.2796471,3.074619,0.0,0.0,0.0,0.0,0.0,0.0,0.0,12.423486,0.0,0.0,0.0,0.0,0.0,0.0,0.0025131842,0.0025131842,0.0025121025,0.0025089025,1.0000305,1.0000315,1.0,0.0,0.0,0.0,0.0,0.0,0.0
230523945,230333648,0.096321255,0.096326046,0.20688589,1.2749612,1.274963,3.0498993,0.0,0.0,0.0,0.0,0.0,0.0,0.0,12.423606,0.0,0.0,0.0,0.0,0.0,0.0,0.0025119828,0.0025119828,0.0025111448,0.0025084822,1.0000305,1.0000315,1.0,0.0,0.0,0.0,0.0,0.0,0.0
231023946,230833648,0.09637246,0.09637687,0.20688662,1.2682114,1.2682137,3.0291705,0.0,0.0,0.0,0.0,0.0,0.0,0.0,12.423721,0.0,0.0,0.0,0.0,0.0,0.0,0.0025117293,0.0025117293,0.0025108347,0.002508293,1.0000305,1.0000315,1.0,0.0,0.0,0.0,0.0,0.0,0.0
231523971,231333648,0.09634295,0.09634643,0.20687853,1.2636983,1.2637013,3.0048203,0.0,0.0,0.0,0.0,0.0,0.0,0.0,12.423838,0.0,0.0,0.0,0.0,0.0,0.0,0.0025115418,0.0025115418,0.0025106948,0.0025080147,1.0000305,1.0000314,1.0000001,0.0,0.0,0.0,0.0,0.0,0.0
232023939,231833648,0.09639434,0.09639496,0.20688298,1.257151,1.2571541,2.9841826,0.0,0.0,0.0,0.0,0.0,0.0,0.0,12.423168,0.0,0.0,0.0,0.0,0.0,0.0,0.0025115225,0.0025115225,0.0025105602,0.0025080065,1.0000305,1.0000314,1.0,0.0,0.0,0.0,0.0,0.0,0.0
232523948,232333648,0.09631662,0.09632323,0.20686612,1.2524829,1.2524865,2.963228,0.0,0.0,0.0,0.0,0.0,0.0,0.0,12.423276,0.0,0.0,0.0,0.0,0.0,0.0,0.0025118152,0.0025118152,0.0025107947,0.0025083048,1.0000304,1.0000314,1.0,0.0,0.0,0.0,0.0,0.0,0.0
233023971,232833648,0.09630809,0.096317194,0.20685875,1.2480026,1.2480069,2.9428005,0.0,0.0,0.0,0.0,0.0,0.0,0.0,12.423394,0.0,0.0,0.0,0.0,0.0,0.0,0.0025116974,0.0025116974,0.0025115763,0.0025086156,1.0000305,1.0000312,1.0000001,0.0,0.0,0.0,0.0,0.0,0.0
233523947,233333648,0.096301,0.096349314,0.20685554,1.2413296,1.2413344,2.9221907,0.0,0.0,0.0,0.0,0.0,0.0,0.0,12.422367,0.0,0.0,0.0,0.0,0.0,0.0,0.0025111325,0.0025111325,0.0025102561,0.0025074997,1.0000305,1.0000314,1.0,0.0,0.0,0.0,0.0,0.0,0.0
235023948,234833648,0.0963319,0.096378334,0.20685132,1.2279834,1.227989,2.8711443,0.0,0.0,0.0,0.0,0.0,0.0,0.0,12.42164,0.0,0.0,0.0,0.0,0.0,0.0,0.002512122,0.002512122,0.0025108496,0.0025074682,1.0000306,1.0000314,1.0,0.0,0.0,0.0,0.0,0.0,0.0
235523944,235333648,0.09630015,0.096354194,0.20684409,1.2257318,1.2257383,2.8541536,0.0,0.0,0.0,0.0,0.0,0.0,0.0,12.421783,0.0,0.0,0.0,0.0,0.0,0.0,0.0025113642,0.0025113642,0.0025102622,0.0025070347,1.0000305,1.0000314,1.0000001,0.0,0.0,0.0,0.0,0.0,0.0
236523969,236333648,0.09635894,0.096344784,0.2068377,1.2169026,1.2169088,2.8205862,0.0,0.0,0.0,0.0,0.0,0.0,0.0,12.422086,0.0,0.0,0.0,0.0,0.0,0.0,0.0025128669,0.0025128669,0.0025114506,0.0025073274,1.0000305,1.0000314,1.0000001,0.0,0.0,0.0,0.0,0.0,0.0
237023954,236833648,0.0963362,0.096346736,0.20683086,1.2124921,1.2124985,2.7971184,0.0,0.0,0.0,0.0,0.0,0.0,0.0,12.421437,0.0,0.0,0.0,0.0,0.0,0.0,0.00251082,0.00251082,0.002509499,0.0025067246,1.0000305,1.0000314,1.0,0.0,0.0,0.0,0.0,0.0,0.0
237523940,237333648,0.09633052,0.09634067,0.20683026,1.2059174,1.2059246,2.7770388,0.0,0.0,0.0,0.0,0.0,0.0,0.0,12.421566,0.0,0.0,0.0,0.0,0.0,0.0,0.0025106475,0.0025106475,0.0025100845,0.0025071842,1.0000305,1.0000312,1.0000001,0.0,0.0,0.0,0.0,0.0,0.0
238023979,237833648,0.096330024,0.096340925,0.20682274,1.2015259,1.2015336,2.7572708,0.0,0.0,0.0,0.0,0.0,0.0,0.0,12.421694,0.0,0.0,0.0,0.0,0.0,0.0,0.002512714,0.002512714,0.002510669,0.0025073388,1.0000305,1.0000312,1.0,0.0,0.0,0.0,0.0,0.0,0.0
238523939,238333648,0.096331425,0.0963389,0.20681505,1.194971,1.1949791,2.7373223,0.0,0.0,0.0,0.0,0.0,0.0,0.0,12.420669,0.0,0.0,0.0,0.0,0.0,0.0,0.0025128888,0.0025128888,0.0025111127,0.0025079527,1.0000305,1.0000312,1.0000001,0.0,0.0,0.0,0.0,0.0,0.0
239023946,238833648,0.096379615,0.09636063,0.20682487,1.1907539,1.1907625,2.717636,0.0,0.0,0.0,0.0,0.0,0.0,0.0,12.420784,0.0,0.0,0.0,0.0,0.0,0.0,0.0025135211,0.0025135211,0.002510516,0.0025076505,1.0000305,1.0000312,1.0,0.0,0.0,0.0,0.0,0.0,0.0
239523937,239333648,0.096305616,0.09627101,0.20681289,1.1862088,1.1862171,2.7011402,0.0,0.0,0.0,0.0,0.0,0.0,0.0,12.420902,0.0,0.0,0.0,0.0,0.0,0.0,0.002515546,0.0025111649,0.002515546,0.002514602,1.0000306,1.0000304,1.0000008,0.0,0.0,0.0,0.0,0.0,0.0
240023946,239833648,0.09611322,0.09709343,0.20683564,1.17984,1.1798548,2.6848316,0.0,0.0,0.0,0.0,0.0,0.0,0.0,12.420241,0.0,0.0,0.0,0.0,0.0,0.0,0.0025369702,0.0025133917,0.0025320582,0.0025369702,1.0000308,1.0000304,1.0000011,0.0,0.0,0.0,0.0,0.0,0.0
240523941,240333648,0.0962079,0.09773239,0.20683125,1.1731799,1.1732166,2.6649776,0.0,0.0,0.0,0.0,0.0,0.0,0.0,12.420015,0.0,0.0,0.0,0.0,0.0,0.0,0.0025122208,0.002511887,0.0025122208,0.0025096668,1.0000311,1.0000316,1.0000001,0.0,0.0,0.0,0.0,0.0,0.0
241023945,240833648,0.09630439,0.096865304,0.20683224,1.1667,1.1667545,2.6488411,0.0,0.0,0.0,0.0,0.0,0.0,0.0,12.42016,0.0,0.0,0.0,0.0,0.0,0.0,0.002511267,0.002511267,0.002509983,0.002506248,1.0000312,1.0000317,1.0000001,0.0,0.0,0.0,0.0,0.0,0.0
241523971,241333648,0.096365064,0.09637201,0.20682321,1.1623707,1.1624196,2.6293185,0.0,0.0,0.0,0.0,0.0,0.0,0.0,12.420311,0.0,0.0,0.0,0.0,0.0,0.0,0.0025127432,0.002511095,0.0025127432,0.002509664,1.0000311,1.0000314,1.0000004,0.0,0.0,0.0,0.0,0.0,0.0
242023941,241833648,0.096436806,0.09670611,0.20683274,1.1560947,1.156122,2.6100523,0.0,0.0,0.0,0.0,0.0,0.0,0.0,12.419671,0.0,0.0,0.0,0.0,0.0,0.0,0.0025127036,0.0025108506,0.0025127036,0.002510001,1.0000308,1.000031,1.0000004,0.0,0.0,0.0,0.0,0.0,0.0
242523948,242333648,0.096396476,0.097103365,0.20682772,1.1496539,1.1496658,2.5906596,0.0,0.0,0.0,0.0,0.0,0.0,0.0,12.419801,0.0,0.0,0.0,0.0,0.0,0.0,0.002511716,0.0025108117,0.002511716,0.0025088747,1.0000305,1.0000309,1.0000004,0.0,0.0,0.0,0.0,0.0,0.0
243023970,242833648,0.09632565,0.09707998,0.2068162,1.1430849,1.1430942,2.5713892,0.0,0.0,0.0,0.0,0.0,0.0,0.0,12.419938,0.0,0.0,0.0,0.0,0.0,0.0,0.002510178,0.002510178,0.0025096408,0.0025065474,1.0000305,1.0000309,1.0000001,0.0,0.0,0.0,0.0,0.0,0.0
243523938,243333648,0.09633391,0.0972628,0.20681769,1.1387867,1.138802,2.552138,0.0,0.0,0.0,0.0,0.0,0.0,0.0,12.418929,0.0,0.0,0.0,0.0,0.0,0.0,0.0025565126,0.0025161784,0.0025502448,0.0025565126,1.0000298,1.0000278,1.0000039,0.0,0.0,0.0,0.0,0.0,0.0
244023941,243833648,0.09630051,0.09870684,0.20683983,1.1345137,1.1345592,2.5329676,0.0,0.0,0.0,0.0,0.0,0.0,0.0,12.419058,0.0,0.0,0.0,0.0,0.0,0.0,0.0025147987,0.002509964,0.0025147987,0.0025130473,1.0000309,1.0000303,1.0000006,0.0,0.0,0.0,0.0,0.0,0.0
244523944,244333648,0.09628516,0.09744037,0.206822,1.1302395,1.130312,2.5172238,0.0,0.0,0.0,0.0,0.0,0.0,0.0,12.419183,0.0,0.0,0.0,0.0,0.0,0.0,0.002509534,0.002509534,0.002508447,0.0025055264,1.0000316,1.0000309,1.0,0.0,0.0,0.0,0.0,0.0,0.0
245023940,244833648,0.096262746,0.09634053,0.2067944,1.1259837,1.1260529,2.5013134,0.0,0.0,0.0,0.0,0.0,0.0,0.0,12.418531,0.0,0.0,0.0,0.0,0.0,0.0,0.0025109001,0.0025100731,0.0025109001,0.0025088696,1.0000321,1.0000308,1.0000001,0.0,0.0,0.0,0.0,0.0,0.0
246023946,245833648,0.096249804,0.09703184,0.20678417,1.1174905,1.1175115,2.4698505,0.0,0.0,0.0,0.0,0.0,0.0,0.0,12.418773,0.0,0.0,0.0,0.0,0.0,0.0,0.0025104685,0.0025098089,0.0025104685,0.0025081565,1.0000315,1.0000308,1.0000001,0.0,0.0,0.0,0.0,0.0,0.0
246523940,246333648,0.096270286,0.09727398,0.20678285,1.1132616,1.1132782,2.4571967,0.0,0.0,0.0,0.0,0.0,0.0,0.0,12.417781,0.0,0.0,0.0,0.0,0.0,0.0,0.0025097653,0.0025097653,0.0025087746,0.0025060198,1.000031,1.0000309,1.0,0.0,0.0,0.0,0.0,0.0,0.0
247023939,246833648,0.09629829,0.097818695,0.20678711,1.1111203,1.1111491,2.4445822,0.0,0.0,0.0,0.0,0.0,0.0,0.0,12.417918,0.0,0.0,0.0,0.0,0.0,0.0,0.0025578793,0.0025188006,0.0025456536,0.0025578793,1.0000302,1.0000283,1.000003,0.0,0.0,0.0,0.0,0.0,0.0
248023975,247833648,0.096369244,0.096982956,0.20678899,1.1027154,1.1028012,2.4197004,0.0,0.0,0.0,0.0,0.0,0.0,0.0,12.418255,0.0,0.0,0.0,0.0,0.0,0.0,0.0025130496,0.0025101951,0.0025130496,0.0025101406,1.0000303,1.0000302,1.0000005,0.0,0.0,0.0,0.0,0.0,0.0
248523941,248333648,0.096375905,0.096377075,0.20677257,1.1005939,1.1006638,2.410282,0.0,0.0,0.0,0.0,0.0,0.0,0.0,12.4173,0.0,0.0,0.0,0.0,0.0,0.0,0.0025164525,0.0025103881,0.0025164525,0.0025139016,1.00003,1.0000297,1.0000008,0.0,0.0,0.0,0.0,0.0,0.0
249023945,248833648,0.09634691,0.096694544,0.20677921,1.0984762,1.098515,2.3978188,0.0,0.0,0.0,0.0,0.0,0.0,0.0,12.417472,0.0,0.0,0.0,0.0,0.0,0.0,0.0025124506,0.0025099623,0.0025124506,0.0025097877,1.0000299,1.0000298,1.0000006,0.0,0.0,0.0,0.0,0.0,0.0
249523938,249333648,0.09631177,0.0969986,0.20678201,1.0963604,1.0963783,2.388653,0.0,0.0,0.0,0.0,0.0,0.0,0.0,12.4176445,0.0,0.0,0.0,0.0,0.0,0.0,0.002510951,0.0025099784,0.002510951,0.0025078019,1.0000298,1.0000299,1.0000004,0.0,0.0,0.0,0.0,0.0,0.0
250023941,249833648,0.09632399,0.09697079,0.2067934,1.0964787,1.096491,2.3794844,0.0,0.0,0.0,0.0,0.0,0.0,0.0,12.4170475,0.0,0.0,0.0,0.0,0.0,0.0,0.0025095334,0.0025095334,0.0025087693,0.0025055478,1.0000299,1.00003,1.0000001,0.0,0.0,0.0,0.0,0.0,0.0
250523937,250333648,0.09629259,0.096608914,0.2067835,1.0943696,1.0943846,2.3671105,0.0,0.0,0.0,0.0,0.0,0.0,0.0,12.417224,0.0,0.0,0.0,0.0,0.0,0.0,0.0025095977,0.0025095977,0.0025083274,0.002504816,1.00003,1.0000302,1.0,0.0,0.0,0.0,0.0,0.0,0.0
251023947,250833648,0.096150614,0.09619714,0.20676361,1.0920976,1.0921131,2.3578312,0.0,0.0,0.0,0.0,0.0,0.0,0.0,12.417401,0.0,0.0,0.0,0.0,0.0,0.0,0.0025101525,0.0025095406,0.0025101525,0.002507011,1.0000304,1.0000303,1.0000001,0.0,0.0,0.0,0.0,0.0,0.0
251523943,251333648,0.096155815,0.09622874,0.20676939,1.0901506,1.0901644,2.351767,0.0,0.0,0.0,0.0,0.0,0.0,0.0,12.416468,0.0,0.0,0.0,0.0,0.0,0.0,0.0025100778,0.0025096294,0.0025100778,0.0025069178,1.0000306,1.0000305,1.0000001,0.0,0.0,0.0,0.0,0.0,0.0
252023945,251833648,0.09616521,0.09638209,0.20676526,1.0900974,1.0901111,2.3485649,0.0,0.0,0.0,0.0,0.0,0.0,0.0,12.416657,0.0,0.0,0.0,0.0,0.0,0.0,0.0025093525,0.0025093525,0.0025086931,0.0025054596,1.0000308,1.0000308,1.0,0.0,0.0,0.0,0.0,0.0,0.0
252523942,252333648,0.09621265,0.09644818,0.2067704,1.0880066,1.088024,2.3453867,0.0,0.0,0.0,0.0,0.0,0.0,0.0,12.416868,0.0,0.0,0.0,0.0,0.0,0.0,0.0025094554,0.0025094554,0.002507957,0.0025045585,1.0000308,1.000031,1.0,0.0,0.0,0.0,0.0,0.0,0.0
253023970,252833648,0.0961955,0.09635808,0.20675647,1.0898912,1.089912,2.3452857,0.0,0.0,0.0,0.0,0.0,0.0,0.0,12.417104,0.0,0.0,0.0,0.0,0.0,0.0,0.0025096263,0.0025096263,0.002508153,0.002504565,1.0000308,1.0000311,1.0,0.0,0.0,0.0,0.0,0.0,0.0
253523938,253333648,0.09607872,0.0962343,0.20675832,1.0919404,1.091966,2.3451765,0.0,0.0,0.0,0.0,0.0,0.0,0.0,12.416232,0.0,0.0,0.0,0.0,0.0,0.0,0.0025157046,0.0025099188,0.0025157046,0.0025139325,1.0000309,1.0000306,1.0000006,0.0,0.0,0.0,0.0,0.0,0.0
254023939,253833648,0.09610484,0.09636404,0.20677036,1.0940102,1.0940449,2.3511608,0.0,0.0,0.0,0.0,0.0,0.0,0.0,12.416524,0.0,0.0,0.0,0.0,0.0,0.0,0.0025099707,0.0025099707,0.0025079534,0.0025044212,1.0000312,1.0000316,1.0,0.0,0.0,0.0,0.0,0.0,0.0
254523950,254333648,0.096167415,0.09624617,0.20676596,1.0960901,1.0961283,2.3573704,0.0,0.0,0.0,0.0,0.0,0.0,0.0,12.41683,0.0,0.0,0.0,0.0,0.0,0.0,0.002510367,0.002510367,0.0025102287,0.0025065313,1.0000312,1.0000316,1.0000004,0.0,0.0,0.0,0.0,0.0,0.0
255023943,254833648,0.09623562,0.09626571,0.20676336,1.1002576,1.1002886,2.3664525,0.0,0.0,0.0,0.0,0.0,0.0,0.0,12.41638,0.0,0.0,0.0,0.0,0.0,0.0,0.0025114676,0.0025104475,0.0025114676,0.0025085425,1.0000312,1.0000315,1.0000006,0.0,0.0,0.0,0.0,0.0,0.0
255523940,255333648,0.09634996,0.0965069,0.2067646,1.1085954,1.1086161,2.3816764,0.0,0.0,0.0,0.0,0.0,0.0,0.0,12.416727,0.0,0.0,0.0,0.0,0.0,0.0,0.0025101004,0.0025101004,0.0025084675,0.002505185,1.0000312,1.0000317,1.0000002,0.0,0.0,0.0,0.0,0.0,0.0
256023941,255833648,0.0964344,0.09657079,0.2067706,1.1253566,1.125372,2.40332,0.0,0.0,0.0,0.0,0.0,0.0,0.0,12.417114,0.0,0.0,0.0,0.0,0.0,0.0,0.0025099372,0.0025099372,0.0025082335,0.002504272,1.0000312,1.0000316,1.0000001,0.0,0.0,0.0,0.0,0.0,0.0
256523958,256333649,0.09890121,0.098946095,0.21221152,1.1486895,1.1487042,2.43111,0.0,0.0,0.0,0.0,0.0,0.0,0.0,12.416452,0.0,0.0,0.0,0.0,0.0,0.0,0.0025095802,0.0025095802,0.00250778,0.002504138,1.000031,1.0000314,1.0,0.0,0.0,0.0,0.0,0.0,0.0
257023944,256833648,0.12310932,0.12313358,0.26597968,1.1728895,1.1729058,2.4563901,0.0,0.0,0.0,0.0,0.0,0.0,0.0,12.417351,0.0,0.0,0.0,0.0,0.0,0.0,0.0025093933,0.0025093933,0.0025075453,0.0025040219,1.000031,1.0000314,1.0,0.0,0.0,0.0,0.0,0.0,0.0
257523942,257333648,0.09676072,0.09678121,0.20687036,1.1818912,1.1819085,2.4661145,0.0,0.0,0.0,0.0,0.0,0.0,0.0,12.417918,0.0,0.0,0.0,0.0,0.0,0.0,0.0025095392,0.0025095392,0.0025076116,0.0025040582,1.0000306,1.0000311,1.0,0.0,0.0,0.0,0.0,0.0,0.0
258023970,257833648,0.096523136,0.096563,0.20684256,1.1797369,1.179754,2.4630382,0.0,0.0,0.0,0.0,0.0,0.0,0.0,12.418312,0.0,0.0,0.0,0.0,0.0,0.0,0.002509711,0.002509711,0.0025076983,0.002503944,1.0000304,1.0000309,1.0,0.0,0.0,0.0,0.0,0.0,0.0
258523942,258333648,0.0966333,0.09675278,0.20682444,1.1818604,1.1818789,2.4848278,0.0,0.0,0.0,0.0,0.0,0.0,0.0,12.41788,0.0,0.0,0.0,0.0,0.0,0.0,0.0025102699,0.0025102699,0.0025077583,0.00250529,1.00003,1.0000305,1.0,0.0,0.0,0.0,0.0,0.0,0.0
259023946,258833648,0.09644267,0.09649946,0.20681733,1.1839886,1.1840087,2.494214,0.0,0.0,0.0,0.0,0.0,0.0,0.0,12.418265,0.0,0.0,0.0,0.0,0.0,0.0,0.0025102189,0.0025102189,0.0025074861,0.002505139,1.0000298,1.0000303,1.0,0.0,0.0,0.0,0.0,0.0,0.0
259523969,259333648,0.09640511,0.09632913,0.20680548,1.1839592,1.1839792,2.4975512,0.0,0.0,0.0,0.0,0.0,0.0,0.0,12.418628,0.0,0.0,0.0,0.0,0.0,0.0,0.0025096626,0.0025096626,0.0025082584,0.002505217,1.0000298,1.0000302,1.0000001,0.0,0.0,0.0,0.0,0.0,0.0
260023970,259833648,0.096350595,0.09624943,0.20680669,1.1819298,1.1819468,2.4914472,0.0,0.0,0.0,0.0,0.0,0.0,0.0,12.417809,0.0,0.0,0.0,0.0,0.0,0.0,0.0025095076,0.0025095076,0.002508433,0.0025048042,1.0000299,1.0000303,1.0000001,0.0,0.0,0.0,0.0,0.0,0.0
260523940,260333648,0.09619958,0.09615717,0.20678128,1.1795696,1.179583,2.4880784,0.0,0.0,0.0,0.0,0.0,0.0,0.0,12.418119,0.0,0.0,0.0,0.0,0.0,0.0,0.0025096873,0.0025096873,0.0025089292,0.0025052584,1.00003,1.0000305,1.0000002,0.0,0.0,0.0,0.0,0.0,0.0
261023941,260833648,0.09618949,0.096206136,0.20677817,1.1773835,1.177395,2.4819746,0.0,0.0,0.0,0.0,0.0,0.0,0.0,12.418411,0.0,0.0,0.0,0.0,0.0,0.0,0.0025097388,0.0025097388,0.002509162,0.0025047206,1.0000304,1.0000308,1.0000002,0.0,0.0,0.0,0.0,0.0,0.0
261523939,261333648,0.0962539,0.09630429,0.2067837,1.1753559,1.1753669,2.475827,0.0,0.0,0.0,0.0,0.0,0.0,0.0,12.417546,0.0,0.0,0.0,0.0,0.0,0.0,0.0025093313,0.0025093313,0.0025083837,0.0025045457,1.0000305,1.0000309,1.0000001,0.0,0.0,0.0,0.0,0.0,0.0
262023943,261833648,0.09629181,0.09630371,0.20676382,1.1772928,1.1773049,2.472422,0.0,0.0,0.0,0.0,0.0,0.0,0.0,12.417803,0.0,0.0,0.0,0.0,0.0,0.0,0.002509687,0.002509687,0.002507755,0.0025042873,1.0000305,1.0000311,1.0000001,0.0,0.0,0.0,0.0,0.0,0.0
262523941,262333648,0.09645076,0.09633863,0.2067662,1.1772724,1.1772878,2.4663,0.0,0.0,0.0,0.0,0.0,0.0,0.0,12.418053,0.0,0.0,0.0,0.0,0.0,0.0,0.002510056,0.002510056,0.0025077988,0.0025047623,1.0000304,1.000031,1.0000001,0.0,0.0,0.0,0.0,0.0,0.0
263023975,262833648,0.096535824,0.096370585,0.2067655,1.1772594,1.177277,2.463075,0.0,0.0,0.0,0.0,0.0,0.0,0.0,12.418303,0.0,0.0,0.0,0.0,0.0,0.0,0.0025109586,0.0025109586,0.0025079343,0.0025050247,1.0000302,1.0000309,1.0000002,0.0,0.0,0.0,0.0,0.0,0.0
263523938,263333648,0.0965742,0.096393846,0.20676562,1.1793932,1.1794109,2.459851,0.0,0.0,0.0,0.0,0.0,0.0,0.0,12.417767,0.0,0.0,0.0,0.0,0.0,0.0,0.0025105865,0.0025105865,0.0025079194,0.0025038638,1.0000303,1.0000309,1.0000001,0.0,0.0,0.0,0.0,0.0,0.0
264023945,263833648,0.096526176,0.096403725,0.20677218,1.1815549,1.1815709,2.4597478,0.0,0.0,0.0,0.0,0.0,0.0,0.0,12.418028,0.0,0.0,0.0,0.0,0.0,0.0,0.0025107295,0.0025107295,0.0025089195,0.0025044302,1.0000302,1.0000309,1.0000001,0.0,0.0,0.0,0.0,0.0,0.0
264523977,264333648,0.096531145,0.09643071,0.20676962,1.1837144,1.1837289,2.4629636,0.0,0.0,0.0,0.0,0.0,0.0,0.0,12.418294,0.0,0.0,0.0,0.0,0.0,0.0,0.0025169721,0.0025169721,0.0025093553,0.0025161894,1.0000291,1.0000308,1.0000011,0.0,0.0,0.0,0.0,0.0,0.0
265023952,264833648,0.09671712,0.09634928,0.206776,1.185893,1.1859004,2.4659877,0.0,0.0,0.0,0.0,0.0,0.0,0.0,12.417446,0.0,0.0,0.0,0.0,0.0,0.0,0.0025127179,0.0025127179,0.002507261,0.0025075763,1.0000296,1.0000309,1.0000006,0.0,0.0,0.0,0.0,0.0,0.0
265523944,265333648,0.0966021,0.096263476,0.20678565,1.1902217,1.1902192,2.4690254,0.0,0.0,0.0,0.0,0.0,0.0,0.0,12.417737,0.0,0.0,0.0,0.0,0.0,0.0,0.0025107572,0.0025107572,0.0025068931,0.0025046405,1.0000298,1.0000311,1.0000004,0.0,0.0,0.0,0.0,0.0,0.0
266023957,265833648,0.0964395,0.096297756,0.2067836,1.1881045,1.1880964,2.4660661,0.0,0.0,0.0,0.0,0.0,0.0,0.0,12.418037,0.0,0.0,0.0,0.0,0.0,0.0,0.002509982,0.002509982,0.0025069325,0.0025036281,1.00003,1.0000314,1.0000001,0.0,0.0,0.0,0.0,0.0,0.0
266523945,266333648,0.09629004,0.09630294,0.20677723,1.1902703,1.1902658,2.46911,0.0,0.0,0.0,0.0,0.0,0.0,0.0,12.417209,0.0,0.0,0.0,0.0,0.0,0.0,0.0025110361,0.0025110361,0.0025073043,0.0025057923,1.00003,1.0000315,1.0,0.0,0.0,0.0,0.0,0.0,0.0
267023941,266833648,0.09645546,0.09632088,0.20677245,1.194591,1.1945992,2.4752808,0.0,0.0,0.0,0.0,0.0,0.0,0.0,12.417528,0.0,0.0,0.0,0.0,0.0,0.0,0.002511596,0.002511596,0.0025074575,0.0025069064,1.00003,1.0000312,1.0000001,0.0,0.0,0.0,0.0,0.0,0.0
267523945,267333648,0.096759014,0.09632214,0.20677783,1.196768,1.1967864,2.478562,0.0,0.0,0.0,0.0,0.0,0.0,0.0,12.417853,0.0,0.0,0.0,0.0,0.0,0.0,0.0025112892,0.0025112892,0.0025074892,0.0025067765,1.00003,1.0000311,1.0000001,0.0,0.0,0.0,0.0,0.0,0.0
268023969,267833648,0.09691397,0.09632816,0.2067772,1.1968021,1.1968216,2.4816427,0.0,0.0,0.0,0.0,0.0,0.0,0.0,12.41819,0.0,0.0,0.0,0.0,0.0,0.0,0.0025109558,0.0025109558,0.0025072286,0.0025056931,1.00003,1.000031,1.0000001,0.0,0.0,0.0,0.0,0.0,0.0
268523943,268333648,0.09683717,0.09633891,0.20677355,1.1968277,1.196842,2.478477,0.0,0.0,0.0,0.0,0.0,0.0,0.0,12.417723,0.0,0.0,0.0,0.0,0.0,0.0,0.0025100054,0.0025100054,0.002507117,0.002504406,1.00003,1.0000308,1.0,0.0,0.0,0.0,0.0,0.0,0.0
269023941,268833648,0.09661446,0.096322745,0.20677501,1.1946929,1.1947014,2.4753058,0.0,0.0,0.0,0.0,0.0,0.0,0.0,12.418033,0.0,0.0,0.0,0.0,0.0,0.0,0.0025094713,0.0025094713,0.002507174,0.0025036782,1.0000302,1.0000308,1.0,0.0,0.0,0.0,0.0,0.0,0.0
269523967,269333648,0.09681997,0.09633781,0.20677564,1.1990285,1.1990279,2.4785712,0.0,0.0,0.0,0.0,0.0,0.0,0.0,12.41834,0.0,0.0,0.0,0.0,0.0,0.0,0.0025286505,0.0025286505,0.0025243785,0.00250869,1.0000297,1.0000309,1.0000002,0.0,0.0,0.0,0.0,0.0,0.0
270023940,269833648,0.09665248,0.09636982,0.20677283,1.1990613,1.1990513,2.481635,0.0,0.0,0.0,0.0,0.0,0.0,0.0,12.41752,0.0,0.0,0.0,0.0,0.0,0.0,0.002632589,0.0026207638,0.002632589,0.0025033422,1.0000298,1.000031,1.0,0.0,0.0,0.0,0.0,0.0,0.0
270523946,270333648,0.096680254,0.096665695,0.20677269,1.1990772,1.199067,2.478456,0.0,0.0,0.0,0.0,0.0,0.0,0.0,12.417819,0.0,0.0,0.0,0.0,0.0,0.0,0.0027330422,0.002711176,0.0027330422,0.0025033772,1.0000297,1.0000299,1.0000001,0.0,0.0,0.0,0.0,0.0,0.0
271023939,270833648,0.09740548,0.09742675,0.2067718,1.1990987,1.1990969,2.4754887,0.0,0.0,0.0,0.0,0.0,0.0,0.0,12.418116,0.0,0.0,0.0,0.0,0.0,0.0,0.0027325102,0.002720043,0.0027325102,0.0025033103,1.0000283,1.0000274,1.0000001,0.0,0.0,0.0,0.0,0.0,0.0
272023938,271833648,0.1074446,0.10727741,0.22470698,1.201307,1.2013155,2.469121,0.0,0.0,0.0,0.0,0.0,0.0,0.0,12.417915,0.0,0.0,0.0,0.0,0.0,0.0,0.0026448485,0.0026446346,0.0026448485,0.0025032144,1.0000204,1.00002,1.0,0.0,0.0,0.0,0.0,0.0,0.0
272524121,272333648,0.09984021,0.099686705,0.20678964,1.2079499,1.2079573,2.4754996,0.0,0.0,0.0,0.0,0.0,0.0,0.0,12.418224,0.0,0.0,0.0,0.0,0.0,0.0,0.0026104157,0.0026104157,0.0026103538,0.0025031937,1.0000163,1.0000165,1.0,0.0,0.0,0.0,0.0,0.0,0.0
273024176,272833648,0.0996058,0.09948445,0.20678674,1.2145325,1.2145373,2.484799,0.0,0.0,0.0,0.0,0.0,0.0,0.0,12.418195,0.0,0.0,0.0,0.0,0.0,0.0,0.0025827033,0.0025817815,0.0025827033,0.002503167,1.0000135,1.0000136,1.0,0.0,0.0,0.0,0.0,0.0,0.0
274024109,273833648,0.09878625,0.09874076,0.20685337,1.2394205,1.2394184,2.541672,0.0,0.0,0.0,0.0,0.0,0.0,0.0,12.4185705,0.0,0.0,0.0,0.0,0.0,0.0,0.0025430145,0.0025393544,0.0025430145,0.0025031522,1.000011,1.000011,1.0,0.0,0.0,0.0,0.0,0.0,0.0
274524136,274333648,0.09804119,0.09802045,0.20685498,1.2505596,1.2505577,2.5705159,0.0,0.0,0.0,0.0,0.0,0.0,0.0,12.4191,0.0,0.0,0.0,0.0,0.0,0.0,0.0025286756,0.002524585,0.0025286756,0.002503143,1.0000103,1.0000103,1.0,0.0,0.0,0.0,0.0,0.0,0.0
275024150,274833648,0.10996971,0.109961964,0.23478843,1.2576056,1.2576044,2.6123369,0.0,0.0,0.0,0.0,0.0,0.0,0.0,12.418718,0.0,0.0,0.0,0.0,0.0,0.0,0.002516943,0.002514124,0.002516943,0.0025031394,1.0000101,1.0000101,1.0,0.0,0.0,0.0,0.0,0.0,0.0
275524163,275333648,0.09693156,0.09692772,0.20688969,1.2643064,1.2643074,2.6510572,0.0,0.0,0.0,0.0,0.0,0.0,0.0,12.419283,0.0,0.0,0.0,0.0,0.0,0.0,0.0025101823,0.0025101823,0.0025097383,0.00250311,1.0000099,1.0000099,1.0,0.0,0.0,0.0,0.0,0.0,0.0
276024113,275833648,0.100348875,0.100346446,0.21510828,1.2758129,1.275817,2.693826,0.0,0.0,0.0,0.0,0.0,0.0,0.0,12.42014,0.0,0.0,0.0,0.0,0.0,0.0,0.0025122194,0.0025122194,0.0025085425,0.0025030721,1.00001,1.0000099,1.0,0.0,0.0,0.0,0.0,0.0,0.0
276524105,276333648,0.10836116,0.10838153,0.23342147,1.2896053,1.289613,2.7138658,0.0,0.0,0.0,0.0,0.0,0.0,0.0,12.420202,0.0,0.0,0.0,0.0,0.0,0.0,0.002517782,0.002517782,0.0025130792,0.0025030684,1.0000101,1.00001,1.0,0.0,0.0,0.0,0.0,0.0,0.0
277024116,276833648,0.09642931,0.09645517,0.20694524,1.2986132,1.2986234,2.7075298,0.0,0.0,0.0,0.0,0.0,0.0,0.0,12.420761,0.0,0.0,0.0,0.0,0.0,0.0,0.002525551,0.002525551,0.0025224474,0.0025030342,1.00001,1.00001,1.0,0.0,0.0,0.0,0.0,0.0,0.0
277524103,277333648,0.096260116,0.09628661,0.206905,1.3051082,1.3051193,2.704471,0.0,0.0,0.0,0.0,0.0,0.0,0.0,12.421099,0.0,0.0,0.0,0.0,0.0,0.0,0.002532048,0.002532048,0.0025311501,0.0025030426,1.00001,1.00001,1.0,0.0,0.0,0.0,0.0,0.0,0.0
278024109,277833648,0.096289106,0.096315965,0.20687,1.3071734,1.3071855,2.694623,0.0,0.0,0.0,0.0,0.0,0.0,0.0,12.420206,0.0,0.0,0.0,0.0,0.0,0.0,0.0025325557,0.002532394,0.0025325557,0.002502972,1.0000099,1.0000099,1.0,0.0,0.0,0.0,0.0,0.0,0.0
278524105,278333648,0.10946906,0.10947737,0.23619914,1.3116372,1.3116498,2.6913564,0.0,0.0,0.0,0.0,0.0,0.0,0.0,12.420565,0.0,0.0,0.0,0.0,0.0,0.0,0.0025299082,0.0025299082,0.0025298276,0.0025029413,1.00001,1.0000101,1.0,0.0,0.0,0.0,0.0,0.0,0.0
279024123,278833648,0.096552595,0.09653978,0.20685266,1.3161215,1.3161328,2.6849406,0.0,0.0,0.0,0.0,0.0,0.0,0.0,12.420776,0.0,0.0,0.0,0.0,0.0,0.0,0.0025270877,0.0025268777,0.0025270877,0.0025029562,1.0000104,1.0000104,1.0,0.0,0.0,0.0,0.0,0.0,0.0
279524134,279333647,0.096596755,0.09657976,0.20683391,1.3205556,1.3205653,2.6815212,0.0,0.0,0.0,0.0,0.0,0.0,0.0,12.420979,0.0,0.0,0.0,0.0,0.0,0.0,0.0025253824,0.0025253824,0.002525205,0.00250292,1.0000107,1.0000108,1.0,0.0,0.0,0.0,0.0,0.0,0.0
280524102,280333648,0.09661948,0.09662432,0.20681961,1.3341413,1.3341489,2.6844425,0.0,0.0,0.0,0.0,0.0,0.0,0.0,12.420269,0.0,0.0,0.0,0.0,0.0,0.0,0.0025224553,0.0025224553,0.0025223512,0.0025029075,1.0000118,1.0000119,1.0,0.0,0.0,0.0,0.0,0.0,0.0
281024134,280833648,0.096596055,0.09660763,0.20681253,1.3501691,1.3501768,2.6942685,0.0,0.0,0.0,0.0,0.0,0.0,0.0,12.420506,0.0,0.0,0.0,0.0,0.0,0.0,0.0025212867,0.0025212867,0.0025211738,0.0025028961,1.0000125,1.0000126,1.0,0.0,0.0,0.0,0.0,0.0,0.0
281524106,281333648,0.13275266,0.13275664,0.2878873,1.3711419,1.3711512,2.710646,0.0,0.0,0.0,0.0,0.0,0.0,0.0,12.420203,0.0,0.0,0.0,0.0,0.0,0.0,0.0025204127,0.0025204127,0.0025202944,0.0025028903,1.0000132,1.0000134,1.0,0.0,0.0,0.0,0.0,0.0,0.0
282024126,281833648,0.10784149,0.10785106,0.23187107,1.3876436,1.3876534,2.7203844,0.0,0.0,0.0,0.0,0.0,0.0,0.0,12.420534,0.0,0.0,0.0,0.0,0.0,0.0,0.0025194804,0.0025194364,0.0025194804,0.002502892,1.0000138,1.000014,1.0,0.0,0.0,0.0,0.0,0.0,0.0
282523944,282333648,0.1450558,0.14507246,0.31570908,1.4088135,1.4088233,2.7337584,0.0,0.0,0.0,0.0,0.0,0.0,0.0,12.42098,0.0,0.0,0.0,0.0,0.0,0.0,0.0025189908,0.0025189908,0.002518843,0.0025028642,1.0000145,1.0000148,1.0000001,0.0,0.0,0.0,0.0,0.0,0.0
283023939,282833648,0.09711416,0.097126186,0.20693272,1.4262716,1.4262832,2.7570238,0.0,0.0,0.0,0.0,0.0,0.0,0.0,12.420504,0.0,0.0,0.0,0.0,0.0,0.0,0.0025184245,0.0025183982,0.0025184245,0.002502863,1.0000153,1.0000155,1.0,0.0,0.0,0.0,0.0,0.0,0.0
283523943,283333648,0.16224484,0.1622725,0.353712,1.438345,1.4383566,2.7737885,0.0,0.0,0.0,0.0,0.0,0.0,0.0,12.421188,0.0,0.0,0.0,0.0,0.0,0.0,0.0025178615,0.0025177237,0.0025178615,0.00250287,1.0000159,1.000016,1.0,0.0,0.0,0.0,0.0,0.0,0.0
284023951,283833648,0.12208838,0.12219255,0.26306662,1.4557621,1.4557772,2.7941892,0.0,0.0,0.0,0.0,0.0,0.0,0.0,12.421916,0.0,0.0,0.0,0.0,0.0,0.0,0.0025149637,0.0025149637,0.0025130787,0.0025028978,1.0000165,1.0000165,1.0,0.0,0.0,0.0,0.0,0.0,0.0
284524004,284333648,0.18595476,0.18608958,0.40529612,1.4835953,1.4836265,2.824993,0.0,0.0,0.0,0.0,0.0,0.0,0.0,12.423272,0.0,0.0,0.0,0.0,0.0,0.0,0.0025139423,0.0025139423,0.0025088603,0.0025028693,1.0000169,1.0000167,1.0,0.0,0.0,0.0,0.0,0.0,0.0
285023938,284833648,0.32398847,0.3242653,0.7129726,1.5265474,1.5266368,2.855734,0.0,0.0,0.0,0.0,0.0,0.0,0.0,12.426981,0.0,0.0,0.0,0.0,0.0,0.0,0.0025151146,0.0025151146,0.0025108845,0.0025028696,1.0000172,1.0000172,1.0000001,0.0,0.0,0.0,0.0,0.0,0.0
285523941,285333648,0.3124201,0.31288195,0.6786431,1.6058122,1.6062074,2.855734,0.0,0.0,0.0,0.0,0.0,0.0,0.0,12.436989,0.0,0.0,0.0,0.0,0.0,0.0,0.0025150464,0.0025150464,0.0025116082,0.002502893,1.0000184,1.0000182,1.0000001,0.0,0.0,0.0,0.0,0.0,0.0
286023939,285833648,0.21624039,0.21695787,0.45151147,1.6744269,1.6755433,2.855734,0.0,0.0,0.0,0.0,0.0,0.0,0.0,12.447963,0.0,0.0,0.0,0.0,0.0,0.0,0.0025153353,0.0025153353,0.0025112245,0.002502902,1.0000196,1.0000196,1.0000001,0.0,0.0,0.0,0.0,0.0,0.0
286523938,286333648,0.17483018,0.17596167,0.34517598,1.7424887,1.7451131,2.855734,0.0,0.0,0.0,0.0,0.0,0.0,0.0,12.459241,0.0,0.0,0.0,0.0,0.0,0.0,0.0025150937,0.0025150937,0.0025110687,0.0025028198,1.000021,1.0000209,1.0000002,0.0,0.0,0.0,0.0,0.0,0.0
287023941,286833648,0.13834326,0.13986719,0.24748462,1.8034521,1.8087826,2.855734,0.0,0.0,0.0,0.0,0.0,0.0,0.0,12.472744,0.0,0.0,0.0,0.0,0.0,0.0,0.002513983,0.002513983,0.0025120112,0.0025027352,1.0000229,1.0000222,1.0000002,0.0,0.0,0.0,0.0,0.0,0.0
287523940,287333648,0.16829424,0.17033568,0.29729632,1.8977077,1.9073272,2.855734,0.0,0.0,0.0,0.0,0.0,0.0,0.0,12.486816,0.0,0.0,0.0,0.0,0.0,0.0,0.0025137789,0.0025137789,0.0025126468,0.0025027283,1.0000247,1.0000238,1.0000002,0.0,0.0,0.0,0.0,0.0,0.0
288023944,287833651,0.19678965,0.19950962,0.34115067,2.0411792,2.0572474,2.855734,0.0,0.0,0.0,0.0,0.0,0.0,0.0,12.498921,0.0,0.0,0.0,0.0,0.0,0.0,0.0025138378,0.0025138378,0.0025127418,0.0025027308,1.0000266,1.0000256,1.0000004,0.0,0.0,0.0,0.0,0.0,0.0
288523948,288333648,0.2204923,0.22401766,0.37152562,2.2221732,2.247706,2.855734,0.0,0.0,0.0,0.0,0.0,0.0,0.0,12.51286,0.0,0.0,0.0,0.0,0.0,0.0,0.0025139146,0.0025139146,0.0025124322,0.0025027478,1.0000285,1.0000275,1.0000002,0.0,0.0,0.0,0.0,0.0,0.0
289023941,288833671,0.31181917,0.31621268,0.55062556,2.48027,2.5192034,2.855734,0.0,0.0,0.0,0.0,0.0,0.0,0.0,12.526143,0.0,0.0,0.0,0.0,0.0,0.0,0.002514021,0.002514021,0.002512527,0.002502761,1.0000305,1.0000293,1.0000002,0.0,0.0,0.0,0.0,0.0,0.0
289523969,289333651,0.47039536,0.47589186,0.87885326,2.8145328,2.8718011,2.855734,0.0,0.0,0.0,0.0,0.0,0.0,0.0,12.538442,0.0,0.0,0.0,0.0,0.0,0.0,0.0025141106,0.0025141106,0.0025129486,0.002502771,1.0000327,1.0000314,1.0000002,0.0,0.0,0.0,0.0,0.0,0.0
290023934,289833681,0.4858536,0.4929028,0.88177836,3.2064536,3.2887354,2.855734,0.0,0.0,0.0,0.0,0.0,0.0,0.0,12.548599,0.0,0.0,0.0,0.0,0.0,0.0,0.0025143889,0.0025143889,0.0025133386,0.002502741,1.0000347,1.0000333,1.0000002,0.0,0.0,0.0,0.0,0.0,0.0
290523943,290333648,0.39835334,0.40888143,0.64784575,3.6793609,3.7971888,2.855734,0.0,0.0,0.0,0.0,0.0,0.0,0.0,12.558512,0.0,0.0,0.0,0.0,0.0,0.0,0.0025146636,0.0025146636,0.0025131088,0.0025030544,1.0000368,1.0000354,1.0,0.0,0.0,0.0,0.0,0.0,0.0
291023967,290833648,0.4709794,0.48559362,0.7734485,4.202155,4.3711715,2.855734,0.0,0.0,0.0,0.0,0.0,0.0,0.0,12.567033,0.0,0.0,0.0,0.0,0.0,0.0,0.002514575,0.002514575,0.0025134229,0.002503016,1.0000391,1.0000374,1.0,0.0,0.0,0.0,0.0,0.0,0.0
291523943,291333647,0.56521094,0.5841644,0.94478315,4.800709,5.0394144,2.855734,0.0,0.0,0.0,0.0,0.0,0.0,0.0,12.572954,0.0,0.0,0.0,0.0,0.0,0.0,0.002514812,0.002514812,0.00251381,0.0025030463,1.0000412,1.0000395,1.0,0.0,0.0,0.0,0.0,0.0,0.0
292023939,291833648,0.60843456,0.6320307,0.9978506,5.5045753,5.8352213,2.855734,0.0,0.0,0.0,0.0,0.0,0.0,0.0,12.578982,0.0,0.0,0.0,0.0,0.0,0.0,0.0025148771,0.0025148771,0.0025140462,0.0025030386,1.0000436,1.0000416,1.0,0.0,0.0,0.0,0.0,0.0,0.0
292523940,292333650,0.5980678,0.6277262,0.9275433,6.299238,6.749505,2.855734,0.0,0.0,0.0,0.0,0.0,0.0,0.0,12.583856,0.0,0.0,0.0,0.0,0.0,0.0,0.002515401,0.002515401,0.0025143453,0.00250319,1.000046,1.0000436,1.0,0.0,0.0,0.0,0.0,0.0,0.0
293023938,292833648,0.6328622,0.67008054,0.9565172,7.202633,7.807542,2.855734,0.0,0.0,0.0,0.0,0.0,0.0,0.0,12.586896,0.0,0.0,0.0,0.0,0.0,0.0,0.002515149,0.002515149,0.002514245,0.0025031406,1.0000488,1.0000455,1.0,0.0,0.0,0.0,0.0,0.0,0.0
293523952,293333648,0.6573761,0.70296204,0.9594352,8.23337,9.034745,2.855734,0.0,0.0,0.0,0.0,0.0,0.0,0.0,12.590019,0.0,0.0,0.0,0.0,0.0,0.0,0.0025152941,0.0025152941,0.0025145009,0.0025031448,1.0000513,1.0000477,1.0,0.0,0.0,0.0,0.0,0.0,0.0
294023933,293833649,0.6720758,0.7273431,0.9362629,9.391914,10.441298,2.855734,0.0,0.0,0.0,0.0,0.0,0.0,0.0,12.592406,0.0,0.0,0.0,0.0,0.0,0.0,0.0025158967,0.0025158967,0.0025148366,0.0025032454,1.0000538,1.0000501,1.0,0.0,0.0,0.0,0.0,0.0,0.0
294523971,294333648,0.70098525,0.76702094,0.94204223,10.702834,12.060368,2.855734,0.0,0.0,0.0,0.0,0.0,0.0,0.0,12.594199,0.0,0.0,0.0,0.0,0.0,0.0,0.002515962,0.002515962,0.002514917,0.00250325,1.0000565,1.000052,1.0,0.0,0.0,0.0,0.0,0.0,0.0
295023934,294833648,0.74199986,0.8199694,0.9712401,12.198737,13.934609,2.855734,0.0,0.0,0.0,0.0,0.0,0.0,0.0,12.595796,0.0,0.0,0.0,0.0,0.0,0.0,0.0025160033,0.0025160033,0.0025151798,0.0025032756,1.0000592,1.0000541,1.0,0.0,0.0,0.0,0.0,0.0,0.0
295523939,295333648,0.8380203,0.92941594,1.1209326,13.888366,16.085232,2.855734,0.0,0.0,0.0,0.0,0.0,0.0,0.0,12.596789,0.0,0.0,0.0,0.0,0.0,0.0,0.0025160415,0.0025160415,0.0025153756,0.0025032212,1.0000619,1.0000563,1.0,0.0,0.0,0.0,0.0,0.0,0.0
296023968,295833647,0.86014736,0.965957,1.102028,15.782442,18.534872,2.855734,0.0,0.0,0.0,0.0,0.0,0.0,0.0,12.597497,0.0,0.0,0.0,0.0,0.0,0.0,0.0025162937,0.0025162937,0.0025156138,0.002503258,1.0000645,1.0000585,1.0,0.0,0.0,0.0,0.0,0.0,0.0
297023953,296833648,0.9602407,1.056499,1.1658432,20.340006,24.387892,2.855734,0.0,0.0,0.0,0.0,0.0,0.0,0.0,12.597744,0.0,0.0,0.0,0.0,0.0,0.0,0.0025477507,0.0025170615,0.0025477507,0.0025052868,1.000071,1.0000528,1.0000098,0.0,0.0,0.0,0.0,0.0,0.0
297523928,297333648,0.84638137,0.9353144,0.82215923,23.025038,27.710026,0.0,0.0,0.0,0.0,0.0,0.0,0.0,0.0,12.597586,0.0,0.0,0.0,0.0,0.0,0.0,0.0025214746,0.0025214746,0.00252128,0.0025026798,1.0000715,1.000063,1.0000046,0.0,0.0,0.0,0.0,0.0,0.0
298524061,298333648,0.93844724,1.043702,0.87736607,29.083221,35.26703,0.0,0.0,0.0,0.0,0.0,0.0,0.0,0.0,12.598626,0.0,0.0,0.0,0.0,0.0,0.0,0.0025194755,0.0025194755,0.0025176776,0.0025025862,1.0000781,1.0000689,1.0000021,0.0,0.0,0.0,0.0,0.0,0.0
299023924,298833649,0.989532,1.1077442,0.911384,32.512882,39.611965,0.0,0.0,0.0,0.0,0.0,0.0,0.0,0.0,12.598544,0.0,0.0,0.0,0.0,0.0,0.0,0.0025210588,0.0025210588,0.002517362,0.0025026756,1.0000806,1.0000712,1.0000027,0.0,0.0,0.0,0.0,0.0,0.0
299523949,299333648,1.0017737,1.134587,0.8553835,36.22122,44.358116,0.0,0.0,0.0,0.0,0.0,0.0,0.0,0.0,12.599265,0.0,0.0,0.0,0.0,0.0,0.0,0.0025218285,0.0025218285,0.0025176927,0.002502689,1.0000821,1.0000732,1.0000039,0.0,0.0,0.0,0.0,0.0,0.0
300024048,299833648,0.973178,1.1210785,0.70060325,40.23539,49.567894,0.0,0.0,0.0,0.0,0.0,0.0,0.0,0.0,12.600316,0.0,0.0,0.0,0.0,0.0,0.0,0.0025228877,0.0025228877,0.0025178578,0.0025027567,1.0000845,1.0000757,1.0000039,0.0,0.0,0.0,0.0,0.0,0.0
300523933,300333648,0.8730264,1.041463,0.38103417,44.51717,55.219936,0.0,0.0,0.0,0.0,0.0,0.0,0.0,0.0,12.601193,0.0,0.0,0.0,0.0,0.0,0.0,0.0025175058,0.0025175058,0.002517433,0.0025028596,1.0000898,1.0000789,1.0000005,0.0,0.0,0.0,0.0,0.0,0.0
301023954,300833648,0.87897336,1.0746417,0.29993895,49.102917,61.40543,0.0,0.0,0.0,0.0,0.0,0.0,0.0,0.0,12.601954,0.0,0.0,0.0,0.0,0.0,0.0,0.0025180767,0.0025179987,0.0025180767,0.0025033734,1.0000914,1.0000814,1.0,0.0,0.0,0.0,0.0,0.0,0.0
301523942,301333648,0.9156423,1.1468929,0.2965123,53.992363,68.18979,0.0,0.0,0.0,0.0,0.0,0.0,0.0,0.0,12.60204,0.0,0.0,0.0,0.0,0.0,0.0,0.0025183607,0.002518181,0.0025183607,0.0025035257,1.0000937,1.0000825,1.0,0.0,0.0,0.0,0.0,0.0,0.0
302023927,301833647,0.95248544,1.2225554,0.29320535,59.257416,75.61672,0.0,0.0,0.0,0.0,0.0,0.0,0.0,0.0,12.602287,0.0,0.0,0.0,0.0,0.0,0.0,0.0025182173,0.0025180725,0.0025182173,0.0025034072,1.0000954,1.000084,1.0,0.0,0.0,0.0,0.0,0.0,0.0
302523925,302333648,1.0184914,1.3307403,0.35349974,64.94838,83.826805,0.0,0.0,0.0,0.0,0.0,0.0,0.0,0.0,12.602302,0.0,0.0,0.0,0.0,0.0,0.0,0.0025184115,0.0025181111,0.0025184115,0.002503467,1.0000975,1.0000854,1.0,0.0,0.0,0.0,0.0,0.0,0.0
303023928,302833648,1.1484298,1.5032818,0.55850285,71.04234,92.747734,0.0,0.0,0.0,0.0,0.0,0.0,0.0,0.0,12.602522,0.0,0.0,0.0,0.0,0.0,0.0,0.0025182748,0.0025181312,0.0025182748,0.0025034372,1.0001,1.000086,1.0,0.0,0.0,0.0,0.0,0.0,0.0
303523925,303333648,1.1643142,1.5687933,0.50214493,77.58374,102.51059,0.0,0.0,0.0,0.0,0.0,0.0,0.0,0.0,12.602303,0.0,0.0,0.0,0.0,0.0,0.0,0.0025185407,0.0025181456,0.0025185407,0.002503516,1.0001018,1.0000875,1.0,0.0,0.0,0.0,0.0,0.0,0.0
304023929,303833648,1.2018338,1.6575212,0.4834092,84.66398,113.26699,0.0,0.0,0.0,0.0,0.0,0.0,0.0,0.0,12.602033,0.0,0.0,0.0,0.0,0.0,0.0,0.002519161,0.002519161,0.0025182215,0.002503685,1.0001031,1.0000895,1.0000002,0.0,0.0,0.0,0.0,0.0,0.0
305024059,304833649,1.2059696,1.79633,0.29128546,100.133484,137.74272,0.0,0.0,0.0,0.0,0.0,0.0,0.0,0.0,12.601087,0.0,0.0,0.0,0.0,0.0,0.0,0.002518388,0.002518388,0.0025181742,0.0025033539,1.0001082,1.000091,1.0,0.0,0.0,0.0,0.0,0.0,0.0
305523924,305333648,1.2551526,1.9109657,0.2961678,108.75832,151.62872,0.0,0.0,0.0,0.0,0.0,0.0,0.0,0.0,12.600836,0.0,0.0,0.0,0.0,0.0,0.0,0.002518694,0.0025183202,0.002518694,0.002503575,1.0001104,1.000092,1.0,0.0,0.0,0.0,0.0,0.0,0.0
306023956,305833648,1.2831151,2.0088444,0.2500028,117.95524,166.69943,0.0,0.0,0.0,0.0,0.0,0.0,0.0,0.0,12.600706,0.0,0.0,0.0,0.0,0.0,0.0,0.0025187677,0.0025183654,0.0025187677,0.002503593,1.0001127,1.0000931,1.0000001,0.0,0.0,0.0,0.0,0.0,0.0
306523925,306333648,1.3164065,2.1113605,0.2119055,127.71464,182.95084,0.0,0.0,0.0,0.0,0.0,0.0,0.0,0.0,12.600319,0.0,0.0,0.0,0.0,0.0,0.0,0.0025184564,0.0025184564,0.0025183065,0.0025033634,1.0001149,1.0000942,1.0,0.0,0.0,0.0,0.0,0.0,0.0
307023929,306833648,1.3670588,2.2388616,0.2120007,138.10542,200.49948,0.0,0.0,0.0,0.0,0.0,0.0,0.0,0.0,12.600331,0.0,0.0,0.0,0.0,0.0,0.0,0.0025184804,0.0025184804,0.0025184606,0.0025034333,1.0001155,1.0000968,1.0,0.0,0.0,0.0,0.0,0.0,0.0
307523962,307333648,1.4184157,2.3665252,0.21198606,149.17648,219.52104,6.6534038,0.0,0.0,0.0,0.0,0.0,0.0,0.0,16.595522,0.0,0.0,0.0,0.0,0.0,0.0,0.002518541,0.002518541,0.0025184744,0.0025034284,1.0001167,1.0000986,1.0,0.0,0.0,0.0,0.0,0.0,0.0
308023944,307833648,0.10917207,0.10983347,0.24322051,3.974033,3.974041,6.9804044,0.0,0.0,0.0,0.0,0.0,0.0,0.0,12.999339,0.0,0.0,0.0,0.0,0.0,0.0,0.0025183032,0.0025182806,0.0025183032,0.0025033327,1.0001156,1.0000976,1.0000001,0.0,0.0,0.0,0.0,0.0,0.0
308523942,308333652,0.10173279,0.10333383,0.22312146,3.5668383,3.566903,6.5372434,0.0,0.0,0.0,0.0,0.0,0.0,0.0,12.702824,0.0,0.0,0.0,0.0,0.0,0.0,0.0025173503,0.0025173503,0.0025172515,0.002503043,1.0001044,1.0000885,1.0,0.0,0.0,0.0,0.0,0.0,0.0
309023952,308833648,0.19878441,0.20472327,0.43310967,3.4129078,3.413255,6.388806,0.0,0.0,0.0,0.0,0.0,0.0,0.0,12.599956,0.0,0.0,0.0,0.0,0.0,0.0,0.0025298302,0.002517672,0.0025298302,0.0025062787,1.000086,1.0000699,1.0000067,0.0,0.0,0.0,0.0,0.0,0.0
309523943,309333648,0.26038104,0.26954132,0.55838287,3.3283434,3.3297021,6.3132453,0.0,0.0,0.0,0.0,0.0,0.0,0.0,12.5510645,0.0,0.0,0.0,0.0,0.0,0.0,0.0025229293,0.0025191994,0.0025229293,0.0025051872,1.0000644,1.0000597,1.000005,0.0,0.0,0.0,0.0,0.0,0.0
310023944,309833648,0.15093371,0.1558233,0.3072343,3.2636187,3.2653708,6.2767897,0.0,0.0,0.0,0.0,0.0,0.0,0.0,12.521727,0.0,0.0,0.0,0.0,0.0,0.0,0.002515946,0.002515946,0.0025109404,0.0025026326,1.0000468,1.0000484,1.0000001,0.0,0.0,0.0,0.0,0.0,0.0
310523941,310333648,0.16861215,0.1696744,0.3544356,3.2046494,3.2057686,6.2730384,0.0,0.0,0.0,0.0,0.0,0.0,0.0,12.502985,0.0,0.0,0.0,0.0,0.0,0.0,0.0025151593,0.0025151593,0.0025135567,0.0025026465,1.0000362,1.0000362,1.000001,0.0,0.0,0.0,0.0,0.0,0.0
311023967,310833648,0.18048584,0.18066037,0.3839117,3.177434,3.178297,6.324267,0.0,0.0,0.0,0.0,0.0,0.0,0.0,12.490968,0.0,0.0,0.0,0.0,0.0,0.0,0.0025171146,0.0025145083,0.0025171146,0.002502978,1.0000303,1.0000292,1.0000019,0.0,0.0,0.0,0.0,0.0,0.0
312023943,311833648,0.35510537,0.35400972,0.7661537,3.2686691,3.2690492,6.402529,0.0,0.0,0.0,0.0,0.0,0.0,0.0,12.493136,0.0,0.0,0.0,0.0,0.0,0.0,0.002514375,0.002513625,0.002514375,0.002502741,1.0000297,1.0000294,1.0000014,0.0,0.0,0.0,0.0,0.0,0.0
312523942,312333648,0.40636197,0.4037128,0.8634885,3.3992076,3.3983839,6.402529,0.0,0.0,0.0,0.0,0.0,0.0,0.0,12.503311,0.0,0.0,0.0,0.0,0.0,0.0,0.0025133,0.0025133,0.0025095353,0.0025023993,1.0000317,1.0000325,1.0000002,0.0,0.0,0.0,0.0,0.0,0.0
313023946,312833648,0.40453082,0.3999517,0.83905333,3.5052898,3.5013242,6.402529,0.0,0.0,0.0,0.0,0.0,0.0,0.0,12.513747,0.0,0.0,0.0,0.0,0.0,0.0,0.002513889,0.002513889,0.0025093395,0.0025023276,1.0000335,1.0000348,1.0000002,0.0,0.0,0.0,0.0,0.0,0.0
313523941,313333648,0.25696546,0.2517137,0.48636487,3.5839612,3.5742378,6.402529,0.0,0.0,0.0,0.0,0.0,0.0,0.0,12.526109,0.0,0.0,0.0,0.0,0.0,0.0,0.0025142375,0.0025142375,0.0025096359,0.002502344,1.0000354,1.000037,1.0000002,0.0,0.0,0.0,0.0,0.0,0.0
314023941,313833648,0.21039446,0.20456237,0.35798833,3.6991603,3.6810274,6.402529,0.0,0.0,0.0,0.0,0.0,0.0,0.0,12.538685,0.0,0.0,0.0,0.0,0.0,0.0,0.0025141428,0.0025141428,0.0025103628,0.002502393,1.0000377,1.000039,1.0000002,0.0,0.0,0.0,0.0,0.0,0.0
314523944,314333648,0.2760975,0.26878488,0.4763559,3.8550377,3.8249497,6.402529,0.0,0.0,0.0,0.0,0.0,0.0,0.0,12.549002,0.0,0.0,0.0,0.0,0.0,0.0,0.0025144322,0.0025144322,0.002510327,0.0025024817,1.0000398,1.0000412,1.0000001,0.0,0.0,0.0,0.0,0.0,0.0
315023942,314833648,0.25061947,0.24216057,0.38692823,4.0563383,4.0099015,6.402529,0.0,0.0,0.0,0.0,0.0,0.0,0.0,12.560467,0.0,0.0,0.0,0.0,0.0,0.0,0.0025146813,0.0025146813,0.0025107407,0.0025024735,1.0000418,1.0000434,1.0000001,0.0,0.0,0.0,0.0,0.0,0.0
315523945,315333648,0.24587835,0.23695958,0.34234583,4.3483186,4.2814884,6.402529,0.0,0.0,0.0,0.0,0.0,0.0,0.0,12.570763,0.0,0.0,0.0,0.0,0.0,0.0,0.0025147828,0.0025147828,0.0025112012,0.0025025408,1.0000439,1.0000454,1.0000001,0.0,0.0,0.0,0.0,0.0,0.0
316023974,315833648,0.32301283,0.3128725,0.4762825,4.7226734,4.6315413,6.402529,0.0,0.0,0.0,0.0,0.0,0.0,0.0,12.579676,0.0,0.0,0.0,0.0,0.0,0.0,0.002514881,0.002514881,0.0025119337,0.002502581,1.000046,1.0000474,1.0000001,0.0,0.0,0.0,0.0,0.0,0.0
316523935,316333648,0.37399548,0.36293808,0.54836607,5.180329,5.059738,6.402529,0.0,0.0,0.0,0.0,0.0,0.0,0.0,12.586728,0.0,0.0,0.0,0.0,0.0,0.0,0.002515191,0.002515191,0.002512229,0.0025024582,1.0000482,1.0000496,1.0000002,0.0,0.0,0.0,0.0,0.0,0.0
317023944,316833648,0.40930647,0.39793634,0.5818505,5.750964,5.5972276,6.402529,0.0,0.0,0.0,0.0,0.0,0.0,0.0,12.592919,0.0,0.0,0.0,0.0,0.0,0.0,0.0025154355,0.0025154355,0.002514957,0.0025025187,1.0000502,1.0000507,1.0000013,0.0,0.0,0.0,0.0,0.0,0.0
317523965,317333648,0.5118704,0.498666,0.75931686,6.4273067,6.235565,6.402529,0.0,0.0,0.0,0.0,0.0,0.0,0.0,12.597823,0.0,0.0,0.0,0.0,0.0,0.0,0.0025155244,0.0025155244,0.0025130557,0.0025025362,1.0000525,1.0000539,1.0000001,0.0,0.0,0.0,0.0,0.0,0.0
318023939,317833648,0.55676377,0.543977,0.809276,7.203598,6.970973,6.402529,0.0,0.0,0.0,0.0,0.0,0.0,0.0,12.600664,0.0,0.0,0.0,0.0,0.0,0.0,0.0025156986,0.0025156986,0.0025131865,0.0025028675,1.0000546,1.000056,1.0,0.0,0.0,0.0,0.0,0.0,0.0
318523937,318333648,0.537676,0.5268852,0.71544474,8.080909,7.808776,6.402529,0.0,0.0,0.0,0.0,0.0,0.0,0.0,12.603405,0.0,0.0,0.0,0.0,0.0,0.0,0.0025158825,0.0025158825,0.0025134725,0.002502822,1.0000566,1.000058,1.0,0.0,0.0,0.0,0.0,0.0,0.0
319023938,318833648,0.50007784,0.49228793,0.57453275,9.085934,8.780474,6.402529,0.0,0.0,0.0,0.0,0.0,0.0,0.0,12.605223,0.0,0.0,0.0,0.0,0.0,0.0,0.0025160676,0.0025160676,0.0025138028,0.0025029725,1.0000585,1.0000601,1.0,0.0,0.0,0.0,0.0,0.0,0.0
319523937,319333648,0.5116441,0.505841,0.5367123,10.244671,9.913786,6.402529,0.0,0.0,0.0,0.0,0.0,0.0,0.0,12.605745,0.0,0.0,0.0,0.0,0.0,0.0,0.0025161104,0.0025161104,0.0025141563,0.0025028917,1.0000606,1.0000621,1.0,0.0,0.0,0.0,0.0,0.0,0.0
320023939,319833648,0.55065256,0.54844797,0.5585989,11.550315,11.203215,6.402529,0.0,0.0,0.0,0.0,0.0,0.0,0.0,12.60631,0.0,0.0,0.0,0.0,0.0,0.0,0.0025163,0.0025163,0.0025153777,0.0025024826,1.0000626,1.0000633,1.0000008,0.0,0.0,0.0,0.0,0.0,0.0
320523946,320333648,0.59473443,0.5947981,0.58561337,13.0254545,12.678348,6.402529,0.0,0.0,0.0,0.0,0.0,0.0,0.0,12.606475,0.0,0.0,0.0,0.0,0.0,0.0,0.0025164871,0.0025164871,0.0025154704,0.002502603,1.000065,1.000065,1.0000006,0.0,0.0,0.0,0.0,0.0,0.0
321023994,320833648,0.6366938,0.64055526,0.6062028,14.690008,14.3607025,6.402529,0.0,0.0,0.0,0.0,0.0,0.0,0.0,12.606355,0.0,0.0,0.0,0.0,0.0,0.0,0.0025168005,0.0025168005,0.0025152096,0.0025031234,1.0000676,1.0000669,1.0,0.0,0.0,0.0,0.0,0.0,0.0
321523937,321333648,0.68122524,0.69293237,0.6295135,16.566696,16.287827,6.402529,0.0,0.0,0.0,0.0,0.0,0.0,0.0,12.60647,0.0,0.0,0.0,0.0,0.0,0.0,0.0025171037,0.0025171037,0.002514936,0.0025030228,1.0000701,1.0000681,1.0,0.0,0.0,0.0,0.0,0.0,0.0
322023933,321833648,0.69226825,0.71253264,0.57639784,18.677416,18.481783,6.402529,0.0,0.0,0.0,0.0,0.0,0.0,0.0,12.605961,0.0,0.0,0.0,0.0,0.0,0.0,0.0025171232,0.0025171232,0.0025152147,0.0025028354,1.0000715,1.0000702,1.0,0.0,0.0,0.0,0.0,0.0,0.0
322523967,322333648,0.693447,0.7240486,0.49585816,21.003817,20.949205,6.402529,0.0,0.0,0.0,0.0,0.0,0.0,0.0,12.6053705,0.0,0.0,0.0,0.0,0.0,0.0,0.002517659,0.002517659,0.002515483,0.0025034277,1.0000731,1.0000721,1.0000002,0.0,0.0,0.0,0.0,0.0,0.0
323023944,322833648,0.6879846,0.72779775,0.38389018,23.572277,23.710495,6.402529,0.0,0.0,0.0,0.0,0.0,0.0,0.0,12.604427,0.0,0.0,0.0,0.0,0.0,0.0,0.0025170809,0.0025170809,0.0025158054,0.0025029294,1.0000745,1.0000744,1.0,0.0,0.0,0.0,0.0,0.0,0.0
323523941,323333648,0.71557826,0.76623136,0.34815738,26.429855,26.821966,6.402529,0.0,0.0,0.0,0.0,0.0,0.0,0.0,12.603891,0.0,0.0,0.0,0.0,0.0,0.0,0.0025171589,0.0025171589,0.0025160294,0.0025030107,1.0000764,1.0000762,1.0,0.0,0.0,0.0,0.0,0.0,0.0
324023935,323833648,0.7458008,0.8098774,0.30756345,29.586624,30.309517,6.402529,0.0,0.0,0.0,0.0,0.0,0.0,0.0,12.603435,0.0,0.0,0.0,0.0,0.0,0.0,0.0025172918,0.0025172918,0.0025162012,0.0025030426,1.0000784,1.0000776,1.0,0.0,0.0,0.0,0.0,0.0,0.0
324523936,324333648,0.86579204,0.94425,0.48140958,33.102276,34.248466,6.402529,0.0,0.0,0.0,0.0,0.0,0.0,0.0,12.603539,0.0,0.0,0.0,0.0,0.0,0.0,0.0025174895,0.0025174895,0.0025162762,0.002503,1.000081,1.0000784,1.0,0.0,0.0,0.0,0.0,0.0,0.0
325023943,324833648,0.8774787,0.9728198,0.40633437,37.04994,38.72934,6.402529,0.0,0.0,0.0,0.0,0.0,0.0,0.0,12.602419,0.0,0.0,0.0,0.0,0.0,0.0,0.0025176248,0.0025176248,0.0025164438,0.0025030782,1.000083,1.0000798,1.0,0.0,0.0,0.0,0.0,0.0,0.0
325523946,325333650,0.9299317,1.0443928,0.42553475,41.376434,43.720642,6.402529,0.0,0.0,0.0,0.0,0.0,0.0,0.0,12.602264,0.0,0.0,0.0,0.0,0.0,0.0,0.0025175903,0.0025175903,0.002516599,0.0025029834,1.0000844,1.0000815,1.0,0.0,0.0,0.0,0.0,0.0,0.0
326023983,325833648,1.1847966,1.317365,0.8912213,46.124443,49.283596,6.402529,0.0,0.0,0.0,0.0,0.0,0.0,0.0,12.602177,0.0,0.0,0.0,0.0,0.0,0.0,0.0025176855,0.0025176855,0.0025167342,0.0025029948,1.0000861,1.0000831,1.0,0.0,0.0,0.0,0.0,0.0,0.0
326523933,326333648,1.2200465,1.3743682,0.87153816,51.332623,55.441116,6.402529,0.0,0.0,0.0,0.0,0.0,0.0,0.0,12.602546,0.0,0.0,0.0,0.0,0.0,0.0,0.0025232306,0.0025232306,0.00251685,0.0025027795,1.0000851,1.0000846,1.0000026,0.0,0.0,0.0,0.0,0.0,0.0
327023956,326833683,1.353774,1.5359639,1.0868584,56.969746,62.21309,6.402529,0.0,0.0,0.0,0.0,0.0,0.0,0.0,12.602383,0.0,0.0,0.0,0.0,0.0,0.0,0.0025209913,0.0025209913,0.0025169738,0.00250279,1.0000877,1.000086,1.0000017,0.0,0.0,0.0,0.0,0.0,0.0
327523964,327333648,1.3485072,1.5606112,0.98651755,63.02158,69.64719,6.402529,0.0,0.0,0.0,0.0,0.0,0.0,0.0,12.602157,0.0,0.0,0.0,0.0,0.0,0.0,0.002520228,0.002520228,0.0025170494,0.002502675,1.0000898,1.0000875,1.0000013,0.0,0.0,0.0,0.0,0.0,0.0
328023934,327833648,1.3423736,1.5821378,0.8714947,69.4682,77.74572,6.402529,0.0,0.0,0.0,0.0,0.0,0.0,0.0,12.601542,0.0,0.0,0.0,0.0,0.0,0.0,0.0025194269,0.0025194269,0.0025171358,0.0025027816,1.0000921,1.0000886,1.000001,0.0,0.0,0.0,0.0,0.0,0.0
328523942,328333649,1.4864608,1.7590663,1.0931706,76.42845,86.64655,6.402529,0.0,0.0,0.0,0.0,0.0,0.0,0.0,12.601378,0.0,0.0,0.0,0.0,0.0,0.0,0.002518719,0.002518719,0.0025172574,0.002502718,1.0000936,1.0000906,1.0000004,0.0,0.0,0.0,0.0,0.0,0.0
329023932,328833648,1.3474051,1.6492097,0.66801304,83.867424,96.33911,6.402529,0.0,0.0,0.0,0.0,0.0,0.0,0.0,12.601301,0.0,0.0,0.0,0.0,0.0,0.0,0.002518121,0.002518121,0.0025173484,0.0025031096,1.000096,1.0000916,1.0,0.0,0.0,0.0,0.0,0.0,0.0
329523933,329333648,1.3998032,1.7377309,0.665547,91.81785,106.873245,6.402529,0.0,0.0,0.0,0.0,0.0,0.0,0.0,12.601728,0.0,0.0,0.0,0.0,0.0,0.0,0.0025183486,0.0025183486,0.002517503,0.0025031376,1.0000973,1.0000927,1.0000004,0.0,0.0,0.0,0.0,0.0,0.0
330023939,329833648,1.6019845,1.9863064,1.0164645,100.324326,118.3195,6.402529,0.0,0.0,0.0,0.0,0.0,0.0,0.0,12.601787,0.0,0.0,0.0,0.0,0.0,0.0,0.0025195512,0.0025185798,0.0025195512,0.0025041471,1.0000987,1.0000923,1.0000021,0.0,0.0,0.0,0.0,0.0,0.0
330523935,330333648,1.6948564,2.131096,1.1120492,109.37936,130.77522,6.402529,0.0,0.0,0.0,0.0,0.0,0.0,0.0,12.601906,0.0,0.0,0.0,0.0,0.0,0.0,0.0025182688,0.0025182688,0.002517498,0.0025032763,1.0001006,1.0000951,1.0,0.0,0.0,0.0,0.0,0.0,0.0
331023942,330833648,1.5672553,2.0638363,0.71769965,118.99916,144.26216,6.402529,0.0,0.0,0.0,0.0,0.0,0.0,0.0,12.601621,0.0,0.0,0.0,0.0,0.0,0.0,0.0025189896,0.0025183156,0.0025189896,0.002504317,1.0001018,1.0000956,1.0000008,0.0,0.0,0.0,0.0,0.0,0.0
331523956,331333648,1.8584807,2.4092026,1.2483059,129.2343,158.929,6.402529,0.0,0.0,0.0,0.0,0.0,0.0,0.0,12.601836,0.0,0.0,0.0,0.0,0.0,0.0,0.0025183624,0.0025183624,0.0025175593,0.002503326,1.000103,1.0000979,1.0,0.0,0.0,0.0,0.0,0.0,0.0
332023935,331833648,1.8656151,2.4701746,1.1406196,140.1598,174.80382,6.402529,0.0,0.0,0.0,0.0,0.0,0.0,0.0,12.602081,0.0,0.0,0.0,0.0,0.0,0.0,0.0025184334,0.0025184334,0.0025178902,0.0025038435,1.0001061,1.0000968,1.0000005,0.0,0.0,0.0,0.0,0.0,0.0
332523965,332333648,1.9652476,2.6301687,1.231684,151.75652,191.94185,6.402529,0.0,0.0,0.0,0.0,0.0,0.0,0.0,12.602309,0.0,0.0,0.0,0.0,0.0,0.0,0.0025184834,0.0025184834,0.0025176338,0.0025032994,1.0001068,1.000099,1.0,0.0,0.0,0.0,0.0,0.0,0.0
333024055,332833648,1.9935088,2.713761,1.1437395,166.17354,213.39478,0.0,0.0,0.0,0.0,0.0,0.0,0.0,0.0,12.601769,0.0,0.0,0.0,0.0,0.0,0.0,0.0025183766,0.0025183766,0.0025177137,0.002503137,1.000108,1.0000995,1.0,0.0,0.0,0.0,0.0,0.0,0.0
333524049,333333648,1.9741497,2.7452881,1.0135603,176.63184,229.16798,0.0,0.0,0.0,0.0,0.0,0.0,0.0,0.0,12.601887,0.0,0.0,0.0,0.0,0.0,0.0,0.0025203621,0.0025203621,0.0025183565,0.0025037527,1.0001069,1.0000993,1.000003,0.0,0.0,0.0,0.0,0.0,0.0
334023934,333833648,1.9643866,2.8113196,0.852217,192.77083,253.95352,0.0,0.0,0.0,0.0,0.0,0.0,0.0,0.0,12.602049,0.0,0.0,0.0,0.0,0.0,0.0,0.0025186273,0.0025186273,0.0025177146,0.00250285,1.0001101,1.0001009,1.0000002,0.0,0.0,0.0,0.0,0.0,0.0
334524059,334333648,2.2141562,3.1207936,1.3057419,207.0942,276.15726,0.0,0.0,0.0,0.0,0.0,0.0,0.0,0.0,12.602518,0.0,0.0,0.0,0.0,0.0,0.0,0.0025186643,0.0025186643,0.0025174776,0.0025031855,1.0001135,1.0000987,1.0000005,0.0,0.0,0.0,0.0,0.0,0.0
335023931,334833648,2.136197,3.116107,1.0165734,222.2344,300.1245,0.0,0.0,0.0,0.0,0.0,0.0,0.0,0.0,12.602661,0.0,0.0,0.0,0.0,0.0,0.0,0.002518817,0.002518817,0.0025175728,0.0025028856,1.000114,1.0001001,1.0000005,0.0,0.0,0.0,0.0,0.0,0.0
335523940,335333648,2.1978433,3.2392752,1.0746323,234.7516,320.3235,0.0,0.0,0.0,0.0,0.0,0.0,0.0,0.0,12.602833,0.0,0.0,0.0,0.0,0.0,0.0,0.0025186928,0.0025186928,0.0025175202,0.0025029657,1.0001154,1.0001007,1.0000005,0.0,0.0,0.0,0.0,0.0,0.0
336023931,335833648,2.3120873,3.4623141,1.159927,255.14345,353.6293,0.0,0.0,0.0,0.0,0.0,0.0,0.0,0.0,12.602656,0.0,0.0,0.0,0.0,0.0,0.0,0.0025185912,0.0025185912,0.002517609,0.0025029215,1.0001177,1.000101,1.0000004,0.0,0.0,0.0,0.0,0.0,0.0
336524064,336333648,2.295884,3.5240097,1.0226614,272.87643,383.05222,0.0,0.0,0.0,0.0,0.0,0.0,0.0,0.0,12.602842,0.0,0.0,0.0,0.0,0.0,0.0,0.0025187202,0.0025187202,0.0025175828,0.0025031983,1.0001225,1.0000983,1.0,0.0,0.0,0.0,0.0,0.0,0.0
337024043,336833648,2.2878447,3.592731,0.89698005,287.53506,407.8648,0.0,0.0,0.0,0.0,0.0,0.0,0.0,0.0,12.602976,0.0,0.0,0.0,0.0,0.0,0.0,0.0025189898,0.0025189898,0.002517691,0.002503154,1.0001284,1.0000944,1.0,0.0,0.0,0.0,0.0,0.0,0.0
337524105,337333648,2.4039323,3.8169339,1.0136415,310.7721,447.1138,0.0,0.0,0.0,0.0,0.0,0.0,0.0,0.0,12.603079,0.0,0.0,0.0,0.0,0.0,0.0,0.0025188911,0.0025188911,0.0025177554,0.0025030004,1.0001296,1.0000943,1.0,0.0,0.0,0.0,0.0,0.0,0.0
338023930,337833648,2.4798765,3.9521935,1.0407741,331.26602,482.5136,0.0,0.0,0.0,0.0,0.0,0.0,0.0,0.0,12.602808,0.0,0.0,0.0,0.0,0.0,0.0,0.002519431,0.0025190408,0.002519431,0.0025047401,1.0001336,1.0000899,1.0000021,0.0,0.0,0.0,0.0,0.0,0.0
338524061,338333648,2.611734,4.106883,1.1921508,353.0785,520.29504,0.0,0.0,0.0,0.0,0.0,0.0,0.0,0.0,12.602771,0.0,0.0,0.0,0.0,0.0,0.0,0.0025193987,0.0025193987,0.0025182124,0.0025027483,1.0001357,1.0000911,1.0000006,0.0,0.0,0.0,0.0,0.0,0.0
339523931,339333648,2.5810757,4.3270617,0.86881,398.98755,602.54144,0.0,0.0,0.0,0.0,0.0,0.0,0.0,0.0,12.603003,0.0,0.0,0.0,0.0,0.0,0.0,0.002519054,0.002519054,0.0025183733,0.0025027117,1.0001396,1.0000913,1.0000002,0.0,0.0,0.0,0.0,0.0,0.0
340023924,339833648,2.8187802,4.6551223,1.2987665,419.14557,639.48346,0.0,0.0,0.0,0.0,0.0,0.0,0.0,0.0,12.602927,0.0,0.0,0.0,0.0,0.0,0.0,0.0025189864,0.0025189864,0.0025183216,0.0025027015,1.0001416,1.0000916,1.0000002,0.0,0.0,0.0,0.0,0.0,0.0
340523940,340333648,2.7950616,4.733375,1.1056509,444.46252,685.18445,0.0,0.0,0.0,0.0,0.0,0.0,0.0,0.0,12.602837,0.0,0.0,0.0,0.0,0.0,0.0,0.0025189242,0.0025189242,0.0025182029,0.0025027238,1.0001428,1.0000918,1.0000001,0.0,0.0,0.0,0.0,0.0,0.0
341024060,340833648,2.8920991,4.9553385,1.179092,475.96555,743.2049,0.0,0.0,0.0,0.0,0.0,0.0,0.0,0.0,12.602406,0.0,0.0,0.0,0.0,0.0,0.0,0.0025188746,0.0025188746,0.0025180061,0.0025027848,1.0001439,1.0000918,1.0000001,0.0,0.0,0.0,0.0,0.0,0.0
341524049,341333648,2.9000258,5.0494413,1.0993155,498.4236,784.56036,0.0,0.0,0.0,0.0,0.0,0.0,0.0,0.0,12.602301,0.0,0.0,0.0,0.0,0.0,0.0,0.0025187759,0.0025187759,0.002517932,0.0025027697,1.000145,1.0000918,1.0000001,0.0,0.0,0.0,0.0,0.0,0.0
342023933,341833648,2.8606625,5.139765,0.8548587,532.6652,848.16705,0.0,0.0,0.0,0.0,0.0,0.0,0.0,0.0,12.602195,0.0,0.0,0.0,0.0,0.0,0.0,0.0025186941,0.0025186941,0.002517886,0.0025027497,1.0001463,1.0000917,1.0000001,0.0,0.0,0.0,0.0,0.0,0.0
342524082,342333648,2.8907247,5.2883925,0.79000795,563.1366,905.9589,0.0,0.0,0.0,0.0,0.0,0.0,0.0,0.0,12.602092,0.0,0.0,0.0,0.0,0.0,0.0,0.002518642,0.002518642,0.002517863,0.0025027327,1.0001478,1.0000918,1.0000001,0.0,0.0,0.0,0.0,0.0,0.0
343024060,342833648,3.028483,5.5452476,0.9688237,594.82074,966.3045,0.0,0.0,0.0,0.0,0.0,0.0,0.0,0.0,12.602347,0.0,0.0,0.0,0.0,0.0,0.0,0.0025185903,0.0025185903,0.0025178224,0.0025027234,1.0001491,1.0000918,1.0000001,0.0,0.0,0.0,0.0,0.0,0.0
343523930,343333648,3.05143,5.7018147,0.87986076,628.2815,1031.7606,0.0,0.0,0.0,0.0,0.0,0.0,0.0,0.0,12.602253,0.0,0.0,0.0,0.0,0.0,0.0,0.0025185691,0.0025185691,0.0025178115,0.0025027175,1.0001512,1.000092,1.0000001,0.0,0.0,0.0,0.0,0.0,0.0
344023979,343833648,3.0280974,5.8197727,0.6826521,663.2361,1101.1946,0.0,0.0,0.0,0.0,0.0,0.0,0.0,0.0,12.602167,0.0,0.0,0.0,0.0,0.0,0.0,0.0025185572,0.0025185572,0.002517808,0.0025027131,1.0001532,1.0000924,1.0000001,0.0,0.0,0.0,0.0,0.0,0.0
344524053,344333648,3.0970602,6.0173383,0.7024589,699.1402,1171.5833,0.0,0.0,0.0,0.0,0.0,0.0,0.0,0.0,12.601766,0.0,0.0,0.0,0.0,0.0,0.0,0.002518559,0.002518559,0.0025176322,0.0025028165,1.0001543,1.0000926,1.0000002,0.0,0.0,0.0,0.0,0.0,0.0
345024065,344833648,3.1883783,6.246978,0.768889,736.70184,1246.3209,0.0,0.0,0.0,0.0,0.0,0.0,0.0,0.0,12.601743,0.0,0.0,0.0,0.0,0.0,0.0,0.0025185242,0.0025185242,0.0025175998,0.0025028186,1.0001558,1.0000927,1.0000002,0.0,0.0,0.0,0.0,0.0,0.0
345523933,345333648,3.2308042,6.4357376,0.71746963,775.90125,1325.5505,0.0,0.0,0.0,0.0,0.0,0.0,0.0,0.0,12.601726,0.0,0.0,0.0,0.0,0.0,0.0,0.002518476,0.002518476,0.002517599,0.0025027907,1.0001576,1.0000929,1.0000001,0.0,0.0,0.0,0.0,0.0,0.0
346024046,345833648,3.2947917,6.6175036,0.75328714,808.8857,1392.3292,0.0,0.0,0.0,0.0,0.0,0.0,0.0,0.0,12.601372,0.0,0.0,0.0,0.0,0.0,0.0,0.0025184352,0.0025184352,0.0025176315,0.002502738,1.0001591,1.0000927,1.0000001,0.0,0.0,0.0,0.0,0.0,0.0
346523940,346333648,3.3587623,6.8336167,0.7378916,850.6914,1477.8508,0.0,0.0,0.0,0.0,0.0,0.0,0.0,0.0,12.601363,0.0,0.0,0.0,0.0,0.0,0.0,0.0025184494,0.0025184494,0.0025175384,0.0025028212,1.0001609,1.0000932,1.0000002,0.0,0.0,0.0,0.0,0.0,0.0
347023937,346833648,3.4393685,7.106381,0.74810034,903.04456,1587.3235,0.0,0.0,0.0,0.0,0.0,0.0,0.0,0.0,12.601359,0.0,0.0,0.0,0.0,0.0,0.0,0.0025184508,0.0025184508,0.0025175712,0.0025028011,1.0001628,1.0000935,1.0000001,0.0,0.0,0.0,0.0,0.0,0.0
347524088,347333648,3.4803798,7.307471,0.6950097,948.65576,1682.6394,0.0,0.0,0.0,0.0,0.0,0.0,0.0,0.0,12.601358,0.0,0.0,0.0,0.0,0.0,0.0,0.0025184273,0.0025184273,0.002517583,0.0025027767,1.0001645,1.0000936,1.0000001,0.0,0.0,0.0,0.0,0.0,0.0
348024055,347833648,3.5922394,7.5716724,0.80327964,995.6005,1779.9452,0.0,0.0,0.0,0.0,0.0,0.0,0.0,0.0,12.601701,0.0,0.0,0.0,0.0,0.0,0.0,0.0025183964,0.0025183964,0.0025175724,0.0025027557,1.0001658,1.0000935,1.0000001,0.0,0.0,0.0,0.0,0.0,0.0
348524060,348333648,3.6844378,7.827024,0.8631478,1044.5123,1883.0547,0.0,0.0,0.0,0.0,0.0,0.0,0.0,0.0,12.601704,0.0,0.0,0.0,0.0,0.0,0.0,0.0025183754,0.0025183754,0.0025175815,0.002502725,1.0001671,1.0000936,1.0000001,0.0,0.0,0.0,0.0,0.0,0.0
349023951,348833648,3.795384,8.071294,0.9835551,1085.3254,1969.1884,0.0,0.0,0.0,0.0,0.0,0.0,0.0,0.0,12.601708,0.0,0.0,0.0,0.0,0.0,0.0,0.002518362,0.002518362,0.0025175754,0.0025027206,1.0001687,1.0000936,1.0000001,0.0,0.0,0.0,0.0,0.0,0.0
349524103,349333648,3.8869414,8.33026,1.0375694,1138.495,2081.8723,0.0,0.0,0.0,0.0,0.0,0.0,0.0,0.0,12.601372,0.0,0.0,0.0,0.0,0.0,0.0,0.0025183393,0.0025183393,0.0025175489,0.0025027136,1.00017,1.0000937,1.0000001,0.0,0.0,0.0,0.0,0.0,0.0
350024051,349833648,3.7783048,8.38122,0.6486377,1192.1515,2195.017,0.0,0.0,0.0,0.0,0.0,0.0,0.0,0.0,12.6013775,0.0,0.0,0.0,0.0,0.0,0.0,0.0025183097,0.0025183097,0.0025175177,0.0025027124,1.000171,1.0000937,1.0000001,0.0,0.0,0.0,0.0,0.0,0.0
350523923,350333648,3.951617,8.721946,0.891132,1247.8828,2313.8833,0.0,0.0,0.0,0.0,0.0,0.0,0.0,0.0,12.601386,0.0,0.0,0.0,0.0,0.0,0.0,0.0025182895,0.0025182895,0.002517502,0.0025027026,1.000172,1.0000936,1.0000001,0.0,0.0,0.0,0.0,0.0,0.0
351023922,350833648,3.9857697,8.9310255,0.81668705,1305.7201,2438.931,0.0,0.0,0.0,0.0,0.0,0.0,0.0,0.0,12.601072,0.0,0.0,0.0,0.0,0.0,0.0,0.0025182802,0.0025182802,0.002517495,0.0025026943,1.0001734,1.0000938,1.0000001,0.0,0.0,0.0,0.0,0.0,0.0
351523935,351333648,4.1162257,9.269148,0.9483213,1366.4614,2575.9185,0.0,0.0,0.0,0.0,0.0,0.0,0.0,0.0,12.601131,0.0,0.0,0.0,0.0,0.0,0.0,0.0025183002,0.0025183002,0.0025175216,0.002502689,1.0001758,1.000094,1.0000001,0.0,0.0,0.0,0.0,0.0,0.0
352024048,351833648,4.326447,9.6838455,1.2750508,1428.4178,2716.1133,0.0,0.0,0.0,0.0,0.0,0.0,0.0,0.0,12.601187,0.0,0.0,0.0,0.0,0.0,0.0,0.0025182834,0.0025182834,0.0025174993,0.002502692,1.0001775,1.0000943,1.0000001,0.0,0.0,0.0,0.0,0.0,0.0
352524079,352333648,4.40688,9.940142,1.3055818,1492.131,2854.7246,0.0,0.0,0.0,0.0,0.0,0.0,0.0,0.0,12.601236,0.0,0.0,0.0,0.0,0.0,0.0,0.0025182639,0.0025182639,0.0025174844,0.0025026796,1.0001785,1.0000943,1.0000001,0.0,0.0,0.0,0.0,0.0,0.0
353024045,352833648,4.3640594,10.0925,1.0467292,1559.8422,3005.2773,0.0,0.0,0.0,0.0,0.0,0.0,0.0,0.0,12.601618,0.0,0.0,0.0,0.0,0.0,0.0,0.0025182562,0.0025182562,0.0025174776,0.0025026745,1.0001799,1.0000943,1.0000001,0.0,0.0,0.0,0.0,0.0,0.0
353524053,353333648,4.5512486,10.466839,1.3123828,1628.0636,3156.1033,0.0,0.0,0.0,0.0,0.0,0.0,0.0,0.0,12.60166,0.0,0.0,0.0,0.0,0.0,0.0,0.002518257,0.002518257,0.0025174648,0.0025026766,1.0001808,1.0000944,1.0000001,0.0,0.0,0.0,0.0,0.0,0.0
354024078,353833648,4.5207477,10.621477,1.089985,1698.3717,3311.4092,0.0,0.0,0.0,0.0,0.0,0.0,0.0,0.0,12.601696,0.0,0.0,0.0,0.0,0.0,0.0,0.0025182404,0.0025182404,0.0025174473,0.0025026673,1.0001818,1.0000943,1.0000001,0.0,0.0,0.0,0.0,0.0,0.0
354524049,354333648,4.5827756,10.867472,1.0806103,1769.3643,3469.0652,0.0,0.0,0.0,0.0,0.0,0.0,0.0,0.0,12.601383,0.0,0.0,0.0,0.0,0.0,0.0,0.0025182487,0.0025182487,0.0025174709,0.002502616,1.000183,1.000094,1.0000001,0.0,0.0,0.0,0.0,0.0,0.0
355024075,354833648,4.582859,11.0593,0.922427,1844.2045,3635.8408,0.0,0.0,0.0,0.0,0.0,0.0,0.0,0.0,12.601411,0.0,0.0,0.0,0.0,0.0,0.0,0.0025182168,0.0025182168,0.002517437,0.002502608,1.0001839,1.000094,1.0000002,0.0,0.0,0.0,0.0,0.0,0.0
355524045,355333648,4.671198,11.341468,0.962971,1921.3638,3808.5378,0.0,0.0,0.0,0.0,0.0,0.0,0.0,0.0,12.601435,0.0,0.0,0.0,0.0,0.0,0.0,0.0025181875,0.0025181875,0.002517405,0.0025026016,1.0001849,1.0000942,1.0000002,0.0,0.0,0.0,0.0,0.0,0.0
356024053,355833648,4.7765503,11.643712,1.0406312,2000.9515,3987.3672,0.0,0.0,0.0,0.0,0.0,0.0,0.0,0.0,12.601793,0.0,0.0,0.0,0.0,0.0,0.0,0.002518178,0.002518178,0.0025173922,0.002502596,1.0001858,1.0000942,1.0000002,0.0,0.0,0.0,0.0,0.0,0.0
356524044,356333648,4.7306333,11.797652,0.77673894,2082.9724,4172.418,0.0,0.0,0.0,0.0,0.0,0.0,0.0,0.0,12.6018095,0.0,0.0,0.0,0.0,0.0,0.0,0.0025181703,0.0025181703,0.0025173815,0.0025025907,1.0001868,1.0000942,1.0000002,0.0,0.0,0.0,0.0,0.0,0.0
357024061,356833648,4.7329283,12.002797,0.6201681,2167.4856,4363.8525,0.0,0.0,0.0,0.0,0.0,0.0,0.0,0.0,12.601823,0.0,0.0,0.0,0.0,0.0,0.0,0.0025181635,0.0025181635,0.0025173705,0.0025025865,1.0001879,1.0000942,1.0000002,0.0,0.0,0.0,0.0,0.0,0.0
357524086,357333648,4.8385234,12.314234,0.6949826,2254.5598,4561.79,0.0,0.0,0.0,0.0,0.0,0.0,0.0,0.0,12.60117,0.0,0.0,0.0,0.0,0.0,0.0,0.0025181568,0.0025181568,0.0025173605,0.002502583,1.0001888,1.0000943,1.0000002,0.0,0.0,0.0,0.0,0.0,0.0
358024050,357833648,4.8834686,12.567541,0.6318934,2344.189,4766.3228,0.0,0.0,0.0,0.0,0.0,0.0,0.0,0.0,12.601561,0.0,0.0,0.0,0.0,0.0,0.0,0.002518151,0.002518151,0.0025173526,0.0025025778,1.0001897,1.0000942,1.0000002,0.0,0.0,0.0,0.0,0.0,0.0
359024074,358833648,5.0589995,13.1683235,0.694994,2531.4075,5195.8394,0.0,0.0,0.0,0.0,0.0,0.0,0.0,0.0,12.601655,0.0,0.0,0.0,0.0,0.0,0.0,0.0025181426,0.0025181426,0.0025173374,0.0025025695,1.0001917,1.0000943,1.0000002,0.0,0.0,0.0,0.0,0.0,0.0
359524067,359333649,5.107569,13.433598,0.6366471,2629.116,5421.085,0.0,0.0,0.0,0.0,0.0,0.0,0.0,0.0,12.601348,0.0,0.0,0.0,0.0,0.0,0.0,0.0025181565,0.0025181565,0.002517348,0.0025025667,1.0001926,1.0000944,1.0000002,0.0,0.0,0.0,0.0,0.0,0.0
360024051,359833648,0.31507817,0.31526238,0.6699133,8.649615,8.649615,0.0,0.0,0.0,0.0,0.0,0.0,0.0,0.0,12.562266,0.0,0.0,0.0,0.0,0.0,0.0,0.0025180706,0.0025180706,0.002517253,0.0025025578,1.0001912,1.0000938,1.0000002,0.0,0.0,0.0,0.0,0.0,0.0
