timestamp,imbalanced_prop_metric,motor_failure_mask,fd_roll,fd_pitch,fd_alt,fd_ext,fd_arm_escs,fd_battery,fd_imbalanced_prop,fd_motor
199999199,-0.00054208626,0,0,0,0,0,0,0,0,0
200502915,0.010389908,0,0,0,0,0,0,0,0,0
201009893,0.034229737,0,0,0,0,0,0,0,0,0
201516674,0.07258222,0,0,0,0,0,0,0,0,0
202022893,0.08953164,0,0,0,0,0,0,0,0,0
202529894,0.112327345,0,0,0,0,0,0,0,0,0
203036340,0.11821854,0,0,0,0,0,0,0,0,0
203542628,0.12710461,0,0,0,0,0,0,0,0,0
204047915,0.2529028,0,0,0,0,0,0,0,0,0
204554912,0.21676067,0,0,0,0,0,0,0,0,0
205063040,-0.18959562,0,0,0,0,0,0,0,0,0
205569051,-0.06625304,0,0,0,0,0,0,0,0,0
206074894,0.035950717,0,0,0,0,0,0,0,0,0
207087222,-0.053220354,0,0,0,0,0,0,0,0,0
207592893,-0.014351417,0,0,0,0,0,0,0,0,0
208099120,-0.041228883,0,0,0,0,0,0,0,0,0
208604893,-0.027077625,0,0,0,0,0,0,0,0,0
209110915,-0.012827717,0,0,0,0,0,0,0,0,0
209617112,0.035391916,0,0,0,0,0,0,0,0,0
210122907,0.092462815,0,0,0,0,0,0,0,0,0
210629052,0.17410162,0,0,0,0,0,0,0,0,0
211640925,0.5684963,0,0,0,0,0,0,0,0,0
212147172,0.8136406,0,0,0,0,0,0,0,0,0
212654029,0.95329726,0,0,0,0,0,0,0,0,0
213160925,1.1975508,0,0,0,0,0,0,0,0,0
213667893,1.1904304,0,0,0,0,0,0,0,0,0
214174272,1.1103547,0,0,0,0,0,0,0,0,0
214679893,1.1512357,0,0,0,0,0,0,0,0,0
215187227,1.2136241,0,0,0,0,0,0,0,0,0
215692924,1.5325725,0,0,0,0,0,0,0,0,0
216198893,1.9362588,0,0,0,0,0,0,0,0,0
216704897,2.1535912,0,0,0,0,0,0,0,0,0
217210912,2.5001278,0,0,0,0,0,0,0,0,0
217717084,2.9718492,0,0,0,0,0,0,0,0,0
218222922,3.438766,0,0,0,0,0,0,0,0,0
218728892,3.9300492,0,0,0,0,0,0,0,0,0
219234947,4.0275545,0,0,0,0,0,0,0,0,0
219740902,4.1708417,0,0,0,0,0,0,0,0,0
220247167,4.3302145,0,0,0,0,0,0,0,0,0
221258895,4.6723843,0,0,0,0,0,0,0,0,0
221764894,4.437061,0,0,0,0,0,0,0,0,0
222270925,4.4578424,0,0,0,0,0,0,0,0,0
222777112,4.028752,0,0,0,0,0,0,0,0,0
223282926,3.5402474,0,0,0,0,0,0,0,0,0
223788892,3.25639,0,0,0,0,0,0,0,0,0
224294895,2.9361444,0,0,0,0,0,0,0,0,0
224800892,2.6717982,0,0,0,0,0,0,0,0,0
225307216,2.302113,0,0,0,0,0,0,0,0,0
225812892,1.9829581,0,0,0,0,0,0,0,0,0
225879468,1.9085612,0,0,0,0,0,0,0,0,0
226384916,1.7363162,0,0,0,0,0,0,0,0,0
226890909,1.6653601,0,0,0,0,0,0,0,0,0
227397134,1.6962845,0,0,0,0,0,0,0,0,0
227902924,1.7385297,0,0,0,0,0,0,0,0,0
228409051,1.6484498,0,0,0,0,0,0,0,0,0
228914915,1.4749054,0,0,0,0,0,0,0,0,0
229420893,1.446532,0,0,0,0,0,0,0,0,0
229927180,1.2960565,0,0,0,0,0,0,0,0,0
230432894,1.1452415,0,0,0,0,0,0,0,0,0
230939122,1.0187551,0,0,0,0,0,0,0,0,0
231444917,0.93297714,0,0,0,0,0,0,0,0,0
231951073,0.94699216,0,0,0,0,0,0,0,0,0
232457089,0.85393345,0,0,0,0,0,0,0,0,0
232962915,0.69670504,0,0,0,0,0,0,0,0,0
233469052,0.5399604,0,0,0,0,0,0,0,0,0
233974895,0.59010494,0,0,0,0,0,0,0,0,0
234987218,0.38030562,0,0,0,0,0,0,0,0,0
235492896,0.38967255,0,0,0,0,0,0,0,0,0
235999133,0.28072134,0,0,0,0,0,0,0,0,0
236504910,0.19195133,0,0,0,0,0,0,0,0,0
237010930,0.10698521,0,0,0,0,0,0,0,0,0
237517115,0.17496611,0,0,0,0,0,0,0,0,0
238022894,0.13053185,0,0,0,0,0,0,0,0,0
238529933,0.25491822,0,0,0,0,0,0,0,0,0
239036363,0.14897822,0,0,0,0,0,0,0,0,0
239168160,0.14227612,0,0,0,0,0,0,0,0,0
239674005,0.29001707,0,0,0,0,0,0,0,0,0
240179894,0.06408718,0,0,0,0,0,0,0,0,0
240686056,0.003088266,0,0,0,0,0,0,0,0,0
241192438,-0.11133495,0,0,0,0,0,0,0,0,0
241698376,-0.21213311,0,0,0,0,0,0,0,0,0
242204263,-0.32072103,0,0,0,0,0,0,0,0,0
242709893,-0.42472175,0,0,0,0,0,0,0,0,0
243216139,-0.46421263,0,0,0,0,0,0,0,0,0
243722432,-0.42624655,0,0,0,0,0,0,0,0,0
244228194,-0.25560468,0,0,0,0,0,0,0,0,0
244734297,-0.07971362,0,0,0,0,0,0,0,0,0
245239893,0.1300044,0,0,0,0,0,0,0,0,0
245746089,0.037157673,0,0,0,0,0,0,0,0,0
246252512,-0.06772953,0,0,0,0,0,0,0,0,0
246758415,0.090070784,0,0,0,0,0,0,0,0,0
247264096,0.0007745975,0,0,0,0,0,0,0,0,0
247769904,-0.072862074,0,0,0,0,0,0,0,0,0
248276362,-0.17485014,0,0,0,0,0,0,0,0,0
248782648,-0.3203439,0,0,0,0,0,0,0,0,0
249288184,-0.29971063,0,0,0,0,0,0,0,0,0
249794030,-0.31810158,0,0,0,0,0,0,0,0,0
250299893,-0.3307454,0,0,0,0,0,0,0,0,0
250806044,-0.3505476,0,0,0,0,0,0,0,0,0
251312510,-0.35515478,0,0,0,0,0,0,0,0,0
251819119,-0.36401185,0,0,0,0,0,0,0,0,0
252324893,-0.34706596,0,0,0,0,0,0,0,0,0
252830894,-0.4171695,0,0,0,0,0,0,0,0,0
253337119,-0.3076176,0,0,0,0,0,0,0,0,0
253842892,-0.2330163,0,0,0,0,0,0,0,0,0
254349090,-0.27762046,0,0,0,0,0,0,0,0,0
254854936,-0.13634038,0,0,0,0,0,0,0,0,0
255362685,0.12899368,0,0,0,0,0,0,0,0,0
255867893,0.4358689,0,0,0,0,0,0,0,0,0
256374000,0.4341466,0,0,0,0,0,0,0,0,0
257386047,0.46733728,0,0,0,0,0,0,0,0,0
257892453,0.4330926,0,0,0,0,0,0,0,0,0
258397891,0.64045876,0,0,0,0,0,0,0,0,0
258904085,0.4801945,0,0,0,0,0,0,0,0,0
259409892,0.42679557,0,0,0,0,0,0,0,0,0
259917088,0.3203525,0,0,0,0,0,0,0,0,0
260422893,0.33441764,0,0,0,0,0,0,0,0,0
260929073,0.42521283,0,0,0,0,0,0,0,0,0
261434893,0.35025024,0,0,0,0,0,0,0,0,0
261940905,0.18398686,0,0,0,0,0,0,0,0,0
262447207,0.24279007,0,0,0,0,0,0,0,0,0
262954061,0.16629487,0,0,0,0,0,0,0,0,0
263460232,0.14839333,0,0,0,0,0,0,0,0,0
263966099,0.1389095,0,0,0,0,0,0,0,0,0
264472420,0.32432246,0,0,0,0,0,0,0,0,0
264977912,0.16811566,0,0,0,0,0,0,0,0,0
265484108,0.10166375,0,0,0,0,0,0,0,0,0
265990116,0.11104994,0,0,0,0,0,0,0,0,0
266496170,0.22865792,0,0,0,0,0,0,0,0,0
267002513,0.14289188,0,0,0,0,0,0,0,0,0
267508912,-0.13008067,0,0,0,0,0,0,0,0,0
268014912,-0.23907423,0,0,0,0,0,0,0,0,0
268521082,-0.21422324,0,0,0,0,0,0,0,0,0
269027253,-0.26901373,0,0,0,0,0,0,0,0,0
269532908,-0.16688195,0,0,0,0,0,0,0,0,0
270038912,-0.23754811,0,0,0,0,0,0,0,0,0
270544911,-0.2685119,0,0,0,0,0,0,0,0,0
271051171,-0.29881248,0,0,0,0,0,0,0,0,0
272062911,-0.36609924,0,0,0,0,0,0,0,0,0
272568911,-0.34717944,0,0,0,0,0,0,0,0,0
273074912,-0.25500488,0,0,0,0,0,0,0,0,0
273581071,-0.34240833,0,0,0,0,0,0,0,0,0
274087182,-0.2666807,0,0,0,0,0,0,0,0,0
274592909,-0.23347314,0,0,0,0,0,0,0,0,0
275098929,-0.36264178,0,0,0,0,0,0,0,0,0
275604946,-0.3602636,0,0,0,0,0,0,0,0,0
276111303,-0.31860426,0,0,0,0,0,0,0,0,0
276617101,-0.24471383,0,0,0,0,0,0,0,0,0
277122912,-0.07699255,0,0,0,0,0,0,0,0,0
277628911,0.16317217,0,0,0,0,0,0,0,0,0
278134948,0.20920391,0,0,0,0,0,0,0,0,0
278641095,0.29511163,0,0,0,0,0,0,0,0,0
279147241,0.46886146,0,0,0,0,0,0,0,0,0
279652916,0.49865562,0,0,0,0,0,0,0,0,0
280158913,0.5051714,0,0,0,0,0,0,0,0,0
280664951,0.7941056,0,0,0,0,0,0,0,0,0
281171201,1.0456178,0,0,0,0,0,0,0,0,0
281677187,1.1811987,0,0,0,0,0,0,0,0,0
282182911,1.4325998,0,0,0,0,0,0,0,0,0
282688914,1.641212,0,0,0,0,0,0,0,0,0
283194912,1.7029842,0,0,0,0,0,0,0,0,0
283701071,2.1630256,0,0,0,0,0,0,0,0,0
284207214,3.153437,0,0,0,0,0,0,0,0,0
284712911,3.5396643,0,0,0,0,0,0,0,0,0
285218911,3.6869743,0,0,0,0,0,0,0,0,0
285724950,3.9868722,0,0,0,0,0,0,0,0,0
286231168,3.9485781,0,0,0,0,0,0,0,0,0
286737111,4.0924935,0,0,0,0,0,0,0,0,0
287242911,4.137715,0,0,0,0,0,0,0,0,0
287748913,4.3346624,0,0,0,0,0,0,0,0,0
288254914,4.264522,0,0,0,0,0,0,0,0,0
288761133,4.2272997,0,0,0,0,0,0,0,0,0
289267180,3.8997467,0,0,0,0,0,0,0,0,0
289751391,3.894792,0,0,0,0,0,0,0,0,0
289762802,3.9475982,0,0,0,0,0,0,0,0,0
289773206,3.9475982,0,0,0,0,0,0,0,0,0
289883291,3.9794118,0,0,0,0,0,0,0,0,0
289982706,3.933973,0,0,0,0,0,0,0,0,0
290081089,4.086253,0,0,0,0,0,0,0,0,0
290180115,4.1055474,0,0,0,0,0,0,0,0,0
290279177,4.0728846,0,0,0,0,0,0,0,0,0
290378394,4.0728846,0,0,0,0,0,0,0,0,0
290477293,3.9514868,0,0,0,0,0,0,0,0,0
290576353,3.8653455,0,0,0,0,0,0,0,0,0
290675191,3.7981298,0,0,0,0,0,0,0,0,0
290774258,3.7024918,0,0,0,0,0,0,0,0,0
290873217,3.580971,0,0,0,0,0,0,0,0,0
290983336,3.5158753,0,0,0,0,0,0,0,0,0
291082653,3.4127321,0,0,0,0,0,0,0,0,0
291181080,3.3387167,0,0,0,0,0,0,0,0,0
291280117,3.2272615,0,0,0,0,0,0,0,0,0
291379141,3.1776993,0,0,0,0,0,0,0,0,0
291478374,3.1181839,0,0,0,0,0,0,0,0,0
291577300,3.0788972,0,0,0,0,0,0,0,0,0
291676380,3.010478,0,0,0,0,0,0,0,0,0
291775240,2.933979,0,0,0,0,0,0,0,0,0
291874264,2.8933847,0,0,0,0,0,0,0,0,0
291984508,2.7786946,0,0,0,0,0,0,0,0,0
292083315,2.7482169,0,0,0,0,0,0,0,0,0
292182861,2.7694862,0,0,0,0,0,0,0,0,0
292282678,2.7807238,0,0,0,0,0,0,0,0,0
292381061,2.8193424,0,0,0,0,0,0,0,0,0
292480098,2.7756116,0,0,0,0,0,0,0,0,0
292579121,2.8222277,0,0,0,0,0,0,0,0,0
292678344,2.7984862,0,0,0,0,0,0,0,0,0
292876326,2.844603,0,0,0,0,0,0,0,0,0
292975239,2.8797085,0,0,0,0,0,0,0,0,0
293074245,2.8338144,0,0,0,0,0,0,0,0,0
293173195,2.8338144,0,0,0,0,0,0,0,0,0
293283312,2.860878,0,0,0,0,0,0,0,0,0
293371332,2.860878,0,0,0,0,0,0,0,0,0
293481055,2.8817806,0,0,0,0,0,0,0,0,0
293580120,2.823212,0,0,0,0,0,0,0,0,0
293679121,2.8402827,0,0,0,0,0,0,0,0,0
293778365,2.8570206,0,0,0,0,0,0,0,0,0
293877322,2.803136,0,0,0,0,0,0,0,0,0
293976349,2.7097085,0,0,0,0,0,0,0,0,0
294075207,2.6168275,0,0,0,0,0,0,0,0,0
294174302,2.5789766,0,0,0,0,0,0,0,0,0
294284256,2.5347407,0,0,0,0,0,0,0,0,0
294383278,2.4447305,0,0,0,0,0,0,0,0,0
294482630,2.368928,0,0,0,0,0,0,0,0,0
294680095,2.272915,0,0,0,0,0,0,0,0,0
294779120,2.262057,0,0,0,0,0,0,0,0,0
294878373,2.2538455,0,0,0,0,0,0,0,0,0
294977240,2.182703,0,0,0,0,0,0,0,0,0
295076319,2.107137,0,0,0,0,0,0,0,0,0
295175173,2.0535758,0,0,0,0,0,0,0,0,0
295274275,2.0022807,0,0,0,0,0,0,0,0,0
295373206,1.9526147,0,0,0,0,0,0,0,0,0
295483315,1.9025749,0,0,0,0,0,0,0,0,0
295582679,1.8584392,0,0,0,0,0,0,0,0,0
295681077,1.7955035,0,0,0,0,0,0,0,0,0
295780135,1.7029674,0,0,0,0,0,0,0,0,0
295879124,1.6397432,0,0,0,0,0,0,0,0,0
295978362,1.5761317,0,0,0,0,0,0,0,0,0
296077283,1.5761317,0,0,0,0,0,0,0,0,0
296275199,1.4660496,0,0,0,0,0,0,0,0,0
296374216,1.4433434,0,0,0,0,0,0,0,0,0
296583317,1.5809139,0,0,0,0,0,0,0,0,0
296682823,1.5513834,0,0,0,0,0,0,0,0,0
296781066,1.6435312,0,0,0,0,0,0,0,0,0
296880113,1.7727435,0,0,0,0,0,0,0,0,0
296979180,1.7874943,0,0,0,0,0,0,0,0,0
297078412,1.747092,0,0,0,0,0,0,0,0,0
297177277,1.7766093,0,0,0,0,0,0,0,0,0
297276366,1.8006196,0,0,0,0,0,0,0,0,0
297375380,1.8930082,0,0,0,0,0,0,0,0,0
297474614,1.9217575,0,0,0,0,0,0,0,0,0
297573246,1.9865015,0,0,0,0,0,0,0,0,0
297683275,1.9700722,0,0,0,0,0,0,0,0,0
297782634,2.1490872,0,0,0,0,0,0,0,0,0
297881056,2.2574973,0,0,0,0,0,0,0,0,0
298079117,2.4116902,0,0,0,0,0,0,0,0,0
298178349,2.5484576,0,0,0,0,0,0,0,0,0
298277308,2.6310492,0,0,0,0,0,0,0,0,0
298377310,2.7882037,0,0,0,0,0,0,0,0,0
298476778,2.9903069,0,0,0,0,0,0,0,0,0
298575202,3.1183658,0,0,0,0,0,0,0,0,0
298674241,3.199938,0,0,0,0,0,0,0,0,0
298773238,3.3654406,0,0,0,0,0,0,0,0,0
298883287,3.5468254,0,0,0,0,0,0,0,0,0
298982579,3.6003323,0,0,0,0,0,0,0,0,0
299081073,3.6003323,0,0,0,0,0,0,0,0,0
299180120,3.7428527,0,0,0,0,0,0,0,0,0
299279136,3.9131572,0,0,0,0,0,0,0,0,0
299378360,4.1447525,0,0,0,0,0,0,0,0,0
299477280,4.35337,0,0,0,0,0,0,0,0,0
299576287,4.544817,0,0,0,0,0,0,0,0,0
299675175,4.6258793,0,0,0,0,0,0,0,0,0
299774217,4.8485928,0,0,0,0,0,0,0,0,0
299873158,4.925224,0,0,0,0,0,0,0,0,0
299983268,5.041559,0,0,0,0,0,0,0,0,0
300082633,5.203557,0,0,0,0,0,0,0,0,0
300181052,5.2593513,0,0,0,0,0,0,0,0,0
300280134,5.4600997,0,0,0,0,0,0,0,0,0
300379144,5.601687,0,0,0,0,0,0,0,0,0
300478327,5.6799607,0,0,0,0,0,0,0,0,0
300577291,5.7785397,0,0,0,0,0,0,0,0,0
300676313,5.8312106,0,0,0,0,0,0,0,0,0
300775172,5.853569,0,0,0,0,0,0,0,0,0
300874446,5.9046526,0,0,0,0,0,0,0,0,0
300973192,5.935256,0,0,0,0,0,0,0,0,0
301083316,5.879949,0,0,0,0,0,0,0,0,0
301182734,5.955926,0,0,0,0,0,0,0,0,0
301281085,6.002759,0,0,0,0,0,0,0,0,0
301380096,6.0729284,0,0,0,0,0,0,0,0,0
301479135,6.1429486,0,0,0,0,0,0,0,0,0
301578346,6.272777,0,0,0,0,0,0,0,0,0
301677516,6.2703023,0,0,0,0,0,0,0,0,0
301776317,6.3539667,0,0,0,0,0,0,0,0,0
301875203,6.366454,0,0,0,0,0,0,0,0,0
301974617,6.4150205,0,0,0,0,0,0,0,0,0
302073202,6.4150205,0,0,0,0,0,0,0,0,0
302183297,6.5896144,0,0,0,0,0,0,0,0,0
302282735,6.5896144,0,0,0,0,0,0,0,0,0
302381054,6.647655,0,0,0,0,0,0,0,0,0
302480095,6.7108088,0,0,0,0,0,0,0,0,0
302777268,6.7406864,0,0,0,0,0,0,0,0,0
302876428,6.713701,0,0,0,0,0,0,0,0,0
302975159,6.792639,0,0,0,0,0,0,0,0,0
303074471,6.818065,0,0,0,0,0,0,0,0,0
303173189,6.925743,0,0,0,0,0,0,0,0,0
303283321,7.0594974,0,0,0,0,0,0,0,0,0
303382595,6.9979277,0,0,0,0,0,0,0,0,0
303481063,7.071995,0,0,0,0,0,0,0,0,0
303580096,7.2120595,0,0,0,0,0,0,0,0,0
303679118,7.2369127,0,0,0,0,0,0,0,0,0
303778330,7.2953367,0,0,0,0,0,0,0,0,0
303877283,7.4536576,0,0,0,0,0,0,0,0,0
303976509,7.46709,0,0,0,0,0,0,0,0,0
304075278,7.4944625,0,0,0,0,0,0,0,0,0
304174213,7.5816684,0,0,0,0,0,0,0,0,0
304273164,7.64925,0,0,0,0,0,0,0,0,0
304383275,7.6248345,0,0,0,0,0,0,0,0,0
304582654,7.644936,0,0,0,0,0,0,0,0,0
304681068,7.6942368,0,0,0,0,0,0,0,0,0
304780096,7.6942368,0,0,0,0,0,0,0,0,0
304879121,7.6916924,0,0,0,0,0,0,0,0,0
304978342,7.6137533,0,0,0,0,0,0,0,0,0
305077289,7.5901456,0,0,0,0,0,0,0,0,0
305176368,7.5172925,0,0,0,0,0,0,0,0,0
305275173,7.528603,0,0,0,0,0,0,0,0,0
305374261,7.6183453,0,0,0,0,0,0,0,0,0
305473198,7.654349,0,0,0,0,0,0,0,0,0
305583348,7.5716004,0,0,0,0,0,0,0,0,0
305682653,7.5110717,0,0,0,0,0,0,0,0,0
305781053,7.554804,0,0,0,0,0,0,0,0,0
305880116,7.5845695,0,0,0,0,0,0,0,0,0
305979116,7.575852,0,0,0,0,0,0,0,0,0
306276373,7.7268662,0,0,0,0,0,0,0,0,0
306375197,7.8246546,0,0,0,0,0,0,0,0,0
306474308,7.857844,0,0,0,0,0,0,0,0,0
306573231,7.770075,0,0,0,0,0,0,0,0,0
306683313,7.787641,0,0,0,0,0,0,0,0,0
306782581,7.853079,0,0,0,0,0,0,0,0,0
306881059,7.7942843,0,0,0,0,0,0,0,0,0
306980099,7.7058473,0,0,0,0,0,0,0,0,0
307079119,7.7505274,0,0,0,0,0,0,0,0,0
307178366,7.772383,0,0,0,0,0,0,0,0,0
307277247,7.7067246,0,0,0,0,0,0,0,0,0
307376676,7.7067246,0,0,0,0,0,0,0,0,0
307475173,7.66984,0,0,0,0,0,0,0,0,0
307574243,7.805672,0,0,0,0,0,0,0,0,0
307673157,8.079921,0,0,0,0,0,0,0,0,0
307783296,8.138888,0,0,0,0,0,0,0,0,0
307882702,8.137542,0,0,0,0,0,0,0,0,0
308080098,7.9859905,0,0,0,0,0,0,0,0,0
308179120,7.863699,0,0,0,0,0,0,0,0,0
308289055,7.739808,0,0,0,0,0,0,0,0,0
308796116,7.696156,0,0,0,0,0,0,0,0,0
309302493,7.9242096,0,0,0,0,0,0,0,0,0
309807892,8.718056,0,0,0,0,0,0,0,0,0
310270117,8.715416,0,0,0,0,0,0,0,0,0
310776374,8.486314,0,0,0,0,0,0,0,0,0
311282455,7.9086623,0,0,0,0,0,0,0,0,0
311787892,7.313023,0,0,0,0,0,0,0,0,0
312293999,6.796459,0,0,0,0,0,0,0,0,0
312800101,6.3512535,0,0,0,0,0,0,0,0,0
313306074,6.099126,0,0,0,0,0,0,0,0,0
313812519,5.674252,0,0,0,0,0,0,0,0,0
314317892,5.285133,0,0,0,0,0,0,0,0,0
314824081,4.887941,0,0,0,0,0,0,0,0,0
315330093,4.5064106,0,0,0,0,0,0,0,0,0
315836120,4.141823,0,0,0,0,0,0,0,0,0
316342523,3.8172095,0,0,0,0,0,0,0,0,0
316430398,3.8172095,0,0,0,0,0,0,0,0,0
316441172,3.7317476,0,0,0,0,0,0,0,0,0
316474260,3.7317476,0,0,0,0,0,0,0,0,0
316573197,3.7198002,0,0,0,0,0,0,0,0,0
316683275,3.7134562,0,0,0,0,0,0,0,0,0
316782805,3.6963131,0,0,0,0,0,0,0,0,0
316881065,3.667481,0,0,0,0,0,0,0,0,0
316980098,3.6261835,0,0,0,0,0,0,0,0,0
317079188,3.5895934,0,0,0,0,0,0,0,0,0
317178421,3.547683,0,0,0,0,0,0,0,0,0
317277273,3.5449886,0,0,0,0,0,0,0,0,0
317376341,3.5216434,0,0,0,0,0,0,0,0,0
317475195,3.5216434,0,0,0,0,0,0,0,0,0
317673450,3.538066,0,0,0,0,0,0,0,0,0
317772713,3.522202,0,0,0,0,0,0,0,0,0
317882683,3.5468717,0,0,0,0,0,0,0,0,0
317981061,3.614403,0,0,0,0,0,0,0,0,0
318080121,3.6359453,0,0,0,0,0,0,0,0,0
318179125,3.5925972,0,0,0,0,0,0,0,0,0
318278331,3.580305,0,0,0,0,0,0,0,0,0
318377313,3.5946174,0,0,0,0,0,0,0,0,0
318476308,3.6256654,0,0,0,0,0,0,0,0,0
318575179,3.655145,0,0,0,0,0,0,0,0,0
318674279,3.696308,0,0,0,0,0,0,0,0,0
318784255,3.7235916,0,0,0,0,0,0,0,0,0
318883328,3.6156752,0,0,0,0,0,0,0,0,0
318982610,3.5826817,0,0,0,0,0,0,0,0,0
319081062,3.5876963,0,0,0,0,0,0,0,0,0
319180099,3.521527,0,0,0,0,0,0,0,0,0
319279121,3.4597974,0,0,0,0,0,0,0,0,0
319378330,3.314867,0,0,0,0,0,0,0,0,0
319477261,3.304456,0,0,0,0,0,0,0,0,0
319576320,3.3018498,0,0,0,0,0,0,0,0,0
319675187,3.3560922,0,0,0,0,0,0,0,0,0
319774569,3.306669,0,0,0,0,0,0,0,0,0
319873292,3.2893908,0,0,0,0,0,0,0,0,0
319983297,3.3320844,0,0,0,0,0,0,0,0,0
320082671,3.2781386,0,0,0,0,0,0,0,0,0
320181074,3.423535,0,0,0,0,0,0,0,0,0
320280098,3.4292364,0,0,0,0,0,0,0,0,0
320379121,3.4292364,0,0,0,0,0,0,0,0,0
320478341,3.450219,0,0,0,0,0,0,0,0,0
320577316,3.4947193,0,0,0,0,0,0,0,0,0
320676359,3.6794164,0,0,0,0,0,0,0,0,0
320775198,3.7855632,0,0,0,0,0,0,0,0,0
320874247,3.8388748,0,0,0,0,0,0,0,0,0
320973326,4.0200152,0,0,0,0,0,0,0,0,0
321072691,4.1782737,0,0,0,0,0,0,0,0,0
321182612,4.3657966,0,0,0,0,0,0,0,0,0
321281072,4.5297813,0,0,0,0,0,0,0,0,0
321380111,4.661209,0,0,0,0,0,0,0,0,0
321479128,4.819198,0,0,0,0,0,0,0,0,0
321578365,4.8519764,0,0,0,0,0,0,0,0,0
321677339,4.9051347,0,0,0,0,0,0,0,0,0
321776510,4.8617606,0,0,0,0,0,0,0,0,0
321875179,4.8935733,0,0,0,0,0,0,0,0,0
321974254,4.96176,0,0,0,0,0,0,0,0,0
322073287,4.9398355,0,0,0,0,0,0,0,0,0
322183290,4.8971634,0,0,0,0,0,0,0,0,0
322282628,4.9110575,0,0,0,0,0,0,0,0,0
322381053,4.884184,0,0,0,0,0,0,0,0,0
322480097,4.904812,0,0,0,0,0,0,0,0,0
322579118,4.961368,0,0,0,0,0,0,0,0,0
322678391,4.957014,0,0,0,0,0,0,0,0,0
322777292,4.980991,0,0,0,0,0,0,0,0,0
322876309,4.980991,0,0,0,0,0,0,0,0,0
322975172,5.0440683,0,0,0,0,0,0,0,0,0
323074224,4.9957337,0,0,0,0,0,0,0,0,0
323173335,4.914482,0,0,0,0,0,0,0,0,0
323283346,4.869089,0,0,0,0,0,0,0,0,0
323382671,4.8638425,0,0,0,0,0,0,0,0,0
323481066,4.779724,0,0,0,0,0,0,0,0,0
323580097,4.69049,0,0,0,0,0,0,0,0,0
323679134,4.5961633,0,0,0,0,0,0,0,0,0
323778374,4.4872966,0,0,0,0,0,0,0,0,0
323877322,4.393112,0,0,0,0,0,0,0,0,0
323976345,4.284393,0,0,0,0,0,0,0,0,0
324075197,4.1927977,0,0,0,0,0,0,0,0,0
324383273,3.8641248,0,0,0,0,0,0,0,0,0
324482688,3.7458124,0,0,0,0,0,0,0,0,0
324581062,3.6409817,0,0,0,0,0,0,0,0,0
324680117,3.529087,0,0,0,0,0,0,0,0,0
324779147,3.4442427,0,0,0,0,0,0,0,0,0
324878368,3.3659952,0,0,0,0,0,0,0,0,0
324977259,3.2784057,0,0,0,0,0,0,0,0,0
325076327,3.186656,0,0,0,0,0,0,0,0,0
325175219,3.1065707,0,0,0,0,0,0,0,0,0
325274250,2.998689,0,0,0,0,0,0,0,0,0
325373280,2.9055133,0,0,0,0,0,0,0,0,0
325483289,2.8041162,0,0,0,0,0,0,0,0,0
325582620,2.728512,0,0,0,0,0,0,0,0,0
325681080,2.638263,0,0,0,0,0,0,0,0,0
325780097,2.638263,0,0,0,0,0,0,0,0,0
325879121,2.5563526,0,0,0,0,0,0,0,0,0
325978318,2.4929802,0,0,0,0,0,0,0,0,0
326077295,2.4184225,0,0,0,0,0,0,0,0,0
326176328,2.3468504,0,0,0,0,0,0,0,0,0
326275172,2.2577722,0,0,0,0,0,0,0,0,0
326374243,2.206092,0,0,0,0,0,0,0,0,0
326473267,2.136758,0,0,0,0,0,0,0,0,0
326583274,2.0699902,0,0,0,0,0,0,0,0,0
326682752,2.0283961,0,0,0,0,0,0,0,0,0
326781057,1.960731,0,0,0,0,0,0,0,0,0
326880097,1.8520702,0,0,0,0,0,0,0,0,0
326979123,1.7882183,0,0,0,0,0,0,0,0,0
327078403,1.7722943,0,0,0,0,0,0,0,0,0
327177319,1.7236465,0,0,0,0,0,0,0,0,0
327276343,1.6567384,0,0,0,0,0,0,0,0,0
327375197,1.6005052,0,0,0,0,0,0,0,0,0
327474314,1.5650885,0,0,0,0,0,0,0,0,0
327573227,1.5028251,0,0,0,0,0,0,0,0,0
327672764,1.4898974,0,0,0,0,0,0,0,0,0
327782626,1.4801478,0,0,0,0,0,0,0,0,0
327881071,1.4402903,0,0,0,0,0,0,0,0,0
327980128,1.4252741,0,0,0,0,0,0,0,0,0
328079146,1.3301482,0,0,0,0,0,0,0,0,0
328178390,1.254775,0,0,0,0,0,0,0,0,0
328277310,1.1610082,0,0,0,0,0,0,0,0,0
328376326,1.1610082,0,0,0,0,0,0,0,0,0
328475180,1.1566901,0,0,0,0,0,0,0,0,0
328574247,1.1367319,0,0,0,0,0,0,0,0,0
328673268,1.1070489,0,0,0,0,0,0,0,0,0
328783308,1.0368286,0,0,0,0,0,0,0,0,0
328882670,0.98691607,0,0,0,0,0,0,0,0,0
328981066,0.8959706,0,0,0,0,0,0,0,0,0
329080122,0.8543334,0,0,0,0,0,0,0,0,0
329278332,0.75465494,0,0,0,0,0,0,0,0,0
329476383,0.7262652,0,0,0,0,0,0,0,0,0
329575169,0.6961831,0,0,0,0,0,0,0,0,0
329674272,0.6187245,0,0,0,0,0,0,0,0,0
329773227,0.5682987,0,0,0,0,0,0,0,0,0
329883313,0.5151388,0,0,0,0,0,0,0,0,0
329982707,0.47823822,0,0,0,0,0,0,0,0,0
330081076,0.48243022,0,0,0,0,0,0,0,0,0
330180103,0.45138043,0,0,0,0,0,0,0,0,0
330279120,0.4391325,0,0,0,0,0,0,0,0,0
330378341,0.46304455,0,0,0,0,0,0,0,0,0
330477316,0.41515177,0,0,0,0,0,0,0,0,0
330576359,0.39324683,0,0,0,0,0,0,0,0,0
330675206,0.37815824,0,0,0,0,0,0,0,0,0
330774640,0.34536564,0,0,0,0,0,0,0,0,0
330873240,0.34536564,0,0,0,0,0,0,0,0,0
330983297,0.3952218,0,0,0,0,0,0,0,0,0
331082609,0.3952218,0,0,0,0,0,0,0,0,0
331170096,0.43521625,0,0,0,0,0,0,0,0,0
331280103,0.42526653,0,0,0,0,0,0,0,0,0
331379132,0.43261737,0,0,0,0,0,0,0,0,0
331478360,0.43802893,0,0,0,0,0,0,0,0,0
331577282,0.42804378,0,0,0,0,0,0,0,0,0
331676357,0.4430143,0,0,0,0,0,0,0,0,0
331775177,0.4190863,0,0,0,0,0,0,0,0,0
331874284,0.38446575,0,0,0,0,0,0,0,0,0
331973460,0.3291623,0,0,0,0,0,0,0,0,0
332083295,0.2727341,0,0,0,0,0,0,0,0,0
332182692,0.25848648,0,0,0,0,0,0,0,0,0
332281076,0.2782403,0,0,0,0,0,0,0,0,0
332380097,0.23543394,0,0,0,0,0,0,0,0,0
332479120,0.22233175,0,0,0,0,0,0,0,0,0
332578254,0.22042549,0,0,0,0,0,0,0,0,0
332677621,0.2284367,0,0,0,0,0,0,0,0,0
332776697,0.23581143,0,0,0,0,0,0,0,0,0
332875205,0.22709431,0,0,0,0,0,0,0,0,0
332974561,0.22931977,0,0,0,0,0,0,0,0,0
333084633,0.20618384,0,0,0,0,0,0,0,0,0
333183344,0.20214377,0,0,0,0,0,0,0,0,0
333283450,0.18113528,0,0,0,0,0,0,0,0,0
333382587,0.17697157,0,0,0,0,0,0,0,0,0
333481082,0.21035317,0,0,0,0,0,0,0,0,0
333581063,0.21035317,0,0,0,0,0,0,0,0,0
333680094,0.2751725,0,0,0,0,0,0,0,0,0
333779143,0.29817542,0,0,0,0,0,0,0,0,0
333878376,0.3351867,0,0,0,0,0,0,0,0,0
333977242,0.36813995,0,0,0,0,0,0,0,0,0
334076403,0.35598543,0,0,0,0,0,0,0,0,0
334175194,0.32038546,0,0,0,0,0,0,0,0,0
334274537,0.3151341,0,0,0,0,0,0,0,0,0
334384467,0.33419797,0,0,0,0,0,0,0,0,0
334483308,0.28894788,0,0,0,0,0,0,0,0,0
334582651,0.18610431,0,0,0,0,0,0,0,0,0
334681074,0.1807155,0,0,0,0,0,0,0,0,0
334780095,0.14475828,0,0,0,0,0,0,0,0,0
334879120,0.09099666,0,0,0,0,0,0,0,0,0
334978323,0.11984754,0,0,0,0,0,0,0,0,0
335077316,0.09471339,0,0,0,0,0,0,0,0,0
335176333,0.09225027,0,0,0,0,0,0,0,0,0
335275206,0.14757296,0,0,0,0,0,0,0,0,0
335375173,0.1516211,0,0,0,0,0,0,0,0,0
335474217,0.14450385,0,0,0,0,0,0,0,0,0
335584481,0.2066775,0,0,0,0,0,0,0,0,0
335782851,0.25895783,0,0,0,0,0,0,0,0,0
335882593,0.22549471,0,0,0,0,0,0,0,0,0
335981060,0.2735655,0,0,0,0,0,0,0,0,0
336080148,0.27105483,0,0,0,0,0,0,0,0,0
336179122,0.3309538,0,0,0,0,0,0,0,0,0
336279119,0.40974593,0,0,0,0,0,0,0,0,0
336378338,0.494036,0,0,0,0,0,0,0,0,0
336477303,0.494036,0,0,0,0,0,0,0,0,0
336576364,0.58091515,0,0,0,0,0,0,0,0,0
336675215,0.5491454,0,0,0,0,0,0,0,0,0
336774242,0.59427273,0,0,0,0,0,0,0,0,0
336884469,0.6024529,0,0,0,0,0,0,0,0,0
336983310,0.67244786,0,0,0,0,0,0,0,0,0
337082731,0.7083109,0,0,0,0,0,0,0,0,0
337181062,0.749442,0,0,0,0,0,0,0,0,0
337280097,0.7543326,0,0,0,0,0,0,0,0,0
337379132,0.7773948,0,0,0,0,0,0,0,0,0
337478327,0.80314386,0,0,0,0,0,0,0,0,0
337577288,0.834463,0,0,0,0,0,0,0,0,0
337676427,0.88659036,0,0,0,0,0,0,0,0,0
337775172,0.82318187,0,0,0,0,0,0,0,0,0
337874216,0.81044626,0,0,0,0,0,0,0,0,0
337973198,0.83341527,0,0,0,0,0,0,0,0,0
338083295,0.83970684,0,0,0,0,0,0,0,0,0
338182631,0.86510366,0,0,0,0,0,0,0,0,0
338281052,0.827323,0,0,0,0,0,0,0,0,0
338380097,0.7381244,0,0,0,0,0,0,0,0,0
338479119,0.67008346,0,0,0,0,0,0,0,0,0
338578359,0.6321082,0,0,0,0,0,0,0,0,0
338677306,0.5488626,0,0,0,0,0,0,0,0,0
338776332,0.51703644,0,0,0,0,0,0,0,0,0
338875209,0.4434725,0,0,0,0,0,0,0,0,0
339084434,0.33229706,0,0,0,0,0,0,0,0,0
339282753,0.299012,0,0,0,0,0,0,0,0,0
339381062,0.21070482,0,0,0,0,0,0,0,0,0
339480097,0.08535715,0,0,0,0,0,0,0,0,0
339579138,0.0009949969,0,0,0,0,0,0,0,0,0
339678380,-0.15968432,0,0,0,0,0,0,0,0,0
339777272,-0.32252195,0,0,0,0,0,0,0,0,0
339876352,-0.46224874,0,0,0,0,0,0,0,0,0
339975228,-0.520131,0,0,0,0,0,0,0,0,0
340074649,-0.5213802,0,0,0,0,0,0,0,0,0
340173185,-0.5627968,0,0,0,0,0,0,0,0,0
340283284,-0.57766676,0,0,0,0,0,0,0,0,0
340382764,-0.6812239,0,0,0,0,0,0,0,0,0
340481057,-0.69090986,0,0,0,0,0,0,0,0,0
340580118,-0.66245884,0,0,0,0,0,0,0,0,0
340778354,-0.64900357,0,0,0,0,0,0,0,0,0
340877318,-0.64653677,0,0,0,0,0,0,0,0,0
340977304,-0.6293918,0,0,0,0,0,0,0,0,0
341076724,-0.60601974,0,0,0,0,0,0,0,0,0
341175200,-0.60637003,0,0,0,0,0,0,0,0,0
341274476,-0.6169771,0,0,0,0,0,0,0,0,0
341384527,-0.64282376,0,0,0,0,0,0,0,0,0
341472826,-0.67803323,0,0,0,0,0,0,0,0,0
341582702,-0.71482044,0,0,0,0,0,0,0,0,0
341670108,-0.72152996,0,0,0,0,0,0,0,0,0
341780116,-0.72758377,0,0,0,0,0,0,0,0,0
341879135,-0.7734476,0,0,0,0,0,0,0,0,0
341978332,-0.8294738,0,0,0,0,0,0,0,0,0
342077295,-0.8792485,0,0,0,0,0,0,0,0,0
342176406,-0.9189229,0,0,0,0,0,0,0,0,0
342275191,-0.973151,0,0,0,0,0,0,0,0,0
342374255,-0.9801553,0,0,0,0,0,0,0,0,0
342473189,-0.9801553,0,0,0,0,0,0,0,0,0
342583265,-1.0486947,0,0,0,0,0,0,0,0,0
342682723,-1.0988803,0,0,0,0,0,0,0,0,0
342781052,-1.0988803,0,0,0,0,0,0,0,0,0
342881080,-1.1342273,0,0,0,0,0,0,0,0,0
342980095,-1.189681,0,0,0,0,0,0,0,0,0
343079170,-1.2498136,0,0,0,0,0,0,0,0,0
343178331,-1.312415,0,0,0,0,0,0,0,0,0
343277244,-1.3650995,0,0,0,0,0,0,0,0,0
343376344,-1.4258224,0,0,0,0,0,0,0,0,0
343475178,-1.4937004,0,0,0,0,0,0,0,0,0
343574577,-1.5744241,0,0,0,0,0,0,0,0,0
343673210,-1.6401362,0,0,0,0,0,0,0,0,0
343783290,-1.6776625,0,0,0,0,0,0,0,0,0
343882739,-1.7288553,0,0,0,0,0,0,0,0,0
343981090,-1.7645973,0,0,0,0,0,0,0,0,0
344080094,-1.7814127,0,0,0,0,0,0,0,0,0
344179121,-1.793231,0,0,0,0,0,0,0,0,0
344278318,-1.805623,0,0,0,0,0,0,0,0,0
344377306,-1.7987285,0,0,0,0,0,0,0,0,0
344477277,-1.7801996,0,0,0,0,0,0,0,0,0
344576707,-1.7501936,0,0,0,0,0,0,0,0,0
344675241,-1.7589251,0,0,0,0,0,0,0,0,0
344774462,-1.8056319,0,0,0,0,0,0,0,0,0
344874492,-1.7889653,0,0,0,0,0,0,0,0,0
344973203,-1.7783353,0,0,0,0,0,0,0,0,0
345083266,-1.777063,0,0,0,0,0,0,0,0,0
345182781,-1.7728729,0,0,0,0,0,0,0,0,0
345281104,-1.8453097,0,0,0,0,0,0,0,0,0
345381082,-1.886306,0,0,0,0,0,0,0,0,0
345480126,-1.880309,0,0,0,0,0,0,0,0,0
345579143,-1.880309,0,0,0,0,0,0,0,0,0
345678420,-1.8489896,0,0,0,0,0,0,0,0,0
345777300,-1.8088303,0,0,0,0,0,0,0,0,0
345876518,-1.795558,0,0,0,0,0,0,0,0,0
345975261,-1.7664074,0,0,0,0,0,0,0,0,0
346074564,-1.8196642,0,0,0,0,0,0,0,0,0
346173245,-1.853977,0,0,0,0,0,0,0,0,0
346283291,-1.8879791,0,0,0,0,0,0,0,0,0
346382685,-1.9112351,0,0,0,0,0,0,0,0,0
346481085,-1.9403188,0,0,0,0,0,0,0,0,0
346580119,-1.9336833,0,0,0,0,0,0,0,0,0
346679170,-2.030513,0,0,0,0,0,0,0,0,0
346877305,-2.098962,0,0,0,0,0,0,0,0,0
346976476,-2.1598697,0,0,0,0,0,0,0,0,0
347075193,-2.2127347,0,0,0,0,0,0,0,0,0
347383322,-2.2716117,0,0,0,0,0,0,0,0,0
347482651,-2.2719786,0,0,0,0,0,0,0,0,0
347581108,-2.265602,0,0,0,0,0,0,0,0,0
347680114,-2.2418916,0,0,0,0,0,0,0,0,0
347779142,-2.2049494,0,0,0,0,0,0,0,0,0
347878432,-2.1781032,0,0,0,0,0,0,0,0,0
347977313,-2.1576345,0,0,0,0,0,0,0,0,0
348076327,-2.1487706,0,0,0,0,0,0,0,0,0
348175192,-2.1640313,0,0,0,0,0,0,0,0,0
348274505,-2.196413,0,0,0,0,0,0,0,0,0
348384393,-2.2277386,0,0,0,0,0,0,0,0,0
348483369,-2.2567708,0,0,0,0,0,0,0,0,0
348583197,-2.2710397,0,0,0,0,0,0,0,0,0
348682639,-2.2694106,0,0,0,0,0,0,0,0,0
348781053,-2.2694106,0,0,0,0,0,0,0,0,0
348881053,-2.308172,0,0,0,0,0,0,0,0,0
348980096,-2.3399503,0,0,0,0,0,0,0,0,0
349079123,-2.3522854,0,0,0,0,0,0,0,0,0
349178338,-2.3498654,0,0,0,0,0,0,0,0,0
349277297,-2.3524063,0,0,0,0,0,0,0,0,0
349376308,-2.3224802,0,0,0,0,0,0,0,0,0
349475172,-2.2842336,0,0,0,0,0,0,0,0,0
349574528,-2.218629,0,0,0,0,0,0,0,0,0
349684461,-2.1674526,0,0,0,0,0,0,0,0,0
349783319,-2.110394,0,0,0,0,0,0,0,0,0
349882701,-2.0656636,0,0,0,0,0,0,0,0,0
349981087,-2.0514777,0,0,0,0,0,0,0,0,0
350080095,-2.0445752,0,0,0,0,0,0,0,0,0
350278362,-2.041489,0,0,0,0,0,0,0,0,0
350377295,-2.060816,0,0,0,0,0,0,0,0,0
350476461,-2.0907812,0,0,0,0,0,0,0,0,0
350575194,-2.0787253,0,0,0,0,0,0,0,0,0
350675174,-2.0984354,0,0,0,0,0,0,0,0,0
350774514,-2.125142,0,0,0,0,0,0,0,0,0
350884473,-2.1649594,0,0,0,0,0,0,0,0,0
350983302,-2.222269,0,0,0,0,0,0,0,0,0
351082907,-2.285079,0,0,0,0,0,0,0,0,0
351182778,-2.3655107,0,0,0,0,0,0,0,0,0
351281068,-2.415207,0,0,0,0,0,0,0,0,0
351380098,-2.4694803,0,0,0,0,0,0,0,0,0
351479124,-2.5013478,0,0,0,0,0,0,0,0,0
351578391,-2.5013478,0,0,0,0,0,0,0,0,0
351677245,-2.548004,0,0,0,0,0,0,0,0,0
351776460,-2.5485647,0,0,0,0,0,0,0,0,0
351875171,-2.4808187,0,0,0,0,0,0,0,0,0
351974442,-2.4181697,0,0,0,0,0,0,0,0,0
352183287,-2.2806287,0,0,0,0,0,0,0,0,0
352282732,-2.206497,0,0,0,0,0,0,0,0,0
352381054,-2.1754293,0,0,0,0,0,0,0,0,0
352480095,-2.160519,0,0,0,0,0,0,0,0,0
352579124,-2.1915686,0,0,0,0,0,0,0,0,0
352678322,-2.2114868,0,0,0,0,0,0,0,0,0
352777273,-2.199749,0,0,0,0,0,0,0,0,0
352876310,-2.1913295,0,0,0,0,0,0,0,0,0
352975179,-2.169985,0,0,0,0,0,0,0,0,0
353074556,-2.1316803,0,0,0,0,0,0,0,0,0
353173160,-2.0893,0,0,0,0,0,0,0,0,0
353283335,-2.0360165,0,0,0,0,0,0,0,0,0
353383029,-1.9832997,0,0,0,0,0,0,0,0,0
353482765,-1.9309385,0,0,0,0,0,0,0,0,0
353581064,-1.8790613,0,0,0,0,0,0,0,0,0
353680098,-1.8340633,0,0,0,0,0,0,0,0,0
353779142,-1.7809514,0,0,0,0,0,0,0,0,0
353878386,-1.7299439,0,0,0,0,0,0,0,0,0
353977247,-1.6755934,0,0,0,0,0,0,0,0,0
354142738,-1.6203525,0,0,0,0,0,0,0,0,0
354175663,-1.6203525,0,0,0,0,0,0,0,0,0
354274514,-1.5874653,0,0,0,0,0,0,0,0,0
354384517,-1.544567,0,0,0,0,0,0,0,0,0
354483300,-1.5096575,0,0,0,0,0,0,0,0,0
354583217,-1.4780039,0,0,0,0,0,0,0,0,0
354682734,-1.4470285,0,0,0,0,0,0,0,0,0
354781053,-1.4169476,0,0,0,0,0,0,0,0,0
354881053,-1.3868892,0,0,0,0,0,0,0,0,0
354980112,-1.3581748,0,0,0,0,0,0,0,0,0
355079117,-1.3299158,0,0,0,0,0,0,0,0,0
355475191,-1.2257576,0,0,0,0,0,0,0,0,0
355574705,-1.20066,0,0,0,0,0,0,0,0,0
355684452,-1.1770575,0,0,0,0,0,0,0,0,0
355783288,-1.1528606,0,0,0,0,0,0,0,0,0
355882728,-1.1302592,0,0,0,0,0,0,0,0,0
355981064,-1.1070544,0,0,0,0,0,0,0,0,0
356081061,-1.084355,0,0,0,0,0,0,0,0,0
356180120,-1.0631081,0,0,0,0,0,0,0,0,0
356279172,-1.0422494,0,0,0,0,0,0,0,0,0
356378317,-1.0207704,0,0,0,0,0,0,0,0,0
356477311,-1.0007623,0,0,0,0,0,0,0,0,0
356576404,-0.9801473,0,0,0,0,0,0,0,0,0
356675176,-0.9599521,0,0,0,0,0,0,0,0,0
356774737,-0.9402341,0,0,0,0,0,0,0,0,0
356873201,-0.9402341,0,0,0,0,0,0,0,0,0
356983275,-0.9020114,0,0,0,0,0,0,0,0,0
357082745,-0.88435835,0,0,0,0,0,0,0,0,0
357181077,-0.88435835,0,0,0,0,0,0,0,0,0
357280112,-0.86623394,0,0,0,0,0,0,0,0,0
357379145,-0.8492648,0,0,0,0,0,0,0,0,0
357478334,-0.8317664,0,0,0,0,0,0,0,0,0
357577259,-0.81540734,0,0,0,0,0,0,0,0,0
357677244,-0.798651,0,0,0,0,0,0,0,0,0
357776746,-0.78299904,0,0,0,0,0,0,0,0,0
357875171,-0.76685566,0,0,0,0,0,0,0,0,0
357974513,-0.75106674,0,0,0,0,0,0,0,0,0
358074552,-0.73566294,0,0,0,0,0,0,0,0,0
358173200,-0.7206227,0,0,0,0,0,0,0,0,0
358283269,-0.70578307,0,0,0,0,0,0,0,0,0
358481056,-0.6784149,0,0,0,0,0,0,0,0,0
358581072,-0.664416,0,0,0,0,0,0,0,0,0
358680115,-0.65077585,0,0,0,0,0,0,0,0,0
358779152,-0.637407,0,0,0,0,0,0,0,0,0
358878336,-0.62426573,0,0,0,0,0,0,0,0,0
358977340,-0.61204314,0,0,0,0,0,0,0,0,0
359076434,-0.5994672,0,0,0,0,0,0,0,0,0
359177286,-0.58767647,0,0,0,0,0,0,0,0,0
359276468,-0.5756788,0,0,0,0,0,0,0,0,0
359375208,-0.56443316,0,0,0,0,0,0,0,0,0
359523390,-0.5528291,0,0,0,0,0,0,0,0,0
359578353,-0.54146373,0,0,0,0,0,0,0,0,0
359678380,-0.5304183,0,0,0,0,0,0,0,0,0
359832922,-0.5200456,0,0,0,0,0,0,0,0,0
359877526,-0.5093153,0,0,0,0,0,0,0,0,0
359977317,-0.49881813,0,0,0,0,0,0,0,0,0
360077316,-0.48905635,0,0,0,0,0,0,0,0,0
