timestamp,position,velocity,acceleration,attitude,body_rate,thrust_and_torque,direct_actuator
225965139,1,0,0,0,0,0,0
226065174,1,0,0,0,0,0,0
226165190,1,0,0,0,0,0,0
226265186,1,0,0,0,0,0,0
226365247,1,0,0,0,0,0,0
226465225,1,0,0,0,0,0,0
226565237,1,0,0,0,0,0,0
226665237,1,0,0,0,0,0,0
226765283,1,0,0,0,0,0,0
226865261,1,0,0,0,0,0,0
226965276,1,0,0,0,0,0,0
227065297,1,0,0,0,0,0,0
227165343,1,0,0,0,0,0,0
227265305,1,0,0,0,0,0,0
227365363,1,0,0,0,0,0,0
227465374,1,0,0,0,0,0,0
227565391,1,0,0,0,0,0,0
227665388,1,0,0,0,0,0,0
227765381,1,0,0,0,0,0,0
227865379,1,0,0,0,0,0,0
227965422,1,0,0,0,0,0,0
228065417,1,0,0,0,0,0,0
228165422,1,0,0,0,0,0,0
228265428,1,0,0,0,0,0,0
228365414,1,0,0,0,0,0,0
228465463,1,0,0,0,0,0,0
228565462,1,0,0,0,0,0,0
228665465,1,0,0,0,0,0,0
228765480,1,0,0,0,0,0,0
228865480,1,0,0,0,0,0,0
228965493,1,0,0,0,0,0,0
229065515,1,0,0,0,0,0,0
229165520,1,0,0,0,0,0,0
229265530,1,0,0,0,0,0,0
229365541,1,0,0,0,0,0,0
229465540,1,0,0,0,0,0,0
229565557,1,0,0,0,0,0,0
229665557,1,0,0,0,0,0,0
229765551,1,0,0,0,0,0,0
229865578,1,0,0,0,0,0,0
229965574,1,0,0,0,0,0,0
230065586,1,0,0,0,0,0,0
230165616,1,0,0,0,0,0,0
230265621,1,0,0,0,0,0,0
230365623,1,0,0,0,0,0,0
230465632,1,0,0,0,0,0,0
230565631,1,0,0,0,0,0,0
230665633,1,0,0,0,0,0,0
230765638,1,0,0,0,0,0,0
230865647,1,0,0,0,0,0,0
230965649,1,0,0,0,0,0,0
231065678,1,0,0,0,0,0,0
231165679,1,0,0,0,0,0,0
231265687,1,0,0,0,0,0,0
231365689,1,0,0,0,0,0,0
231465718,1,0,0,0,0,0,0
231565693,1,0,0,0,0,0,0
231665709,1,0,0,0,0,0,0
231765714,1,0,0,0,0,0,0
231865749,1,0,0,0,0,0,0
231965719,1,0,0,0,0,0,0
232065739,1,0,0,0,0,0,0
232165768,1,0,0,0,0,0,0
232265789,1,0,0,0,0,0,0
232365776,1,0,0,0,0,0,0
232465774,1,0,0,0,0,0,0
232565772,1,0,0,0,0,0,0
232665791,1,0,0,0,0,0,0
232765790,1,0,0,0,0,0,0
232865793,1,0,0,0,0,0,0
232965799,1,0,0,0,0,0,0
233065804,1,0,0,0,0,0,0
233165821,1,0,0,0,0,0,0
233265825,1,0,0,0,0,0,0
233365825,1,0,0,0,0,0,0
233466009,1,0,0,0,0,0,0
233565839,1,0,0,0,0,0,0
233665833,1,0,0,0,0,0,0
233765837,1,0,0,0,0,0,0
233865879,1,0,0,0,0,0,0
233965850,1,0,0,0,0,0,0
234065850,1,0,0,0,0,0,0
234165860,1,0,0,0,0,0,0
234265870,1,0,0,0,0,0,0
234365881,1,0,0,0,0,0,0
234765881,1,0,0,0,0,0,0
234865863,1,0,0,0,0,0,0
234965878,1,0,0,0,0,0,0
235065958,1,0,0,0,0,0,0
235165911,1,0,0,0,0,0,0
235265913,1,0,0,0,0,0,0
235365913,1,0,0,0,0,0,0
235465919,1,0,0,0,0,0,0
235565918,1,0,0,0,0,0,0
235665917,1,0,0,0,0,0,0
235765920,1,0,0,0,0,0,0
235865922,1,0,0,0,0,0,0
235965917,1,0,0,0,0,0,0
236065925,1,0,0,0,0,0,0
236165946,1,0,0,0,0,0,0
236265934,1,0,0,0,0,0,0
236365932,1,0,0,0,0,0,0
236465940,1,0,0,0,0,0,0
236565947,1,0,0,0,0,0,0
236665947,1,0,0,0,0,0,0
236765944,1,0,0,0,0,0,0
236865945,1,0,0,0,0,0,0
236965947,1,0,0,0,0,0,0
237065949,1,0,0,0,0,0,0
237165967,1,0,0,0,0,0,0
237265939,1,0,0,0,0,0,0
237365959,1,0,0,0,0,0,0
237465961,1,0,0,0,0,0,0
237765963,1,0,0,0,0,0,0
237865961,1,0,0,0,0,0,0
237965963,1,0,0,0,0,0,0
238065963,1,0,0,0,0,0,0
238165980,1,0,0,0,0,0,0
238265979,1,0,0,0,0,0,0
238365979,1,0,0,0,0,0,0
238465980,1,0,0,0,0,0,0
238565964,1,0,0,0,0,0,0
238665947,1,0,0,0,0,0,0
238765963,1,0,0,0,0,0,0
238865975,1,0,0,0,0,0,0
238965969,1,0,0,0,0,0,0
239065975,1,0,0,0,0,0,0
239165991,1,0,0,0,0,0,0
239265977,1,0,0,0,0,0,0
239365984,1,0,0,0,0,0,0
239465986,1,0,0,0,0,0,0
239565972,1,0,0,0,0,0,0
239665963,1,0,0,0,0,0,0
239765975,1,0,0,0,0,0,0
239865974,1,0,0,0,0,0,0
239965973,1,0,0,0,0,0,0
240065975,1,0,0,0,0,0,0
240165980,1,0,0,0,0,0,0
240265978,1,0,0,0,0,0,0
240365973,1,0,0,0,0,0,0
240465974,1,0,0,0,0,0,0
240565969,1,0,0,0,0,0,0
240665943,1,0,0,0,0,0,0
240765971,1,0,0,0,0,0,0
240865968,1,0,0,0,0,0,0
240965962,1,0,0,0,0,0,0
241065958,1,0,0,0,0,0,0
241165968,1,0,0,0,0,0,0
241265971,1,0,0,0,0,0,0
241365964,1,0,0,0,0,0,0
241465956,1,0,0,0,0,0,0
241565963,1,0,0,0,0,0,0
241665953,1,0,0,0,0,0,0
241765955,1,0,0,0,0,0,0
241865945,1,0,0,0,0,0,0
241965922,1,0,0,0,0,0,0
242065949,1,0,0,0,0,0,0
242165961,1,0,0,0,0,0,0
242265958,1,0,0,0,0,0,0
242565936,1,0,0,0,0,0,0
242665948,1,0,0,0,0,0,0
242765929,1,0,0,0,0,0,0
242865908,1,0,0,0,0,0,0
242965934,1,0,0,0,0,0,0
243065918,1,0,0,0,0,0,0
243165922,1,0,0,0,0,0,0
243265930,1,0,0,0,0,0,0
243365930,1,0,0,0,0,0,0
243465917,1,0,0,0,0,0,0
243565919,1,0,0,0,0,0,0
243665911,1,0,0,0,0,0,0
243765904,1,0,0,0,0,0,0
243865900,1,0,0,0,0,0,0
243965900,1,0,0,0,0,0,0
244065896,1,0,0,0,0,0,0
244165897,1,0,0,0,0,0,0
244265899,1,0,0,0,0,0,0
244365897,1,0,0,0,0,0,0
244465882,1,0,0,0,0,0,0
244565886,1,0,0,0,0,0,0
244665883,1,0,0,0,0,0,0
244765878,1,0,0,0,0,0,0
244865865,1,0,0,0,0,0,0
244965864,1,0,0,0,0,0,0
245065852,1,0,0,0,0,0,0
245165863,1,0,0,0,0,0,0
245265867,1,0,0,0,0,0,0
245365851,1,0,0,0,0,0,0
245465844,1,0,0,0,0,0,0
245565846,1,0,0,0,0,0,0
245665836,1,0,0,0,0,0,0
245765838,1,0,0,0,0,0,0
245865829,1,0,0,0,0,0,0
245965857,1,0,0,0,0,0,0
246065815,1,0,0,0,0,0,0
246165821,1,0,0,0,0,0,0
246265815,1,0,0,0,0,0,0
246365813,1,0,0,0,0,0,0
246465802,1,0,0,0,0,0,0
246565796,1,0,0,0,0,0,0
246665775,1,0,0,0,0,0,0
246765786,1,0,0,0,0,0,0
246865775,1,0,0,0,0,0,0
246965780,1,0,0,0,0,0,0
247065758,1,0,0,0,0,0,0
247365758,1,0,0,0,0,0,0
247465789,1,0,0,0,0,0,0
247665741,1,0,0,0,0,0,0
247765735,1,0,0,0,0,0,0
247865753,1,0,0,0,0,0,0
247965752,1,0,0,0,0,0,0
248065752,1,0,0,0,0,0,0
248165751,1,0,0,0,0,0,0
248265767,1,0,0,0,0,0,0
248365738,1,0,0,0,0,0,0
248465739,1,0,0,0,0,0,0
248565733,1,0,0,0,0,0,0
248665714,1,0,0,0,0,0,0
248765701,1,0,0,0,0,0,0
248865666,1,0,0,0,0,0,0
248965663,1,0,0,0,0,0,0
249165659,1,0,0,0,0,0,0
249265654,1,0,0,0,0,0,0
249365647,1,0,0,0,0,0,0
249465643,1,0,0,0,0,0,0
249565617,1,0,0,0,0,0,0
249665619,1,0,0,0,0,0,0
249765612,1,0,0,0,0,0,0
249865578,1,0,0,0,0,0,0
249965596,1,0,0,0,0,0,0
250065588,1,0,0,0,0,0,0
250165579,1,0,0,0,0,0,0
250265618,1,0,0,0,0,0,0
250365578,1,0,0,0,0,0,0
250465572,1,0,0,0,0,0,0
250565554,1,0,0,0,0,0,0
250665548,1,0,0,0,0,0,0
250765535,1,0,0,0,0,0,0
250865534,1,0,0,0,0,0,0
250965512,1,0,0,0,0,0,0
251065511,1,0,0,0,0,0,0
251165502,1,0,0,0,0,0,0
251265508,1,0,0,0,0,0,0
251365796,1,0,0,0,0,0,0
251465518,1,0,0,0,0,0,0
251565489,1,0,0,0,0,0,0
251665474,1,0,0,0,0,0,0
251765468,1,0,0,0,0,0,0
251865490,1,0,0,0,0,0,0
251965454,1,0,0,0,0,0,0
252065427,1,0,0,0,0,0,0
252165428,1,0,0,0,0,0,0
252265435,1,0,0,0,0,0,0
252365430,1,0,0,0,0,0,0
252465416,1,0,0,0,0,0,0
252565407,1,0,0,0,0,0,0
252665398,1,0,0,0,0,0,0
252765379,1,0,0,0,0,0,0
252865383,1,0,0,0,0,0,0
252965364,1,0,0,0,0,0,0
253065358,1,0,0,0,0,0,0
253165340,1,0,0,0,0,0,0
253265352,1,0,0,0,0,0,0
253365339,1,0,0,0,0,0,0
253465338,1,0,0,0,0,0,0
253565317,1,0,0,0,0,0,0
253665312,1,0,0,0,0,0,0
253765304,1,0,0,0,0,0,0
253865292,1,0,0,0,0,0,0
253965285,1,0,0,0,0,0,0
254065266,1,0,0,0,0,0,0
254165254,1,0,0,0,0,0,0
254265264,1,0,0,0,0,0,0
254365241,1,0,0,0,0,0,0
254465240,1,0,0,0,0,0,0
254565258,1,0,0,0,0,0,0
254665229,1,0,0,0,0,0,0
254765213,1,0,0,0,0,0,0
254865200,1,0,0,0,0,0,0
254965186,1,0,0,0,0,0,0
255065184,1,0,0,0,0,0,0
255165160,1,0,0,0,0,0,0
255265174,1,0,0,0,0,0,0
255365197,1,0,0,0,0,0,0
255465162,1,0,0,0,0,0,0
255565139,1,0,0,0,0,0,0
255665122,1,0,0,0,0,0,0
255765119,1,0,0,0,0,0,0
255865104,1,0,0,0,0,0,0
255965101,1,0,0,0,0,0,0
256065078,1,0,0,0,0,0,0
256165069,1,0,0,0,0,0,0
256265083,1,0,0,0,0,0,0
256365065,1,0,0,0,0,0,0
256465044,1,0,0,0,0,0,0
256565035,1,0,0,0,0,0,0
256765019,1,0,0,0,0,0,0
257064982,1,0,0,0,0,0,0
257164971,1,0,0,0,0,0,0
257264976,1,0,0,0,0,0,0
257364955,1,0,0,0,0,0,0
257464940,1,0,0,0,0,0,0
257564941,1,0,0,0,0,0,0
257664924,1,0,0,0,0,0,0
257764917,1,0,0,0,0,0,0
257864908,1,0,0,0,0,0,0
257964895,1,0,0,0,0,0,0
258064872,1,0,0,0,0,0,0
258164834,1,0,0,0,0,0,0
258264880,1,0,0,0,0,0,0
258364865,1,0,0,0,0,0,0
258464850,1,0,0,0,0,0,0
258564883,1,0,0,0,0,0,0
258664822,1,0,0,0,0,0,0
258764812,1,0,0,0,0,0,0
258864803,1,0,0,0,0,0,0
258964785,1,0,0,0,0,0,0
259064747,1,0,0,0,0,0,0
259164762,1,0,0,0,0,0,0
259264761,1,0,0,0,0,0,0
259364755,1,0,0,0,0,0,0
259464744,1,0,0,0,0,0,0
259564737,1,0,0,0,0,0,0
259664718,1,0,0,0,0,0,0
259764696,1,0,0,0,0,0,0
259864694,1,0,0,0,0,0,0
259964685,1,0,0,0,0,0,0
260064666,1,0,0,0,0,0,0
260164647,1,0,0,0,0,0,0
260264644,1,0,0,0,0,0,0
260364646,1,0,0,0,0,0,0
260464634,1,0,0,0,0,0,0
260564621,1,0,0,0,0,0,0
260664603,1,0,0,0,0,0,0
260764598,1,0,0,0,0,0,0
260864574,1,0,0,0,0,0,0
260964575,1,0,0,0,0,0,0
261064548,1,0,0,0,0,0,0
261164535,1,0,0,0,0,0,0
261264539,1,0,0,0,0,0,0
261364522,1,0,0,0,0,0,0
261464508,1,0,0,0,0,0,0
261564501,1,0,0,0,0,0,0
261764486,1,0,0,0,0,0,0
261864458,1,0,0,0,0,0,0
261964439,1,0,0,0,0,0,0
262064425,1,0,0,0,0,0,0
262164419,1,0,0,0,0,0,0
262264431,1,0,0,0,0,0,0
262364412,1,0,0,0,0,0,0
262464393,1,0,0,0,0,0,0
262564380,1,0,0,0,0,0,0
262664360,1,0,0,0,0,0,0
262764346,1,0,0,0,0,0,0
262864339,1,0,0,0,0,0,0
262964319,1,0,0,0,0,0,0
263064306,1,0,0,0,0,0,0
263164295,1,0,0,0,0,0,0
263264300,1,0,0,0,0,0,0
263364287,1,0,0,0,0,0,0
263464268,1,0,0,0,0,0,0
263564257,1,0,0,0,0,0,0
263664224,1,0,0,0,0,0,0
263764226,1,0,0,0,0,0,0
263864213,1,0,0,0,0,0,0
263964191,1,0,0,0,0,0,0
264064181,1,0,0,0,0,0,0
264164164,1,0,0,0,0,0,0
264264174,1,0,0,0,0,0,0
264364131,1,0,0,0,0,0,0
264464152,1,0,0,0,0,0,0
264564131,1,0,0,0,0,0,0
264664119,1,0,0,0,0,0,0
264764105,1,0,0,0,0,0,0
264864085,1,0,0,0,0,0,0
264964072,1,0,0,0,0,0,0
265064056,1,0,0,0,0,0,0
265164037,1,0,0,0,0,0,0
265264046,1,0,0,0,0,0,0
265364030,1,0,0,0,0,0,0
265464011,1,0,0,0,0,0,0
265564003,1,0,0,0,0,0,0
265663979,1,0,0,0,0,0,0
265763972,1,0,0,0,0,0,0
265863940,1,0,0,0,0,0,0
265963936,1,0,0,0,0,0,0
266063924,1,0,0,0,0,0,0
266163909,1,0,0,0,0,0,0
266263914,1,0,0,0,0,0,0
266363874,1,0,0,0,0,0,0
266463877,1,0,0,0,0,0,0
266563869,1,0,0,0,0,0,0
266663852,1,0,0,0,0,0,0
266863823,1,0,0,0,0,0,0
266963808,1,0,0,0,0,0,0
267063793,1,0,0,0,0,0,0
267163775,1,0,0,0,0,0,0
267263779,1,0,0,0,0,0,0
267363766,1,0,0,0,0,0,0
267463751,1,0,0,0,0,0,0
267563721,1,0,0,0,0,0,0
267663714,1,0,0,0,0,0,0
267763703,1,0,0,0,0,0,0
267863723,1,0,0,0,0,0,0
267963671,1,0,0,0,0,0,0
268063652,1,0,0,0,0,0,0
268163642,1,0,0,0,0,0,0
268263643,1,0,0,0,0,0,0
268363634,1,0,0,0,0,0,0
268463609,1,0,0,0,0,0,0
268563593,1,0,0,0,0,0,0
268663578,1,0,0,0,0,0,0
268763568,1,0,0,0,0,0,0
268863543,1,0,0,0,0,0,0
268963524,1,0,0,0,0,0,0
269063506,1,0,0,0,0,0,0
269163501,1,0,0,0,0,0,0
269263510,1,0,0,0,0,0,0
269363473,1,0,0,0,0,0,0
269463466,1,0,0,0,0,0,0
269563463,1,0,0,0,0,0,0
269663440,1,0,0,0,0,0,0
269763419,1,0,0,0,0,0,0
269863408,1,0,0,0,0,0,0
269963391,1,0,0,0,0,0,0
270063367,1,0,0,0,0,0,0
270163357,1,0,0,0,0,0,0
270263361,1,0,0,0,0,0,0
270363358,1,0,0,0,0,0,0
270463332,1,0,0,0,0,0,0
270563320,1,0,0,0,0,0,0
270663290,1,0,0,0,0,0,0
270763278,1,0,0,0,0,0,0
270863262,1,0,0,0,0,0,0
270963252,1,0,0,0,0,0,0
271063222,1,0,0,0,0,0,0
271163214,1,0,0,0,0,0,0
271263222,1,0,0,0,0,0,0
271463186,1,0,0,0,0,0,0
271763161,1,0,0,0,0,0,0
271863115,1,0,0,0,0,0,0
271963095,1,0,0,0,0,0,0
272063078,1,0,0,0,0,0,0
272163063,1,0,0,0,0,0,0
272263088,1,0,0,0,0,0,0
272363055,1,0,0,0,0,0,0
272463031,1,0,0,0,0,0,0
272563016,1,0,0,0,0,0,0
272663007,1,0,0,0,0,0,0
272762983,1,0,0,0,0,0,0
272862958,1,0,0,0,0,0,0
272962988,1,0,0,0,0,0,0
273062933,1,0,0,0,0,0,0
273162883,1,0,0,0,0,0,0
273262926,1,0,0,0,0,0,0
273362903,1,0,0,0,0,0,0
273562871,1,0,0,0,0,0,0
273662852,1,0,0,0,0,0,0
273762860,1,0,0,0,0,0,0
273862813,1,0,0,0,0,0,0
273962803,1,0,0,0,0,0,0
274062773,1,0,0,0,0,0,0
274162795,1,0,0,0,0,0,0
274262740,1,0,0,0,0,0,0
274362755,1,0,0,0,0,0,0
274462728,1,0,0,0,0,0,0
274562717,1,0,0,0,0,0,0
274662691,1,0,0,0,0,0,0
274762681,1,0,0,0,0,0,0
274862657,1,0,0,0,0,0,0
274962645,1,0,0,0,0,0,0
275062617,1,0,0,0,0,0,0
275162601,1,0,0,0,0,0,0
275262589,1,0,0,0,0,0,0
275362602,1,0,0,0,0,0,0
275462575,1,0,0,0,0,0,0
275562562,1,0,0,0,0,0,0
275662541,1,0,0,0,0,0,0
275762521,1,0,0,0,0,0,0
275862515,1,0,0,0,0,0,0
275962488,1,0,0,0,0,0,0
276062466,1,0,0,0,0,0,0
276162446,1,0,0,0,0,0,0
276262435,1,0,0,0,0,0,0
276362446,1,0,0,0,0,0,0
276462421,1,0,0,0,0,0,0
276562402,1,0,0,0,0,0,0
276662410,1,0,0,0,0,0,0
276762393,1,0,0,0,0,0,0
276862425,1,0,0,0,0,0,0
276962702,1,0,0,0,0,0,0
277062316,1,0,0,0,0,0,0
277162285,1,0,0,0,0,0,0
277262278,1,0,0,0,0,0,0
277362293,1,0,0,0,0,0,0
277462272,1,0,0,0,0,0,0
277562244,1,0,0,0,0,0,0
277662226,1,0,0,0,0,0,0
277762218,1,0,0,0,0,0,0
277862185,1,0,0,0,0,0,0
277962172,1,0,0,0,0,0,0
278062151,1,0,0,0,0,0,0
278162131,1,0,0,0,0,0,0
278262113,1,0,0,0,0,0,0
278362127,1,0,0,0,0,0,0
278462102,1,0,0,0,0,0,0
278562079,1,0,0,0,0,0,0
278662061,1,0,0,0,0,0,0
278762048,1,0,0,0,0,0,0
278862035,1,0,0,0,0,0,0
278962013,1,0,0,0,0,0,0
279061997,1,0,0,0,0,0,0
279161970,1,0,0,0,0,0,0
279261946,1,0,0,0,0,0,0
279361966,1,0,0,0,0,0,0
279461952,1,0,0,0,0,0,0
279561928,1,0,0,0,0,0,0
279661907,1,0,0,0,0,0,0
279861866,1,0,0,0,0,0,0
280161816,1,0,0,0,0,0,0
280261785,1,0,0,0,0,0,0
280361796,1,0,0,0,0,0,0
280461779,1,0,0,0,0,0,0
280561755,1,0,0,0,0,0,0
280661735,1,0,0,0,0,0,0
280761727,1,0,0,0,0,0,0
280861806,1,0,0,0,0,0,0
280961827,1,0,0,0,0,0,0
281061686,1,0,0,0,0,0,0
281161647,1,0,0,0,0,0,0
281261629,1,0,0,0,0,0,0
281361636,1,0,0,0,0,0,0
281461621,1,0,0,0,0,0,0
281561598,1,0,0,0,0,0,0
281661582,1,0,0,0,0,0,0
281861533,1,0,0,0,0,0,0
281961522,1,0,0,0,0,0,0
282061501,1,0,0,0,0,0,0
282161478,1,0,0,0,0,0,0
282261458,1,0,0,0,0,0,0
282361474,1,0,0,0,0,0,0
282461455,1,0,0,0,0,0,0
282561437,1,0,0,0,0,0,0
282661410,1,0,0,0,0,0,0
282761391,1,0,0,0,0,0,0
282861373,1,0,0,0,0,0,0
282961349,1,0,0,0,0,0,0
283061307,1,0,0,0,0,0,0
283161318,1,0,0,0,0,0,0
283261296,1,0,0,0,0,0,0
283361305,1,0,0,0,0,0,0
283561263,1,0,0,0,0,0,0
283661239,1,0,0,0,0,0,0
283761219,1,0,0,0,0,0,0
283861207,1,0,0,0,0,0,0
283961178,1,0,0,0,0,0,0
284061163,1,0,0,0,0,0,0
284161135,1,0,0,0,0,0,0
284261130,1,0,0,0,0,0,0
284361137,1,0,0,0,0,0,0
284461116,1,0,0,0,0,0,0
284561094,1,0,0,0,0,0,0
284661078,1,0,0,0,0,0,0
284761046,1,0,0,0,0,0,0
284861044,1,0,0,0,0,0,0
284961016,1,0,0,0,0,0,0
285061004,1,0,0,0,0,0,0
285160981,1,0,0,0,0,0,0
285260951,1,0,0,0,0,0,0
285360973,1,0,0,0,0,0,0
285460949,1,0,0,0,0,0,0
285561071,1,0,0,0,0,0,0
285660902,1,0,0,0,0,0,0
285760867,1,0,0,0,0,0,0
285860873,1,0,0,0,0,0,0
285960848,1,0,0,0,0,0,0
286060825,1,0,0,0,0,0,0
286160798,1,0,0,0,0,0,0
286260770,1,0,0,0,0,0,0
286360800,1,0,0,0,0,0,0
286460748,1,0,0,0,0,0,0
286560753,1,0,0,0,0,0,0
286660740,1,0,0,0,0,0,0
286760717,1,0,0,0,0,0,0
286860694,1,0,0,0,0,0,0
286960664,1,0,0,0,0,0,0
287060651,1,0,0,0,0,0,0
287160631,1,0,0,0,0,0,0
287260608,1,0,0,0,0,0,0
287360626,1,0,0,0,0,0,0
287460603,1,0,0,0,0,0,0
287560590,1,0,0,0,0,0,0
287660566,1,0,0,0,0,0,0
287760546,1,0,0,0,0,0,0
287860518,1,0,0,0,0,0,0
287960497,1,0,0,0,0,0,0
288060482,1,0,0,0,0,0,0
288260439,1,0,0,0,0,0,0
288360454,1,0,0,0,0,0,0
288460461,1,0,0,0,0,0,0
288560409,1,0,0,0,0,0,0
288660390,1,0,0,0,0,0,0
288760410,1,0,0,0,0,0,0
288860344,1,0,0,0,0,0,0
288960329,1,0,0,0,0,0,0
289060294,1,0,0,0,0,0,0
289160287,1,0,0,0,0,0,0
289260268,1,0,0,0,0,0,0
289360278,1,0,0,0,0,0,0
289460251,1,0,0,0,0,0,0
289560238,1,0,0,0,0,0,0
289660214,1,0,0,0,0,0,0
289760193,1,0,0,0,0,0,0
289860147,1,0,0,0,0,0,0
289960119,1,0,0,0,0,0,0
290060124,1,0,0,0,0,0,0
290160102,1,0,0,0,0,0,0
290260086,1,0,0,0,0,0,0
290360100,1,0,0,0,0,0,0
290460079,1,0,0,0,0,0,0
290560054,1,0,0,0,0,0,0
290660036,1,0,0,0,0,0,0
290760020,1,0,0,0,0,0,0
290859998,1,0,0,0,0,0,0
290959973,1,0,0,0,0,0,0
291059952,1,0,0,0,0,0,0
291159924,1,0,0,0,0,0,0
291259911,1,0,0,0,0,0,0
291359915,1,0,0,0,0,0,0
291459900,1,0,0,0,0,0,0
291559882,1,0,0,0,0,0,0
291659859,1,0,0,0,0,0,0
291759835,1,0,0,0,0,0,0
291859801,1,0,0,0,0,0,0
291959794,1,0,0,0,0,0,0
292059772,1,0,0,0,0,0,0
292159751,1,0,0,0,0,0,0
292259724,1,0,0,0,0,0,0
292359740,1,0,0,0,0,0,0
292459724,1,0,0,0,0,0,0
292559699,1,0,0,0,0,0,0
292659681,1,0,0,0,0,0,0
292759656,1,0,0,0,0,0,0
292959585,1,0,0,0,0,0,0
293059531,1,0,0,0,0,0,0
293159572,1,0,0,0,0,0,0
293259552,1,0,0,0,0,0,0
293359567,1,0,0,0,0,0,0
293459548,1,0,0,0,0,0,0
293559519,1,0,0,0,0,0,0
293659499,1,0,0,0,0,0,0
293759478,1,0,0,0,0,0,0
293859458,1,0,0,0,0,0,0
293959483,1,0,0,0,0,0,0
294059417,1,0,0,0,0,0,0
294159385,1,0,0,0,0,0,0
294259365,1,0,0,0,0,0,0
294359390,1,0,0,0,0,0,0
294459371,1,0,0,0,0,0,0
294559342,1,0,0,0,0,0,0
294759302,1,0,0,0,0,0,0
294859271,1,0,0,0,0,0,0
294959257,1,0,0,0,0,0,0
295059234,1,0,0,0,0,0,0
295159200,1,0,0,0,0,0,0
295259188,1,0,0,0,0,0,0
295359211,1,0,0,0,0,0,0
295459190,1,0,0,0,0,0,0
295559160,1,0,0,0,0,0,0
295659146,1,0,0,0,0,0,0
295759119,1,0,0,0,0,0,0
295859093,1,0,0,0,0,0,0
295959081,1,0,0,0,0,0,0
296059086,1,0,0,0,0,0,0
296159106,1,0,0,0,0,0,0
296359058,1,0,0,0,0,0,0
296558983,1,0,0,0,0,0,0
296658965,1,0,0,0,0,0,0
296758934,1,0,0,0,0,0,0
296859162,1,0,0,0,0,0,0
296958905,1,0,0,0,0,0,0
297058872,1,0,0,0,0,0,0
297158854,1,0,0,0,0,0,0
297258820,1,0,0,0,0,0,0
297358848,1,0,0,0,0,0,0
297458826,1,0,0,0,0,0,0
297558806,1,0,0,0,0,0,0
297658809,1,0,0,0,0,0,0
297758756,1,0,0,0,0,0,0
297858736,1,0,0,0,0,0,0
297958717,1,0,0,0,0,0,0
298058698,1,0,0,0,0,0,0
298158666,1,0,0,0,0,0,0
298258642,1,0,0,0,0,0,0
298358668,1,0,0,0,0,0,0
298458647,1,0,0,0,0,0,0
298558612,1,0,0,0,0,0,0
298658597,1,0,0,0,0,0,0
298758582,1,0,0,0,0,0,0
298858536,1,0,0,0,0,0,0
298958530,1,0,0,0,0,0,0
299058510,1,0,0,0,0,0,0
299158481,1,0,0,0,0,0,0
299258464,1,0,0,0,0,0,0
299358489,1,0,0,0,0,0,0
299458470,1,0,0,0,0,0,0
299558441,1,0,0,0,0,0,0
299658415,1,0,0,0,0,0,0
299758393,1,0,0,0,0,0,0
299858361,1,0,0,0,0,0,0
299958344,1,0,0,0,0,0,0
300058323,1,0,0,0,0,0,0
300158304,1,0,0,0,0,0,0
300258279,1,0,0,0,0,0,0
300358297,1,0,0,0,0,0,0
300458282,1,0,0,0,0,0,0
300558256,1,0,0,0,0,0,0
300658234,1,0,0,0,0,0,0
300758208,1,0,0,0,0,0,0
300858189,1,0,0,0,0,0,0
300958159,1,0,0,0,0,0,0
301058157,1,0,0,0,0,0,0
301158115,1,0,0,0,0,0,0
301258092,1,0,0,0,0,0,0
301358075,1,0,0,0,0,0,0
301458087,1,0,0,0,0,0,0
301558068,1,0,0,0,0,0,0
301658050,1,0,0,0,0,0,0
301758030,1,0,0,0,0,0,0
301858005,1,0,0,0,0,0,0
301957984,1,0,0,0,0,0,0
302057962,1,0,0,0,0,0,0
302157943,1,0,0,0,0,0,0
302257914,1,0,0,0,0,0,0
302357892,1,0,0,0,0,0,0
302457908,1,0,0,0,0,0,0
302557894,1,0,0,0,0,0,0
302857793,1,0,0,0,0,0,0
302957801,1,0,0,0,0,0,0
303057772,1,0,0,0,0,0,0
303157756,1,0,0,0,0,0,0
303257735,1,0,0,0,0,0,0
303357705,1,0,0,0,0,0,0
303457731,1,0,0,0,0,0,0
303557695,1,0,0,0,0,0,0
303657675,1,0,0,0,0,0,0
303757661,1,0,0,0,0,0,0
303857638,1,0,0,0,0,0,0
303957609,1,0,0,0,0,0,0
304057593,1,0,0,0,0,0,0
304157571,1,0,0,0,0,0,0
304257545,1,0,0,0,0,0,0
304357519,1,0,0,0,0,0,0
304457539,1,0,0,0,0,0,0
304657500,1,0,0,0,0,0,0
304757477,1,0,0,0,0,0,0
304857451,1,0,0,0,0,0,0
304957427,1,0,0,0,0,0,0
305057401,1,0,0,0,0,0,0
305157386,1,0,0,0,0,0,0
305257356,1,0,0,0,0,0,0
305357336,1,0,0,0,0,0,0
305457357,1,0,0,0,0,0,0
305557336,1,0,0,0,0,0,0
305657307,1,0,0,0,0,0,0
305757289,1,0,0,0,0,0,0
305857266,1,0,0,0,0,0,0
305957245,1,0,0,0,0,0,0
306057223,1,0,0,0,0,0,0
306357143,1,0,0,0,0,0,0
306457165,1,0,0,0,0,0,0
306557157,1,0,0,0,0,0,0
306657124,1,0,0,0,0,0,0
306757103,1,0,0,0,0,0,0
306857078,1,0,0,0,0,0,0
306957058,1,0,0,0,0,0,0
307057036,1,0,0,0,0,0,0
307157004,1,0,0,0,0,0,0
307256979,1,0,0,0,0,0,0
307356969,1,0,0,0,0,0,0
307456989,1,0,0,0,0,0,0
307556969,1,0,0,0,0,0,0
307656941,1,0,0,0,0,0,0
307756914,1,0,0,0,0,0,0
307856889,1,0,0,0,0,0,0
307956878,1,0,0,0,0,0,0
308056847,1,0,0,0,0,0,0
308156817,1,0,0,0,0,0,0
308256801,1,0,0,0,0,0,0
308356773,1,0,0,0,0,0,0
308456852,1,0,0,0,0,0,0
308556777,1,0,0,0,0,0,0
308656763,1,0,0,0,0,0,0
308756733,1,0,0,0,0,0,0
308856706,1,0,0,0,0,0,0
308956689,1,0,0,0,0,0,0
309056676,1,0,0,0,0,0,0
309156634,1,0,0,0,0,0,0
309256609,1,0,0,0,0,0,0
309356603,1,0,0,0,0,0,0
309456615,1,0,0,0,0,0,0
309556592,1,0,0,0,0,0,0
309656571,1,0,0,0,0,0,0
309756546,1,0,0,0,0,0,0
309856514,1,0,0,0,0,0,0
309956496,1,0,0,0,0,0,0
310056474,1,0,0,0,0,0,0
310156449,1,0,0,0,0,0,0
310256437,1,0,0,0,0,0,0
310356408,1,0,0,0,0,0,0
310456433,1,0,0,0,0,0,0
310556402,1,0,0,0,0,0,0
310656384,1,0,0,0,0,0,0
310756372,1,0,0,0,0,0,0
310856335,1,0,0,0,0,0,0
310956282,1,0,0,0,0,0,0
311056292,1,0,0,0,0,0,0
311156263,1,0,0,0,0,0,0
311256235,1,0,0,0,0,0,0
311356209,1,0,0,0,0,0,0
311456239,1,0,0,0,0,0,0
311656196,1,0,0,0,0,0,0
311756170,1,0,0,0,0,0,0
311856144,1,0,0,0,0,0,0
311956121,1,0,0,0,0,0,0
312056102,1,0,0,0,0,0,0
312156077,1,0,0,0,0,0,0
312256043,1,0,0,0,0,0,0
312356030,1,0,0,0,0,0,0
312456059,1,0,0,0,0,0,0
312556039,1,0,0,0,0,0,0
312655988,1,0,0,0,0,0,0
312755965,1,0,0,0,0,0,0
312855959,1,0,0,0,0,0,0
312955941,1,0,0,0,0,0,0
313055930,1,0,0,0,0,0,0
313155890,1,0,0,0,0,0,0
313255901,1,0,0,0,0,0,0
313355855,1,0,0,0,0,0,0
313455883,1,0,0,0,0,0,0
313555871,1,0,0,0,0,0,0
313655883,1,0,0,0,0,0,0
313755834,1,0,0,0,0,0,0
313855773,1,0,0,0,0,0,0
313955753,1,0,0,0,0,0,0
314055760,1,0,0,0,0,0,0
314255690,1,0,0,0,0,0,0
314355663,1,0,0,0,0,0,0
314455680,1,0,0,0,0,0,0
314555660,1,0,0,0,0,0,0
314655630,1,0,0,0,0,0,0
314755612,1,0,0,0,0,0,0
314855585,1,0,0,0,0,0,0
314955564,1,0,0,0,0,0,0
315055537,1,0,0,0,0,0,0
315155511,1,0,0,0,0,0,0
315255521,1,0,0,0,0,0,0
315355470,1,0,0,0,0,0,0
315455498,1,0,0,0,0,0,0
315555472,1,0,0,0,0,0,0
315655450,1,0,0,0,0,0,0
315755398,1,0,0,0,0,0,0
315955378,1,0,0,0,0,0,0
316055356,1,0,0,0,0,0,0
316155329,1,0,0,0,0,0,0
316255300,1,0,0,0,0,0,0
316355276,1,0,0,0,0,0,0
316455343,1,0,0,0,0,0,0
316555287,1,0,0,0,0,0,0
316655269,1,0,0,0,0,0,0
316755231,1,0,0,0,0,0,0
316855212,1,0,0,0,0,0,0
316955194,1,0,0,0,0,0,0
317055169,1,0,0,0,0,0,0
317155159,1,0,0,0,0,0,0
317255135,1,0,0,0,0,0,0
317355069,1,0,0,0,0,0,0
317455125,1,0,0,0,0,0,0
317755051,1,0,0,0,0,0,0
317955004,1,0,0,0,0,0,0
318054982,1,0,0,0,0,0,0
318154958,1,0,0,0,0,0,0
318254924,1,0,0,0,0,0,0
318354907,1,0,0,0,0,0,0
318454932,1,0,0,0,0,0,0
318554917,1,0,0,0,0,0,0
318654885,1,0,0,0,0,0,0
318754862,1,0,0,0,0,0,0
318854837,1,0,0,0,0,0,0
318954832,1,0,0,0,0,0,0
319054792,1,0,0,0,0,0,0
319154767,1,0,0,0,0,0,0
319254740,1,0,0,0,0,0,0
319354720,1,0,0,0,0,0,0
319554707,1,0,0,0,0,0,0
319654709,1,0,0,0,0,0,0
319754665,1,0,0,0,0,0,0
319854651,1,0,0,0,0,0,0
319954634,1,0,0,0,0,0,0
320054601,1,0,0,0,0,0,0
320154577,1,0,0,0,0,0,0
320254558,1,0,0,0,0,0,0
320354560,1,0,0,0,0,0,0
320454542,1,0,0,0,0,0,0
320554514,1,0,0,0,0,0,0
320654516,1,0,0,0,0,0,0
320754533,1,0,0,0,0,0,0
320854470,1,0,0,0,0,0,0
320954443,1,0,0,0,0,0,0
321054424,1,0,0,0,0,0,0
321154399,1,0,0,0,0,0,0
321254376,1,0,0,0,0,0,0
321354341,1,0,0,0,0,0,0
321454385,1,0,0,0,0,0,0
321554331,1,0,0,0,0,0,0
321654335,1,0,0,0,0,0,0
321754311,1,0,0,0,0,0,0
321854278,1,0,0,0,0,0,0
321954255,1,0,0,0,0,0,0
322054233,1,0,0,0,0,0,0
322154214,1,0,0,0,0,0,0
322254182,1,0,0,0,0,0,0
322354161,1,0,0,0,0,0,0
322454185,1,0,0,0,0,0,0
322554166,1,0,0,0,0,0,0
322654145,1,0,0,0,0,0,0
322754118,1,0,0,0,0,0,0
322854097,1,0,0,0,0,0,0
322954071,1,0,0,0,0,0,0
323054045,1,0,0,0,0,0,0
323154022,1,0,0,0,0,0,0
323253996,1,0,0,0,0,0,0
323353968,1,0,0,0,0,0,0
323453952,1,0,0,0,0,0,0
323553982,1,0,0,0,0,0,0
323653959,1,0,0,0,0,0,0
323753932,1,0,0,0,0,0,0
323853877,1,0,0,0,0,0,0
323953880,1,0,0,0,0,0,0
324053860,1,0,0,0,0,0,0
324353785,1,0,0,0,0,0,0
324453764,1,0,0,0,0,0,0
324553765,1,0,0,0,0,0,0
324653770,1,0,0,0,0,0,0
324753746,1,0,0,0,0,0,0
324853727,1,0,0,0,0,0,0
324953703,1,0,0,0,0,0,0
325053676,1,0,0,0,0,0,0
325153646,1,0,0,0,0,0,0
325253622,1,0,0,0,0,0,0
325353599,1,0,0,0,0,0,0
325453552,1,0,0,0,0,0,0
325553612,1,0,0,0,0,0,0
325653592,1,0,0,0,0,0,0
325753560,1,0,0,0,0,0,0
325853537,1,0,0,0,0,0,0
325953518,1,0,0,0,0,0,0
326053475,1,0,0,0,0,0,0
326253434,1,0,0,0,0,0,0
326353418,1,0,0,0,0,0,0
326453390,1,0,0,0,0,0,0
326553423,1,0,0,0,0,0,0
326653395,1,0,0,0,0,0,0
326753370,1,0,0,0,0,0,0
326853346,1,0,0,0,0,0,0
326953330,1,0,0,0,0,0,0
327053298,1,0,0,0,0,0,0
327153278,1,0,0,0,0,0,0
327253256,1,0,0,0,0,0,0
327353232,1,0,0,0,0,0,0
327453202,1,0,0,0,0,0,0
327553237,1,0,0,0,0,0,0
327653216,1,0,0,0,0,0,0
327753176,1,0,0,0,0,0,0
327853139,1,0,0,0,0,0,0
327953143,1,0,0,0,0,0,0
328053111,1,0,0,0,0,0,0
328153091,1,0,0,0,0,0,0
328253071,1,0,0,0,0,0,0
328353040,1,0,0,0,0,0,0
328453020,1,0,0,0,0,0,0
328553056,1,0,0,0,0,0,0
328653035,1,0,0,0,0,0,0
328753008,1,0,0,0,0,0,0
328852976,1,0,0,0,0,0,0
328952956,1,0,0,0,0,0,0
329052940,1,0,0,0,0,0,0
329152907,1,0,0,0,0,0,0
329252862,1,0,0,0,0,0,0
329352852,1,0,0,0,0,0,0
329552867,1,0,0,0,0,0,0
329652812,1,0,0,0,0,0,0
329752801,1,0,0,0,0,0,0
329852792,1,0,0,0,0,0,0
329952786,1,0,0,0,0,0,0
330052774,1,0,0,0,0,0,0
330152726,1,0,0,0,0,0,0
330252675,1,0,0,0,0,0,0
330352670,1,0,0,0,0,0,0
330452682,1,0,0,0,0,0,0
330552679,1,0,0,0,0,0,0
330652653,1,0,0,0,0,0,0
330752637,1,0,0,0,0,0,0
330852636,1,0,0,0,0,0,0
330952585,1,0,0,0,0,0,0
331052553,1,0,0,0,0,0,0
331152534,1,0,0,0,0,0,0
331252542,1,0,0,0,0,0,0
331352483,1,0,0,0,0,0,0
331452459,1,0,0,0,0,0,0
331552506,1,0,0,0,0,0,0
331652478,1,0,0,0,0,0,0
331752446,1,0,0,0,0,0,0
331852423,1,0,0,0,0,0,0
331952401,1,0,0,0,0,0,0
332052357,1,0,0,0,0,0,0
332152328,1,0,0,0,0,0,0
332252327,1,0,0,0,0,0,0
332352296,1,0,0,0,0,0,0
332452274,1,0,0,0,0,0,0
332552311,1,0,0,0,0,0,0
332652284,1,0,0,0,0,0,0
332752267,1,0,0,0,0,0,0
332852238,1,0,0,0,0,0,0
332952227,1,0,0,0,0,0,0
333052193,1,0,0,0,0,0,0
333152159,1,0,0,0,0,0,0
333252140,1,0,0,0,0,0,0
333352120,1,0,0,0,0,0,0
333452089,1,0,0,0,0,0,0
333552134,1,0,0,0,0,0,0
333652106,1,0,0,0,0,0,0
333752084,1,0,0,0,0,0,0
333852065,1,0,0,0,0,0,0
333952044,1,0,0,0,0,0,0
334052040,1,0,0,0,0,0,0
334152083,1,0,0,0,0,0,0
334252118,1,0,0,0,0,0,0
334352168,1,0,0,0,0,0,0
334452179,1,0,0,0,0,0,0
334552319,1,0,0,0,0,0,0
334652350,1,0,0,0,0,0,0
334752403,1,0,0,0,0,0,0
334852442,1,0,0,0,0,0,0
334952488,1,0,0,0,0,0,0
335052523,1,0,0,0,0,0,0
335152572,1,0,0,0,0,0,0
335252609,1,0,0,0,0,0,0
335352646,1,0,0,0,0,0,0
335452664,1,0,0,0,0,0,0
335552792,1,0,0,0,0,0,0
335752876,1,0,0,0,0,0,0
335852914,1,0,0,0,0,0,0
335952951,1,0,0,0,0,0,0
336052992,1,0,0,0,0,0,0
336153032,1,0,0,0,0,0,0
336253072,1,0,0,0,0,0,0
336353134,1,0,0,0,0,0,0
336453164,1,0,0,0,0,0,0
336553257,1,0,0,0,0,0,0
336653296,1,0,0,0,0,0,0
336753363,1,0,0,0,0,0,0
336853378,1,0,0,0,0,0,0
336953420,1,0,0,0,0,0,0
337053433,1,0,0,0,0,0,0
337153493,1,0,0,0,0,0,0
337253531,1,0,0,0,0,0,0
337353578,1,0,0,0,0,0,0
337553700,1,0,0,0,0,0,0
337653744,1,0,0,0,0,0,0
337753790,1,0,0,0,0,0,0
337853804,1,0,0,0,0,0,0
337953871,1,0,0,0,0,0,0
338053918,1,0,0,0,0,0,0
338153972,1,0,0,0,0,0,0
338253979,1,0,0,0,0,0,0
338354022,1,0,0,0,0,0,0
338454058,1,0,0,0,0,0,0
338554165,1,0,0,0,0,0,0
338654193,1,0,0,0,0,0,0
338754229,1,0,0,0,0,0,0
338854271,1,0,0,0,0,0,0
339154375,1,0,0,0,0,0,0
339254417,1,0,0,0,0,0,0
339354460,1,0,0,0,0,0,0
339454490,1,0,0,0,0,0,0
339554592,1,0,0,0,0,0,0
339654631,1,0,0,0,0,0,0
339754663,1,0,0,0,0,0,0
339854697,1,0,0,0,0,0,0
339954742,1,0,0,0,0,0,0
340054779,1,0,0,0,0,0,0
340154815,1,0,0,0,0,0,0
340254841,1,0,0,0,0,0,0
340354884,1,0,0,0,0,0,0
340454926,1,0,0,0,0,0,0
340555018,1,0,0,0,0,0,0
340655050,1,0,0,0,0,0,0
340755120,1,0,0,0,0,0,0
340855129,1,0,0,0,0,0,0
340955154,1,0,0,0,0,0,0
341055189,1,0,0,0,0,0,0
341155232,1,0,0,0,0,0,0
341255267,1,0,0,0,0,0,0
341355307,1,0,0,0,0,0,0
341455342,1,0,0,0,0,0,0
341555429,1,0,0,0,0,0,0
341655468,1,0,0,0,0,0,0
341755503,1,0,0,0,0,0,0
341855530,1,0,0,0,0,0,0
341955574,1,0,0,0,0,0,0
342055614,1,0,0,0,0,0,0
342155643,1,0,0,0,0,0,0
342255684,1,0,0,0,0,0,0
342355716,1,0,0,0,0,0,0
342455734,1,0,0,0,0,0,0
342555838,1,0,0,0,0,0,0
342655865,1,0,0,0,0,0,0
342755902,1,0,0,0,0,0,0
342855930,1,0,0,0,0,0,0
342955950,1,0,0,0,0,0,0
343055980,1,0,0,0,0,0,0
343156012,1,0,0,0,0,0,0
343256051,1,0,0,0,0,0,0
343356082,1,0,0,0,0,0,0
343456110,1,0,0,0,0,0,0
343556201,1,0,0,0,0,0,0
343656271,1,0,0,0,0,0,0
343756269,1,0,0,0,0,0,0
343856325,1,0,0,0,0,0,0
343956342,1,0,0,0,0,0,0
344056391,1,0,0,0,0,0,0
344156516,1,0,0,0,0,0,0
344256448,1,0,0,0,0,0,0
344356472,1,0,0,0,0,0,0
344456511,1,0,0,0,0,0,0
344556614,1,0,0,0,0,0,0
344656652,1,0,0,0,0,0,0
344756679,1,0,0,0,0,0,0
344856686,1,0,0,0,0,0,0
344956723,1,0,0,0,0,0,0
345056777,1,0,0,0,0,0,0
345156808,1,0,0,0,0,0,0
345256843,1,0,0,0,0,0,0
345356840,1,0,0,0,0,0,0
345456908,1,0,0,0,0,0,0
345556938,1,0,0,0,0,0,0
345657023,1,0,0,0,0,0,0
345757052,1,0,0,0,0,0,0
345857092,1,0,0,0,0,0,0
345957121,1,0,0,0,0,0,0
346057151,1,0,0,0,0,0,0
346157159,1,0,0,0,0,0,0
346257187,1,0,0,0,0,0,0
346357223,1,0,0,0,0,0,0
346457278,1,0,0,0,0,0,0
346557309,1,0,0,0,0,0,0
346657393,1,0,0,0,0,0,0
346757422,1,0,0,0,0,0,0
346957486,1,0,0,0,0,0,0
347057519,1,0,0,0,0,0,0
347157527,1,0,0,0,0,0,0
347457635,1,0,0,0,0,0,0
347557641,1,0,0,0,0,0,0
347657725,1,0,0,0,0,0,0
347757772,1,0,0,0,0,0,0
347857807,1,0,0,0,0,0,0
347957822,1,0,0,0,0,0,0
348057844,1,0,0,0,0,0,0
348157876,1,0,0,0,0,0,0
348257908,1,0,0,0,0,0,0
348357944,1,0,0,0,0,0,0
348457980,1,0,0,0,0,0,0
348557997,1,0,0,0,0,0,0
348658072,1,0,0,0,0,0,0
348758104,1,0,0,0,0,0,0
348858139,1,0,0,0,0,0,0
348958197,1,0,0,0,0,0,0
349058193,1,0,0,0,0,0,0
349158248,1,0,0,0,0,0,0
349258272,1,0,0,0,0,0,0
349358310,1,0,0,0,0,0,0
349458337,1,0,0,0,0,0,0
349558361,1,0,0,0,0,0,0
349658444,1,0,0,0,0,0,0
349758455,1,0,0,0,0,0,0
349858474,1,0,0,0,0,0,0
349958512,1,0,0,0,0,0,0
350058533,1,0,0,0,0,0,0
350158564,1,0,0,0,0,0,0
350258591,1,0,0,0,0,0,0
350358619,1,0,0,0,0,0,0
350458650,1,0,0,0,0,0,0
350558678,1,0,0,0,0,0,0
350658748,1,0,0,0,0,0,0
350758778,1,0,0,0,0,0,0
350858813,1,0,0,0,0,0,0
350958874,1,0,0,0,0,0,0
351058888,1,0,0,0,0,0,0
351158918,1,0,0,0,0,0,0
351258945,1,0,0,0,0,0,0
351358974,1,0,0,0,0,0,0
351459004,1,0,0,0,0,0,0
351559017,1,0,0,0,0,0,0
351659076,1,0,0,0,0,0,0
351759135,1,0,0,0,0,0,0
351859160,1,0,0,0,0,0,0
351959184,1,0,0,0,0,0,0
352059215,1,0,0,0,0,0,0
352159241,1,0,0,0,0,0,0
352259262,1,0,0,0,0,0,0
352359285,1,0,0,0,0,0,0
352459319,1,0,0,0,0,0,0
352559335,1,0,0,0,0,0,0
352659426,1,0,0,0,0,0,0
352759452,1,0,0,0,0,0,0
352859447,1,0,0,0,0,0,0
352959492,1,0,0,0,0,0,0
353059530,1,0,0,0,0,0,0
353159562,1,0,0,0,0,0,0
353259567,1,0,0,0,0,0,0
353359594,1,0,0,0,0,0,0
353459622,1,0,0,0,0,0,0
353559663,1,0,0,0,0,0,0
353659722,1,0,0,0,0,0,0
353759744,1,0,0,0,0,0,0
353859777,1,0,0,0,0,0,0
353959835,1,0,0,0,0,0,0
354059819,1,0,0,0,0,0,0
354159845,1,0,0,0,0,0,0
354259869,1,0,0,0,0,0,0
354359916,1,0,0,0,0,0,0
354459923,1,0,0,0,0,0,0
354559937,1,0,0,0,0,0,0
354660000,1,0,0,0,0,0,0
354760022,1,0,0,0,0,0,0
354860056,1,0,0,0,0,0,0
354960102,1,0,0,0,0,0,0
355060123,1,0,0,0,0,0,0
355160178,1,0,0,0,0,0,0
355460199,1,0,0,0,0,0,0
355560261,1,0,0,0,0,0,0
355660324,1,0,0,0,0,0,0
355760346,1,0,0,0,0,0,0
355860370,1,0,0,0,0,0,0
355960404,1,0,0,0,0,0,0
356060408,1,0,0,0,0,0,0
356160441,1,0,0,0,0,0,0
356260452,1,0,0,0,0,0,0
356360462,1,0,0,0,0,0,0
356460495,1,0,0,0,0,0,0
356560539,1,0,0,0,0,0,0
356660611,1,0,0,0,0,0,0
356760627,1,0,0,0,0,0,0
356860663,1,0,0,0,0,0,0
356960679,1,0,0,0,0,0,0
357060676,1,0,0,0,0,0,0
357160744,1,0,0,0,0,0,0
357260731,1,0,0,0,0,0,0
357360758,1,0,0,0,0,0,0
357460787,1,0,0,0,0,0,0
357560837,1,0,0,0,0,0,0
357660870,1,0,0,0,0,0,0
357760893,1,0,0,0,0,0,0
357860932,1,0,0,0,0,0,0
357960942,1,0,0,0,0,0,0
358060962,1,0,0,0,0,0,0
358160997,1,0,0,0,0,0,0
358261019,1,0,0,0,0,0,0
358361029,1,0,0,0,0,0,0
358561069,1,0,0,0,0,0,0
358661155,1,0,0,0,0,0,0
358761140,1,0,0,0,0,0,0
358961196,1,0,0,0,0,0,0
359061218,1,0,0,0,0,0,0
359161282,1,0,0,0,0,0,0
359261272,1,0,0,0,0,0,0
359361295,1,0,0,0,0,0,0
359461346,1,0,0,0,0,0,0
359561357,1,0,0,0,0,0,0
359661394,1,0,0,0,0,0,0
359761418,1,0,0,0,0,0,0
359861441,1,0,0,0,0,0,0
359961480,1,0,0,0,0,0,0
360061505,1,0,0,0,0,0,0
