timestamp,timestamp_sample,states[0],states[1],states[2],states[3],states[4],states[5],states[6],states[7],states[8],states[9],states[10],states[11],states[12],states[13],states[14],states[15],states[16],states[17],states[18],states[19],states[20],states[21],states[22],states[23],covariances[0],covariances[1],covariances[2],covariances[3],covariances[4],covariances[5],covariances[6],covariances[7],covariances[8],covariances[9],covariances[10],covariances[11],covariances[12],covariances[13],covariances[14],covariances[15],covariances[16],covariances[17],covariances[18],covariances[19],covariances[20],covariances[21],covariances[22],n_states
201016210,200825671,-0.45719817,0.015368537,-0.014244303,0.8891181,0.001125447,-0.0016536617,0.030061781,0.04409713,-0.9869969,-3.0851076,-0.0030728776,-0.0014641914,-0.0005499491,-0.0048323576,-0.010793012,0.026948849,0.1450635,0.025840806,0.49660563,0.0005574011,0.00035643936,-0.0075166924,0.0,0.0,3.2734148e-05,3.2698237e-05,0.05028455,0.006196945,0.006199143,0.004265483,0.029886616,0.029910823,0.05276653,1.88465e-07,1.8865029e-07,3.9306113e-07,0.0019265126,0.0019748278,1.5211403e-05,0.0012126431,4.124171e-05,0.0012509776,0.0011694281,0.0011653705,0.0012500777,1.0,1.0,24
202016247,201825671,-0.45757723,0.015392021,-0.014218831,0.8889229,0.0023481515,0.008736961,0.02387084,0.03880439,-0.99694777,-3.047042,-0.0030766616,-0.0014581133,-0.00056728564,-0.004834516,-0.010789588,0.026973253,0.14511245,0.025848072,0.49659368,0.00057517126,0.0003149516,-0.0075118993,0.0,0.0,3.2734602e-05,3.270436e-05,0.050245974,0.0062080505,0.0062055634,0.0042720656,0.030047355,0.030071264,0.053130463,1.8848718e-07,1.8866179e-07,3.930397e-07,0.0019266057,0.001974921,1.5195745e-05,0.0012126015,4.1229912e-05,0.0012509734,0.001169048,0.0011649615,0.0012500695,1.0,1.0,24
203016002,202825671,-0.45838392,0.0156012615,-0.014200632,0.88850397,-0.0056249034,0.006954806,0.023875602,0.019703059,-1.0094342,-3.0140476,-0.0030781485,-0.0014347159,-0.00058036915,-0.0048401672,-0.010785472,0.026975043,0.1451849,0.025859838,0.4965845,0.0005011727,0.00015403125,-0.0075148693,0.0,0.0,3.2728833e-05,3.271456e-05,0.05019165,0.0062092748,0.006209922,0.0042707697,0.030186951,0.03021011,0.053222593,1.8856252e-07,1.887184e-07,3.9343556e-07,0.0019266988,0.0019750125,1.5179789e-05,0.0012125022,4.1218194e-05,0.0012509739,0.001168544,0.0011643668,0.0012500645,1.0,1.0,24
204015987,203825671,-0.45899138,0.015730718,-0.0142633915,0.8881869,-0.018261349,0.012625224,0.021351902,-0.0046912194,-1.0103279,-2.9705229,-0.0030757014,-0.0014235768,-0.0005949539,-0.0048423093,-0.01078499,0.026935931,0.14527166,0.025874034,0.49657434,0.0004854191,3.0600935e-05,-0.007517596,0.0,0.0,3.272748e-05,3.27274e-05,0.05016187,0.0062101316,0.006214192,0.0042763907,0.030314378,0.030337563,0.053528033,1.8858547e-07,1.8872792e-07,3.9340014e-07,0.0019267907,0.0019751033,1.5164638e-05,0.0012123281,4.1203126e-05,0.0012509762,0.0011682871,0.0011639827,0.0012500621,1.0,1.0,24
205015970,204825671,-0.45956513,0.015091134,-0.014049307,0.8879047,-0.0057369294,0.007676908,0.028172938,-0.010421813,-1.0080998,-2.9303691,-0.0030954783,-0.0014214796,-0.00061234826,-0.004862393,-0.0107859075,0.026900444,0.14540493,0.025896192,0.4965519,0.00052968215,-0.000107279346,-0.0075262534,0.0,0.0,3.274245e-05,3.274802e-05,0.05014541,0.006211063,0.0062168846,0.004282058,0.030436028,0.030459441,0.05383694,1.8920402e-07,1.89355e-07,3.9609188e-07,0.001926878,0.0019751904,1.5149728e-05,0.0012120685,4.118575e-05,0.0012509739,0.001168133,0.0011636608,0.0012500572,1.0,1.0,24
206015989,205825671,-0.48442748,-0.011452015,0.0004861899,0.87475634,0.19053046,-0.06659688,-0.25412026,0.0465848,-1.0346807,-2.9722748,-0.0031086414,-0.0014253584,-0.0006371215,-0.00496422,-0.010721446,0.026893102,0.1482121,0.026394373,0.4968834,0.0010604446,-0.003608451,-0.008105689,0.0,0.0,3.2665448e-05,3.2662898e-05,0.0481077,0.006534303,0.0074824616,0.004281324,0.030546011,0.030576825,0.053897593,1.8985402e-07,1.9000059e-07,3.991714e-07,0.001926844,0.0019751294,1.51344975e-05,0.0011966471,4.069135e-05,0.0012348616,0.0011463431,0.0011275035,0.001233881,1.0,1.0,24
207015972,206825671,-0.5152697,0.020871405,-0.011447271,0.8566974,-0.022278268,0.04854937,-0.70380867,0.19197221,-1.049684,-3.4204946,-0.0031237558,-0.0014168757,-0.0006554088,-0.004941643,-0.010678732,0.026703488,0.15110166,0.026910845,0.49681938,0.0023687414,-0.006446948,-0.008319419,0.0,0.0,3.2340566e-05,3.2224525e-05,0.0418724,0.006474173,0.006923191,0.0042879735,0.030654995,0.030687824,0.054153953,1.9043298e-07,1.9043844e-07,4.023858e-07,0.0019251872,0.001973212,1.5110097e-05,0.0011155948,3.8120215e-05,0.0012303392,0.001061955,0.0009982227,0.0012293323,1.0,1.0,24
208016021,207825671,-0.49507552,0.006156003,0.0029648682,0.86882305,-0.20927912,0.073762186,-1.0096345,0.086359814,-1.0331057,-4.2617254,-0.0031608688,-0.00141061,-0.0006667388,-0.005418966,-0.010666983,0.026506435,0.15363364,0.02736656,0.4968751,0.002333084,-0.010159024,-0.008652182,0.0,0.0,3.1944157e-05,3.1710908e-05,0.033918876,0.006460762,0.007704273,0.00428943,0.030772928,0.030803986,0.054126304,1.9060066e-07,1.9134865e-07,4.0704094e-07,0.001919838,0.001969453,1.5072975e-05,0.0010172531,3.5006524e-05,0.001228732,0.00093480543,0.00085189065,0.0012273161,1.0,1.0,24
209015982,208825671,-0.4443695,0.041252017,0.022103509,0.89462036,-0.16394617,-0.13228436,-1.1986486,-0.0514899,-1.0002855,-5.3976398,-0.003158383,-0.0014283081,-0.0006717628,-0.0055853985,-0.011005003,0.026439585,0.14727914,0.024155034,0.48968756,-0.00028145328,0.0022982792,-0.014127166,0.0,0.0,3.223173e-05,3.1429896e-05,0.062522516,0.008227804,0.0064489287,0.004299501,0.030896561,0.030928995,0.054310147,1.915263e-07,1.9377849e-07,4.1558854e-07,0.0019154437,0.001965329,1.5027145e-05,0.0013161636,0.0016163586,0.0013056297,0.0014581357,0.0014729605,0.0013060028,1.0,1.0,24
210015988,209825671,-0.5337278,0.08493079,0.048367728,0.8399893,-0.7299446,-1.1586748,-1.4241859,-0.4684842,-1.6316183,-6.7509317,-0.0031821907,-0.0014196978,-0.0006684588,-0.005690659,-0.011297809,0.026422499,0.14596662,0.027768195,0.48923984,-0.0036781516,-0.00038061172,-0.014217505,0.0,0.0,3.2638647e-05,3.3306802e-05,0.020028867,0.019205501,0.0100930575,0.0043225004,0.031147609,0.031036662,0.054458354,1.9784358e-07,1.950686e-07,4.2546287e-07,0.0019151005,0.0019635966,1.4979301e-05,0.0012102479,0.0013171865,0.0012305686,0.0012352924,0.0012712551,0.0012323624,1.0,1.0,24
212015992,211825671,-0.5629147,0.011052632,0.0077416236,0.82640487,-1.1405219,-2.597727,-1.750262,-2.7558174,-5.95648,-9.887305,-0.003193926,-0.0013664493,-0.0006634199,-0.006165951,-0.010666798,0.026372092,0.14542463,0.02700961,0.48928267,-0.0047416077,-0.00083376997,-0.014713675,0.0,0.0,3.2444106e-05,4.0017818e-05,0.0037796109,0.006985267,0.006470571,0.0043315156,0.03137624,0.031166052,0.05445176,2.1591839e-07,1.9534575e-07,4.4528235e-07,0.0019094374,0.0019444296,1.4851178e-05,0.00094283733,0.0009601289,0.0011754419,0.00091758603,0.0009600312,0.001175789,1.0,1.0,24
213016001,212825670,-0.5569613,-0.056805223,-0.04156375,0.8275505,-0.7643358,-2.0313768,-0.692175,-3.8368423,-8.431758,-10.925389,-0.003161765,-0.0013302795,-0.00066726597,-0.0047220015,-0.007156905,0.026836531,0.14449897,0.026835155,0.490074,-0.0059483163,-0.00060206186,-0.015150045,0.0,0.0,3.2490592e-05,4.106189e-05,0.0036170613,0.0076454883,0.00701348,0.004324226,0.031365838,0.031273123,0.054439917,2.1530958e-07,1.9649497e-07,4.5486644e-07,0.0018936283,0.0019258276,1.4774254e-05,0.0009035337,0.00088311307,0.0010820284,0.0008329934,0.00092334225,0.00108242,1.0,1.0,24
214015984,213825671,-0.5688618,-0.022505712,-0.033621527,0.8214375,-0.11305474,-0.5894779,-0.5873383,-4.2128077,-9.691778,-11.57074,-0.0031992705,-0.0012928394,-0.0006569939,-0.0057258154,-0.0054809246,0.027039757,0.14353861,0.027147789,0.49207225,-0.005459018,0.00038259052,-0.01751951,0.0,0.0,3.2155247e-05,3.3641514e-05,0.0019365151,0.011709412,0.007437584,0.0043643457,0.031626105,0.031623024,0.055001512,1.976577e-07,1.965747e-07,4.63673e-07,0.0018772081,0.0019119125,1.4718458e-05,0.0008731332,0.00074675167,0.0009066145,0.000705569,0.0008947566,0.0009080107,1.0,1.0,24
215015981,214825671,-0.5772778,0.021788845,-0.00013213008,0.816257,0.07232994,-0.025160782,-0.6790967,-4.210229,-9.875813,-12.169577,-0.0031817832,-0.0013045213,-0.00065758394,-0.0057609123,-0.006198394,0.026898406,0.14268002,0.027799949,0.49256313,-0.0059174784,0.00095902546,-0.018240903,0.0,0.0,3.2213557e-05,3.239434e-05,0.0012297216,0.0087381555,0.006937539,0.004424561,0.032543283,0.032436136,0.056117713,1.9714356e-07,1.9664623e-07,4.7320773e-07,0.001872262,0.0019037306,1.4681299e-05,0.0008404543,0.0006947367,0.0008815704,0.0006657738,0.0008570517,0.0008840647,1.0,1.0,24
216015985,215825671,-0.5645594,0.038077146,0.0040638875,0.82450366,0.15066485,0.16436641,-0.64874923,-4.071457,-9.779158,-12.766424,-0.0031834415,-0.0013397036,-0.0006562716,-0.006531185,-0.0076078507,0.026643556,0.14238632,0.027361022,0.4924474,-0.006184109,0.0010021868,-0.018174637,0.0,0.0,3.239448e-05,3.30707e-05,0.0010922397,0.007590232,0.007063141,0.004531828,0.03413451,0.033941675,0.057708267,2.0007737e-07,1.9705142e-07,4.8290053e-07,0.0018692397,0.0018986487,1.4659488e-05,0.00081983773,0.0006767387,0.00087551714,0.00065279746,0.0008337586,0.00087886985,1.0,1.0,24
217015968,216825671,-0.5576402,0.05556775,0.022413211,0.82791746,-0.15665996,-0.31522697,-0.51010966,-4.023889,-9.78068,-13.237895,-0.003218544,-0.0013856052,-0.0006590119,-0.007907451,-0.008914585,0.026349802,0.142393,0.026420467,0.4922527,-0.006434065,0.00080941507,-0.017984064,0.0,0.0,3.2175994e-05,3.3248536e-05,0.0010759817,0.006826796,0.006863665,0.0045554033,0.034788296,0.034648024,0.05931948,2.0012035e-07,1.9625098e-07,4.9238764e-07,0.0018657253,0.0018962795,1.4638658e-05,0.00080423505,0.00065468356,0.000824449,0.0006237583,0.0008252361,0.0008280193,1.0,1.0,24
218016021,217825671,-0.5639843,0.102993764,0.05325723,0.8176049,-0.07841619,-0.11346752,-0.58498704,-4.108245,-9.876623,-13.647423,-0.0031803062,-0.00141571,-0.0006590291,-0.010338758,-0.010193302,0.025933024,0.1424687,0.026127242,0.49182698,-0.0063167387,0.00085485843,-0.017801693,0.0,0.0,3.180984e-05,3.293237e-05,0.0010757872,0.006485476,0.006483863,0.004482417,0.03443023,0.03435394,0.05967342,1.9840147e-07,1.9528586e-07,5.0189107e-07,0.0018608144,0.0018951128,1.4618892e-05,0.00079543056,0.0006455238,0.0008136332,0.0006140689,0.00081704464,0.0008173757,1.0,1.0,24
219015972,218825671,-0.5634368,0.011220952,-0.0052868766,0.8260661,-0.5758454,-1.4597607,-0.74507564,-4.525696,-10.959276,-14.120569,-0.0032292414,-0.0014505911,-0.00068116793,-0.012984705,-0.011079114,0.025647288,0.14274536,0.025582468,0.49322808,-0.007150001,-8.0959355e-05,-0.019234762,0.0,0.0,3.1543976e-05,3.2179243e-05,0.0009333224,0.007499146,0.006643965,0.004477693,0.034209397,0.03420498,0.059926856,1.9506007e-07,1.9489465e-07,5.1080275e-07,0.0018536011,0.0018939924,1.4609295e-05,0.00076515734,0.00056877185,0.0006592778,0.0005189669,0.00080402236,0.00066176604,1.0,1.0,24
220015993,219825671,-0.5597584,0.047963955,0.020353075,0.8270162,-0.48652068,-1.1585513,-0.49888366,-5.0932703,-12.230585,-14.584302,-0.0032270914,-0.0013796729,-0.0006790423,-0.015737556,-0.012330536,0.0253439,0.14236404,0.025817616,0.49295768,-0.007299067,0.0002715638,-0.018960007,0.0,0.0,3.1420157e-05,3.209258e-05,0.0008956655,0.0064052814,0.00633994,0.004479135,0.03419374,0.034196366,0.06006446,1.9450356e-07,1.9447941e-07,5.201215e-07,0.0018441442,0.001892487,1.4608186e-05,0.00076283194,0.00056540285,0.0006558581,0.000516001,0.00080119615,0.0006584229,1.0,1.0,24
221015973,220825671,-0.55810696,0.0085970145,-0.013090482,0.8296212,-0.34880298,-0.86959594,-0.43269247,-5.5640063,-13.390249,-14.863921,-0.0032393741,-0.001324605,-0.0006720402,-0.019469196,-0.0137083195,0.024996363,0.1421188,0.025763739,0.4926826,-0.0073750378,0.00045777866,-0.01875023,0.0,0.0,3.1343374e-05,3.214544e-05,0.00090036774,0.0063639986,0.006342743,0.004488677,0.034282286,0.034285493,0.059901822,1.9442199e-07,1.9409116e-07,5.28843e-07,0.0018316704,0.0018907166,1.4614681e-05,0.00075867603,0.00056120375,0.0006508099,0.00051169854,0.000796924,0.00065346976,1.0,1.0,24
222015989,221825671,-0.5777982,0.016634991,-0.011122012,0.8159344,-0.041768774,-0.056128502,-0.44693422,-5.7603188,-13.843651,-15.11889,-0.003242122,-0.0012937732,-0.0006610178,-0.024784006,-0.014960751,0.024562383,0.14188486,0.025862915,0.4926084,-0.007109025,0.0007361441,-0.018796032,0.0,0.0,3.0993513e-05,3.192515e-05,0.0008847365,0.006774355,0.006385887,0.004479544,0.034251284,0.03424886,0.05986339,1.9422887e-07,1.9350193e-07,5.3536525e-07,0.0018168228,0.0018889604,1.4626508e-05,0.0007528375,0.0005479863,0.0006375059,0.00050068775,0.00078882213,0.00064046204,1.0,1.0,24
223016005,222825671,-0.56420505,0.024109688,0.0008933213,0.82528216,-0.08130372,-0.13020071,-0.4400212,-5.7573795,-13.920364,-15.3804655,-0.0032824855,-0.0012748626,-0.00063585513,-0.029785236,-0.0157806,0.024119517,0.1414758,0.025467917,0.49264908,-0.007224816,0.0009945408,-0.018860165,0.0,0.0,3.0705825e-05,3.1887543e-05,0.0008675814,0.006344982,0.006302448,0.0044281255,0.03415535,0.034147702,0.05935395,1.9465018e-07,1.93089e-07,5.42111e-07,0.0018042487,0.0018880977,1.464131e-05,0.00074003654,0.00053965964,0.0006354976,0.00049441383,0.0007743163,0.0006386638,1.0,1.0,24
224015987,223825671,-0.58367234,-0.011098468,0.011668368,0.81182957,-0.100562066,-0.06718835,-0.43024236,-5.9412127,-14.0063,-15.633152,-0.0032825372,-0.0012798967,-0.0006320604,-0.03435365,-0.01670641,0.023674006,0.14143229,0.025288157,0.49259883,-0.007207225,0.000933862,-0.01883524,0.0,0.0,3.0561794e-05,3.1860796e-05,0.0008768359,0.0062851873,0.0062886113,0.004393766,0.034045514,0.03403937,0.05905706,1.946061e-07,1.9271428e-07,5.502454e-07,0.0017951819,0.001887027,1.4649943e-05,0.00073345087,0.0005356228,0.0006310022,0.00049055944,0.00076794863,0.00063398865,1.0,1.0,24
225015970,224825671,-0.5446312,0.019316928,-0.002047863,0.8384507,0.1041829,0.055228055,-0.47140735,-5.9058557,-14.027216,-15.921144,-0.0032861496,-0.0012668726,-0.00062517746,-0.037542343,-0.017772846,0.023273906,0.14130658,0.025281848,0.4927086,-0.007203498,0.0010651324,-0.018965213,0.0,0.0,3.046874e-05,3.1822707e-05,0.0008877131,0.006316796,0.006333192,0.0043837093,0.033986434,0.03398521,0.058808867,1.9454006e-07,1.9247953e-07,5.5804554e-07,0.0017887929,0.0018859735,1.4651996e-05,0.0007260207,0.0005313965,0.0006258316,0.00048588074,0.0007611962,0.0006285514,1.0,1.0,24
226015987,225825671,-0.557377,0.033188846,-0.00733988,0.82956356,0.02375146,0.011373947,-0.43812913,-5.8418264,-13.974325,-16.213158,-0.0032825107,-0.001266014,-0.000622052,-0.040488258,-0.019038761,0.02284161,0.14138553,0.025242768,0.4927117,-0.007142487,0.001002457,-0.018992703,0.0,0.0,3.0373238e-05,3.170326e-05,0.0009001528,0.006315825,0.006302655,0.004370021,0.033960953,0.033963386,0.058401242,1.9405113e-07,1.920857e-07,5.6565364e-07,0.0017828417,0.0018834391,1.4644909e-05,0.0007237829,0.00053039467,0.0006246679,0.00048482136,0.000758809,0.00062733394,1.0,1.0,24
227015969,226825671,-0.5626966,0.022281861,0.038966402,0.82544404,-0.08783575,0.037421986,-0.3618672,-5.942619,-13.875134,-16.477602,-0.0032703802,-0.0012989402,-0.00061813305,-0.042597577,-0.019955022,0.022470359,0.14145784,0.0251936,0.49252024,-0.0070197317,0.00095155434,-0.018820856,0.0,0.0,3.0364301e-05,3.16271e-05,0.0009113811,0.006289792,0.006273843,0.004370953,0.03393503,0.033938456,0.05830536,1.9341708e-07,1.9176946e-07,5.7337525e-07,0.0017782516,0.0018802978,1.46288185e-05,0.00071891356,0.00052823493,0.0006204173,0.00048305767,0.000753697,0.00062283233,1.0,1.0,24
228016018,227825671,-0.5371238,0.021964967,0.03607713,0.8424453,-0.061744783,-0.05291625,-0.43425247,-6.0185924,-13.861012,-16.70966,-0.0032448708,-0.0013292171,-0.0006158527,-0.04428595,-0.021224234,0.022123752,0.1415992,0.02518607,0.49244338,-0.006837144,0.0009729293,-0.018726004,0.0,0.0,3.0385288e-05,3.153276e-05,0.00092083175,0.0063498216,0.0063007954,0.004373883,0.03391252,0.033915874,0.057921644,1.9276142e-07,1.9152316e-07,5.8042576e-07,0.0017747348,0.001876226,1.4599881e-05,0.00070871896,0.0005259919,0.0006133137,0.00048111824,0.0007429896,0.00061557716,1.0,1.0,24
229015975,228825671,-0.5772671,0.03077412,0.005674331,0.81595564,0.23688446,-0.20466954,-0.40792686,-5.9342046,-14.01694,-16.944983,-0.0032206997,-0.001334236,-0.0006090635,-0.046193305,-0.023544332,0.021674398,0.14152098,0.02533811,0.49214536,-0.0066511375,0.0012387417,-0.018459463,0.0,0.0,3.0308876e-05,3.1387775e-05,0.0009268505,0.0063393144,0.0063015767,0.004371088,0.03383714,0.033838116,0.057721287,1.9222168e-07,1.9131836e-07,5.870312e-07,0.001771605,0.0018710272,1.4561544e-05,0.00069272675,0.0005203757,0.0006048477,0.00047730317,0.000725312,0.00060670316,1.0,1.0,24
230016040,229825671,-0.57161564,0.01704388,0.017364323,0.82016075,0.07649591,-0.07443844,-0.417194,-5.894409,-14.150656,-17.173288,-0.0031904145,-0.0013262659,-0.0006032539,-0.04757116,-0.025781058,0.021277394,0.14169724,0.025421564,0.49208802,-0.006415167,0.0012956349,-0.018456265,0.0,0.0,3.0279605e-05,3.1339605e-05,0.00094099256,0.0062771426,0.0062784315,0.0043720207,0.033726174,0.03372654,0.057472076,1.919564e-07,1.9119005e-07,5.9370626e-07,0.0017699379,0.0018667749,1.4520943e-05,0.0006886595,0.0005173352,0.00060174265,0.0004744294,0.0007210279,0.00060348824,1.0,1.0,24
231015972,230825671,-0.55774564,0.01856266,0.0061748675,0.82978135,0.07234547,0.013490332,-0.50894856,-5.863393,-14.190883,-17.450348,-0.0031691827,-0.0013275511,-0.0006008048,-0.04869892,-0.027993768,0.020890733,0.14174415,0.025459174,0.4921273,-0.006336779,0.0014114558,-0.018490484,0.0,0.0,3.0221492e-05,3.127113e-05,0.0009586365,0.0063002277,0.0063023535,0.0043617333,0.033601344,0.033603158,0.056945242,1.9176247e-07,1.9100776e-07,5.999208e-07,0.0017686484,0.0018623489,1.4476796e-05,0.00068706163,0.0005162887,0.00060032733,0.00047330864,0.00071953307,0.0006019572,1.0,1.0,24
232015988,231825671,-0.558467,0.014571325,0.0064020334,0.82937413,0.07545809,-0.07756399,-0.41544682,-5.8002577,-14.158703,-17.753029,-0.0031596692,-0.0013556884,-0.0005967048,-0.04973044,-0.029954245,0.020521002,0.14183854,0.025419319,0.49212533,-0.0062884907,0.00140549,-0.018485757,0.0,0.0,3.0170055e-05,3.121295e-05,0.0009769049,0.006254629,0.0062569273,0.004350243,0.0334578,0.033460893,0.056683328,1.9159572e-07,1.908402e-07,6.0565094e-07,0.0017673905,0.0018580571,1.4434312e-05,0.0006865693,0.0005158158,0.0005992613,0.00047265933,0.0007192039,0.0006008444,1.0,1.0,24
233016005,232825671,-0.56564236,0.034607496,-0.01049986,0.8238573,0.0041198707,0.009693676,-0.35479182,-5.750638,-14.162686,-18.02737,-0.003154137,-0.0013894277,-0.0005938084,-0.050444145,-0.031301506,0.02022288,0.1418652,0.02535845,0.4921062,-0.0062678778,0.0014414456,-0.018468775,0.0,0.0,3.0187768e-05,3.1221516e-05,0.0009960049,0.0062267543,0.0062427213,0.0043332037,0.03331186,0.033315692,0.05615685,1.9146619e-07,1.9074392e-07,6.1134006e-07,0.0017663619,0.0018544331,1.4394379e-05,0.000685075,0.0005141194,0.0005975928,0.0004715544,0.0007169461,0.00059923314,1.0,1.0,24
235015965,234825671,-0.57293755,0.007260295,0.011501072,0.8194863,0.16330811,0.012381491,-0.27304408,-5.976437,-14.01217,-18.488401,-0.0031252613,-0.001435389,-0.00058544584,-0.051936634,-0.03427525,0.019572135,0.1421016,0.025267387,0.49206218,-0.006108284,0.001443806,-0.018464446,0.0,0.0,3.0243209e-05,3.1206833e-05,0.0010307364,0.006206064,0.006267972,0.004330367,0.033029262,0.03303471,0.055655923,1.9116928e-07,1.9049965e-07,6.208551e-07,0.0017641921,0.0018469016,1.4315154e-05,0.0006729136,0.0005097015,0.000589921,0.0004679112,0.00070393906,0.0005914083,1.0,1.0,24
237015978,236825671,-0.56045413,0.010871775,0.0026790411,0.82810974,0.02649587,-0.045358792,-0.2750817,-5.7865105,-14.156333,-18.93609,-0.003114162,-0.0014428142,-0.00058379234,-0.052789804,-0.03632145,0.019120425,0.14233187,0.025288966,0.49178764,-0.005940246,0.0013119223,-0.018290706,0.0,0.0,3.0212332e-05,3.1228537e-05,0.0010680739,0.006209866,0.00621794,0.0043097073,0.032784376,0.032791127,0.054955937,1.9099927e-07,1.9044478e-07,6.288543e-07,0.0017632854,0.0018418474,1.4245568e-05,0.0006648786,0.0005030804,0.00058515824,0.0004622986,0.0006943764,0.00058671285,1.0,1.0,24
238016015,237825671,-0.5783767,0.013744323,-0.010453619,0.81558704,0.022449525,-0.12092586,-0.328546,-5.747607,-14.228369,-19.176916,-0.0031030835,-0.0014870228,-0.00058674434,-0.053120747,-0.037102457,0.0189091,0.14248054,0.025208132,0.4917094,-0.0058853943,0.0011722151,-0.018230658,0.0,0.0,3.0206387e-05,3.1217296e-05,0.0010902195,0.0062225666,0.0062321317,0.0042927493,0.03264596,0.032653525,0.05445613,1.9091203e-07,1.9038838e-07,6.326309e-07,0.0017630728,0.0018402353,1.4216167e-05,0.0006627628,0.00050107366,0.00058283866,0.00046082377,0.0006914827,0.0005844786,1.0,1.0,24
239015965,238825671,-0.58015466,-0.005489201,0.0004363389,0.81448776,-0.089749224,0.093440436,-0.25520924,-5.7883816,-14.240555,-19.430984,-0.0030917507,-0.0015144603,-0.0005850255,-0.053336564,-0.037764747,0.018720267,0.14258151,0.0248764,0.49171686,-0.0060878545,0.0009707805,-0.01820947,0.0,0.0,3.022898e-05,3.120363e-05,0.0011123264,0.0062210504,0.006208892,0.0042900005,0.032502614,0.032510906,0.05419105,1.9089059e-07,1.903652e-07,6.366483e-07,0.0017629275,0.001839122,1.4191193e-05,0.0006574968,0.0004950061,0.00057979743,0.00045637312,0.00068411557,0.0005816485,1.0,1.0,24
240015983,239825671,-0.55054617,-0.06727572,0.07235467,0.82893765,1.1370848,0.019150699,0.4897223,-5.5351167,-14.142772,-19.296568,-0.0031077266,-0.001515522,-0.0005595316,-0.053490993,-0.037762355,0.01872132,0.1423365,0.024749735,0.49165446,-0.006229272,0.0011619779,-0.018103918,0.0,0.0,3.0499112e-05,3.1529435e-05,0.0011113135,0.0060192468,0.0071881316,0.004305182,0.03234757,0.032361884,0.05394018,1.913728e-07,1.9076207e-07,6.350786e-07,0.0017623905,0.0018370163,1.4162362e-05,0.00056647294,0.00049148547,0.0005078425,0.00045013745,0.00059622776,0.00050880923,1.0,1.0,24
241015973,240825671,-0.54737234,0.023963446,-0.0063278903,0.8365221,1.5462264,-0.073329516,0.113695756,-3.9447644,-14.191276,-18.901476,-0.0031356644,-0.0015285156,-0.00056406873,-0.053503755,-0.038893368,0.018427923,0.14238459,0.024556816,0.49205342,-0.0064657875,0.0011108309,-0.018497499,0.0,0.0,3.0891835e-05,3.161288e-05,0.0009992901,0.0062435605,0.0066230847,0.004305384,0.032191653,0.032242768,0.053471703,1.9159617e-07,1.918424e-07,6.163644e-07,0.0017618237,0.0018347516,1.4125472e-05,0.0005465422,0.0004896921,0.0004932393,0.00044727986,0.0005778166,0.0004941521,1.0,1.0,24
242015983,241825671,-0.5596357,0.051719736,-0.02368142,0.8267842,0.6184603,0.0032334179,-0.08119018,-2.8273313,-14.235375,-18.757477,-0.00315062,-0.0015238065,-0.0005700776,-0.05341008,-0.040762424,0.018022131,0.1422444,0.024525236,0.49190533,-0.0065234527,0.0013216243,-0.018375097,0.0,0.0,3.0625408e-05,3.127854e-05,0.0010031437,0.006292051,0.0066007255,0.004298306,0.032038018,0.03206543,0.053238757,1.9106126e-07,1.9138936e-07,6.153242e-07,0.0017608694,0.0018305765,1.4080131e-05,0.0005356695,0.00048793582,0.00048453058,0.0004467574,0.0005657306,0.0004853956,1.0,1.0,24
243015967,242825671,-0.5640124,0.03267906,-0.009863209,0.82506055,-0.10578062,-0.007260582,-0.07087434,-2.6396346,-14.213279,-18.742813,-0.0031310346,-0.001536047,-0.00055819034,-0.05352249,-0.041620295,0.017815804,0.14236884,0.024327286,0.49191132,-0.0064399852,0.0012950822,-0.018400146,0.0,0.0,3.0224011e-05,3.099601e-05,0.00095811806,0.0062348065,0.0069479253,0.0042953747,0.031874213,0.03188312,0.052985806,1.904836e-07,1.9031037e-07,6.104469e-07,0.0017605431,0.0018267,1.40372595e-05,0.00052622857,0.0004862116,0.000476913,0.00044623067,0.0005552258,0.0004779556,1.0,1.0,24
244015985,243825671,-0.5618713,0.065907165,-0.033863578,0.8238993,-1.7622683,-0.012540011,-0.106333144,-3.4706705,-14.207659,-18.804554,-0.0031097797,-0.0015496027,-0.00054484885,-0.053513836,-0.042390674,0.017617568,0.14190468,0.024128499,0.49212053,-0.00642219,0.0019146812,-0.018653901,0.0,0.0,3.0720294e-05,3.075721e-05,0.0008531047,0.0062054824,0.008477288,0.0043120147,0.031713706,0.03175521,0.052499484,1.9024293e-07,1.9094679e-07,6.001024e-07,0.001760358,0.0018235408,1.3998516e-05,0.00046589252,0.00048346128,0.0004273299,0.00044245893,0.0004965302,0.00042820038,1.0,1.0,24
245015967,244825671,-0.5672082,-0.018462142,0.025913404,0.82295966,-1.3243243,0.075583175,-0.10143361,-5.225952,-14.173242,-18.880442,-0.0030897644,-0.0015452474,-0.00054920744,-0.053674627,-0.042868014,0.017486844,0.14186208,0.024068128,0.4920671,-0.0065201833,0.0018989452,-0.018591404,0.0,0.0,3.1922278e-05,3.0622024e-05,0.00078480865,0.0061797174,0.0062146597,0.0042705806,0.03156706,0.031629447,0.05224146,1.9036784e-07,1.9311364e-07,5.9633675e-07,0.0017601146,0.0018219315,1.3973075e-05,0.00046083107,0.00048187244,0.00042279618,0.0004412342,0.00049171544,0.00042360873,1.0,1.0,24
246015983,245825671,-0.55828464,-0.013654118,0.028161453,0.829059,-0.18431415,-0.027124885,-0.03501798,-5.947116,-14.122817,-18.870058,-0.0030819222,-0.0015711167,-0.0005716874,-0.053989593,-0.043307807,0.017315496,0.14171448,0.024146773,0.49198338,-0.0066261394,0.0019837096,-0.01849738,0.0,0.0,3.1296706e-05,3.0649666e-05,0.00077898795,0.0061643054,0.0070375376,0.0042572906,0.031425163,0.031444367,0.051759083,1.903953e-07,1.9206428e-07,5.924206e-07,0.0017598892,0.0018212788,1.3957371e-05,0.00044933593,0.00048115465,0.00041291033,0.00043972133,0.00048134488,0.00041341851,1.0,1.0,24
247015968,246825671,-0.5458728,-0.12938571,0.092862725,0.8225927,0.9651698,-0.11201509,-0.1640894,-5.7410784,-14.223101,-18.869343,-0.0030990797,-0.001561239,-0.0005455298,-0.05410024,-0.043660138,0.017128918,0.14200889,0.024063261,0.49156395,-0.0064832363,0.0017320852,-0.018101307,0.0,0.0,3.028633e-05,3.067076e-05,0.00071742275,0.006217449,0.00810438,0.0042722975,0.031298444,0.031327713,0.0515256,1.9039443e-07,1.907108e-07,5.7713515e-07,0.0017593214,0.0018208184,1.3945008e-05,0.00042189422,0.0004807441,0.00038898253,0.00043599762,0.00045750855,0.00038931362,1.0,1.0,24
248015985,247825671,-0.54964757,0.05197419,-0.037326958,0.83294237,1.249536,-0.041125286,-0.44087815,-4.2060184,-14.344583,-19.044725,-0.0031288913,-0.0015540753,-0.00052169315,-0.05400007,-0.044105697,0.016901752,0.14218698,0.023818918,0.49202016,-0.006523353,0.0016337727,-0.018566795,0.0,0.0,2.9964978e-05,3.0450916e-05,0.00061066315,0.0062736035,0.0066639413,0.0042641833,0.031186255,0.031266253,0.05132964,1.9042592e-07,1.9122962e-07,5.5542586e-07,0.0017580385,0.0018200364,1.39274525e-05,0.0004030139,0.00047821144,0.0003723515,0.00043183053,0.00044067498,0.00037263054,1.0,1.0,24
249015971,248825671,-0.5598369,0.05646743,-0.034888756,0.8259401,-0.23760606,0.05541481,-0.5937166,-3.6729157,-14.329524,-19.516064,-0.0031537567,-0.0015680355,-0.0005342887,-0.05392418,-0.0444125,0.016717415,0.14204408,0.023747232,0.4918926,-0.006542807,0.0017536288,-0.018427918,0.0,0.0,2.9645029e-05,3.0173107e-05,0.0006142385,0.0062479204,0.0066842013,0.0042541903,0.031085249,0.03112249,0.050940704,1.9020568e-07,1.908466e-07,5.553188e-07,0.001757475,0.0018184946,1.3901674e-05,0.00038755653,0.0004746016,0.00035934235,0.000431276,0.00042219643,0.00035949482,1.0,1.0,24
250015985,249825671,-0.5670622,0.027507422,-0.01523937,0.82307446,-1.0712042,0.10451499,-0.6013232,-4.4028893,-14.2880335,-20.092379,-0.0031450258,-0.0015414264,-0.00055846747,-0.053849805,-0.04485473,0.016578982,0.14214282,0.023711313,0.49199995,-0.0066097574,0.0016070078,-0.018541645,0.0,0.0,2.9604806e-05,3.006779e-05,0.00058929896,0.006186395,0.0067926412,0.0042606327,0.03100473,0.031016292,0.0507811,1.8997555e-07,1.9040027e-07,5.5250956e-07,0.00175738,0.0018173478,1.3874708e-05,0.00038157002,0.00047194172,0.0003542334,0.00043043253,0.00041433584,0.00035455832,1.0,1.0,24
251015971,250825671,-0.5695369,-0.011987717,0.031003037,0.8212935,-0.82417333,0.17067823,-0.28066874,-5.4651856,-14.149753,-20.58382,-0.0031220329,-0.0015187573,-0.00056781434,-0.053912103,-0.044706,0.016594479,0.14202462,0.023677433,0.491946,-0.006736279,0.0016513484,-0.018454751,0.0,0.0,3.0056324e-05,3.025132e-05,0.00058747473,0.006074547,0.0061003263,0.0042393156,0.030931441,0.030945934,0.050430343,1.9011912e-07,1.9102181e-07,5.54084e-07,0.0017571145,0.0018163616,1.38488085e-05,0.00037957611,0.00047027072,0.0003525219,0.00042917274,0.00041210896,0.00035277323,1.0,1.0,24
252015988,251825671,-0.5639072,-5.720995e-05,0.024208663,0.8254832,-0.07762511,0.064001344,-0.022735545,-5.893438,-14.053519,-20.703053,-0.0031016546,-0.0014996107,-0.0005681202,-0.053970773,-0.044332206,0.016643416,0.14187236,0.023728672,0.4919501,-0.006743917,0.001810629,-0.018431673,0.0,0.0,3.0338198e-05,3.0706895e-05,0.0005991153,0.00606961,0.006307972,0.004237268,0.030859621,0.030872678,0.05032164,1.9050199e-07,1.9125021e-07,5.54448e-07,0.0017565602,0.0018145808,1.382538e-05,0.00037489738,0.00046940838,0.0003485823,0.00042851883,0.00040737676,0.00034865842,1.0,1.0,24
253015967,252825671,-0.5516795,0.014942803,0.01710737,0.83374697,0.090182215,0.003852834,0.0011346322,-5.8238854,-14.057691,-20.653028,-0.0031172635,-0.0014863183,-0.0005693733,-0.054081578,-0.044699866,0.016533026,0.14176188,0.023730775,0.49199829,-0.006725565,0.00194742,-0.018441109,0.0,0.0,3.0416646e-05,3.103046e-05,0.0006016398,0.0061393897,0.0062942305,0.0042417906,0.030815966,0.030837137,0.050265577,1.9061767e-07,1.911484e-07,5.5154925e-07,0.0017563609,0.0018131351,1.3804134e-05,0.00037396976,0.000468973,0.00034775218,0.0004282724,0.0004062724,0.00034780713,1.0,1.0,24
254015985,253825671,-0.5670093,0.00900779,0.007965629,0.8236237,0.6196518,-0.069847055,0.6710822,-5.4324384,-14.157082,-20.183277,-0.0031512675,-0.0014377252,-0.0005296117,-0.054366216,-0.045126263,0.016475318,0.14139678,0.023734184,0.4919265,-0.006713256,0.002372779,-0.018302638,0.0,0.0,3.074934e-05,3.1499207e-05,0.00060385244,0.0060343295,0.0062904223,0.0042467816,0.030800715,0.030834865,0.050075255,1.909035e-07,1.9147733e-07,5.484614e-07,0.0017556924,0.0018108205,1.3779945e-05,0.00036724008,0.000468323,0.00034190892,0.00042779624,0.00039934515,0.00034195278,1.0,1.0,24
255015964,254825671,-0.5609736,0.064902715,-0.025096908,0.8249039,0.042085465,0.10613729,0.5708832,-4.969133,-14.1899395,-19.437449,-0.0031848275,-0.0013994392,-0.0005261321,-0.054752547,-0.046154562,0.016215336,0.14151609,0.023637734,0.49190938,-0.0067028683,0.002272898,-0.018283667,0.0,0.0,3.0951316e-05,3.175466e-05,0.0006129003,0.006182558,0.0062093623,0.0042441753,0.03083689,0.030868102,0.050164364,1.9090439e-07,1.915072e-07,5.476238e-07,0.0017553059,0.0018089224,1.3756823e-05,0.00036234467,0.0004671677,0.0003376984,0.00042715896,0.000393786,0.00033784084,1.0,1.0,24
256016014,255825671,-0.5448792,0.03290976,0.0072199753,0.8378375,-0.34180123,0.060501803,0.11421276,-5.169671,-14.090917,-18.91918,-0.003213822,-0.0014372602,-0.00051527197,-0.056212638,-0.047983285,0.015645955,0.14150307,0.02348182,0.49198595,-0.006642431,0.002339078,-0.01836703,0.0,0.0,3.065998e-05,3.143982e-05,0.00062105194,0.006328807,0.006425877,0.00424241,0.03097472,0.030990992,0.05015698,1.9029618e-07,1.9073794e-07,5.4770413e-07,0.0017547413,0.0018073604,1.3738519e-05,0.0003592127,0.00046652165,0.00033516157,0.0004260798,0.0003911204,0.0003352949,1.0,1.0,24
258015983,257825671,-0.5700463,0.020457767,0.006296376,0.8213337,-0.10849713,0.007073557,-0.07677201,-5.6606774,-14.155619,-18.744255,-0.0032060086,-0.0014131587,-0.00052434584,-0.058541056,-0.05066676,0.014745972,0.14152354,0.023442348,0.49197724,-0.0066298894,0.0023779925,-0.018393464,0.0,0.0,2.9984614e-05,3.0704545e-05,0.0006517974,0.0064122523,0.006447638,0.004318662,0.032367244,0.03238352,0.051426254,1.898821e-07,1.9032473e-07,5.4995763e-07,0.0017517717,0.0018043692,1.37248135e-05,0.00035838547,0.00046495826,0.00033474466,0.0004247338,0.00039008987,0.00033487414,1.0,1.0,24
259015972,258825671,-0.56121343,-0.00017071697,-0.009790913,0.82761323,0.26176497,0.45601898,-0.288285,-5.523779,-13.945436,-19.092264,-0.0031780098,-0.0013905059,-0.00052604114,-0.059741676,-0.051715374,0.014365528,0.14161085,0.023334548,0.49191886,-0.006669593,0.0022961816,-0.018353293,0.0,0.0,2.9370658e-05,3.0230141e-05,0.00066027994,0.006298224,0.0063387784,0.0042886487,0.0323352,0.032354057,0.051441725,1.8972382e-07,1.8992868e-07,5.472647e-07,0.0017494787,0.0018031104,1.37191655e-05,0.00035687265,0.00046304832,0.00033269532,0.00042244175,0.00038900375,0.0003327579,1.0,1.0,24
260015985,259825671,-0.5620665,0.032905634,-0.015444114,0.8262929,0.14113818,0.8775835,0.025174087,-5.254918,-13.211903,-19.202948,-0.0031964008,-0.0014162577,-0.0005141101,-0.05947929,-0.051692754,0.014372369,0.14168529,0.023171078,0.49196696,-0.0067320066,0.0021651594,-0.018375233,0.0,0.0,2.9488661e-05,3.052104e-05,0.00066444534,0.006189802,0.0061112507,0.0042737545,0.032276526,0.032292906,0.051615547,1.9058136e-07,1.9029767e-07,5.436032e-07,0.0017480671,0.0018025743,1.3716478e-05,0.00035603164,0.00046060217,0.0003312237,0.00042094165,0.00038722577,0.0003312884,1.0,1.0,24
261016001,260825671,-0.54289067,0.036996428,-0.0137779815,0.83887494,-0.13985066,0.77849734,0.19595827,-5.269887,-12.345911,-19.057331,-0.0031704425,-0.0014299386,-0.00052239874,-0.05908797,-0.051483907,0.014442995,0.14177,0.023160756,0.49202543,-0.006723709,0.0020693971,-0.018418835,0.0,0.0,2.9845598e-05,3.096916e-05,0.0006770409,0.006099284,0.00612592,0.004251672,0.03219669,0.03220951,0.051473197,1.911255e-07,1.9064093e-07,5.430568e-07,0.0017464653,0.0018019262,1.3716078e-05,0.00035382767,0.0004599725,0.00032965053,0.00042053976,0.000384785,0.00032972297,1.0,1.0,24
262015987,261825673,-0.5616007,0.026649639,0.023280617,0.82665145,-0.37629732,0.65206754,0.098375805,-5.5646844,-11.534548,-18.81558,-0.0031529388,-0.0014854447,-0.00052067416,-0.05895787,-0.051327292,0.014389701,0.14176485,0.023114322,0.49203846,-0.0066472935,0.0020906196,-0.01842549,0.0,0.0,3.0148136e-05,3.1166626e-05,0.0006904223,0.006240466,0.006233172,0.0042459858,0.032123156,0.03213654,0.051479176,1.909063e-07,1.9073697e-07,5.4352483e-07,0.0017453558,0.0018014689,1.3717985e-05,0.00035194537,0.00045817616,0.00032794656,0.0004194077,0.00038224395,0.00032797107,1.0,1.0,24
263015973,262825671,-0.57306653,0.03542085,0.02835643,0.8182518,-0.06813243,0.11112338,0.0014787894,-5.788111,-11.155166,-18.735312,-0.0031328234,-0.0014991296,-0.0005197471,-0.059303086,-0.0514491,0.014266637,0.14173105,0.023171408,0.49200013,-0.006552574,0.0021673606,-0.018371563,0.0,0.0,3.0090085e-05,3.0967443e-05,0.00069525075,0.0064670704,0.0062846253,0.0042479415,0.032094866,0.032110956,0.051456865,1.9025822e-07,1.9042318e-07,5.4108136e-07,0.0017447921,0.001801437,1.3721521e-05,0.00035154133,0.00045510035,0.00032605758,0.00041721013,0.00038096283,0.00032604494,1.0,1.0,24
264015983,263825671,-0.5804956,0.030497584,-0.016175872,0.81353134,0.099923916,-0.15101045,-0.068761535,-5.7161818,-11.242706,-18.714521,-0.0031291672,-0.0015182383,-0.0005387737,-0.059511896,-0.051596362,0.014198182,0.14178532,0.023018029,0.49209404,-0.006678874,0.0020249453,-0.018463692,0.0,0.0,2.993179e-05,3.089812e-05,0.00068839034,0.006366761,0.006305069,0.0042455923,0.032097336,0.032111105,0.05123006,1.9000164e-07,1.9027793e-07,5.3568994e-07,0.0017438504,0.0018012468,1.37282905e-05,0.000349983,0.00045174305,0.0003250194,0.00041446128,0.0003786919,0.00032503897,1.0,1.0,24
265016140,264825671,-0.5500073,0.05441709,0.043038554,0.83227307,0.12734427,-0.94002396,-0.1138614,-5.6074543,-11.721227,-18.819275,-0.0031180603,-0.0014975665,-0.000523413,-0.059706602,-0.051431015,0.0140783405,0.14169475,0.023325404,0.49200326,-0.0063808504,0.002247259,-0.018371437,0.0,0.0,2.9735593e-05,3.094149e-05,0.0006857493,0.00656487,0.006250903,0.0042577544,0.032142203,0.03214965,0.051266152,1.9003274e-07,1.90331e-07,5.313884e-07,0.0017423563,0.0018006767,1.3737598e-05,0.0003490164,0.00043762478,0.00031734683,0.00040292848,0.0003749141,0.00031735818,1.0,1.0,24
266016214,265825673,-0.55775446,0.03254232,0.0035463348,0.82936037,-0.046809956,-1.3346038,-0.03808674,-5.590993,-12.948263,-18.785355,-0.003088002,-0.0014870676,-0.00050682464,-0.059903014,-0.0514316,0.013983308,0.141753,0.0233625,0.4920157,-0.0062071383,0.0022811184,-0.018380811,0.0,0.0,2.9765459e-05,3.1475432e-05,0.0006782345,0.0063013523,0.00620271,0.004256167,0.032190017,0.032184806,0.051128548,1.907255e-07,1.9063944e-07,5.2713375e-07,0.001741256,0.0018006801,1.3746536e-05,0.0003486246,0.00043367178,0.00031506916,0.00039929076,0.00037424467,0.00031510252,1.0,1.0,24
267016137,266825671,-0.55431646,0.0010462273,-0.033229023,0.83164185,-0.05217088,-0.72423136,-0.06925998,-5.7076693,-14.053455,-18.769527,-0.0030473208,-0.0014716599,-0.00051635323,-0.060743436,-0.05154804,0.013779536,0.1417062,0.023363246,0.49194688,-0.0061586443,0.0023236217,-0.018315548,0.0,0.0,2.9752e-05,3.147869e-05,0.0006891406,0.006396818,0.0062175225,0.004251245,0.032213274,0.032222338,0.051217597,1.9081222e-07,1.905116e-07,5.2621476e-07,0.0017400957,0.0018006997,1.37557645e-05,0.00034831048,0.00042858528,0.00031224874,0.00039538616,0.00037266169,0.00031226542,1.0,1.0,24
268016176,267825671,-0.5664826,-0.0014377116,-0.024189692,0.8237174,-0.04661202,-0.03919745,-0.10224607,-5.7856946,-14.383876,-18.769014,-0.0030314887,-0.0014721004,-0.00052175176,-0.061612558,-0.05163731,0.0135623645,0.14166439,0.023396699,0.49200663,-0.0061284355,0.002333423,-0.018375326,0.0,0.0,2.9701783e-05,3.0956755e-05,0.00067191554,0.006790011,0.0062272903,0.0042547355,0.032259542,0.032279424,0.05133963,1.9030534e-07,1.9020796e-07,5.172391e-07,0.00173871,0.0018006159,1.3764818e-05,0.00034802072,0.00042138796,0.00030868078,0.0003896388,0.00037087197,0.00030868506,1.0,1.0,24
269016137,268825671,-0.5599372,0.011080378,-0.0063366396,0.82843673,0.017701225,0.20636012,-0.07960366,-5.796866,-14.237655,-18.782806,-0.0030168649,-0.0014948379,-0.00052726234,-0.062202867,-0.051652286,0.0133693945,0.1416425,0.023330767,0.4920179,-0.0061701625,0.0023088863,-0.01837763,0.0,0.0,2.9674791e-05,3.079466e-05,0.00065288,0.006494243,0.0062190285,0.004246198,0.032299016,0.032309055,0.051223565,1.9053398e-07,1.9008705e-07,5.0899524e-07,0.0017378994,0.0018006292,1.3770714e-05,0.00034789238,0.0004189436,0.00030767504,0.00038766887,0.00037034988,0.00030767932,1.0,1.0,24
270016207,269825671,-0.7921893,0.012659206,-0.0037643916,0.6101326,0.122453235,0.8304809,-0.047013335,-5.774818,-13.571281,-18.81536,-0.0029778064,-0.0014820467,-0.00055859593,-0.062277753,-0.051632725,0.013206438,0.14086366,0.024150284,0.49215257,-0.00588657,0.0032583897,-0.018497301,0.0,0.0,2.9553788e-05,3.0899297e-05,0.00063836726,0.006528416,0.0062899417,0.0042505125,0.03235518,0.032347582,0.051321954,1.9157392e-07,1.9017703e-07,5.046144e-07,0.0017361338,0.001798788,1.37701345e-05,0.00028891684,0.00032537742,0.00030166894,0.00030350036,0.00030060808,0.0003018485,1.0,1.0,24
271016211,270825671,-0.9881314,0.02634808,-0.01122718,0.150918,0.061804686,0.44025347,-0.08359315,-5.7017064,-12.926459,-18.804577,-0.0029683795,-0.0014573815,-0.00055640773,-0.061373472,-0.048382703,0.0131264115,0.142089,0.02719221,0.49215743,-0.0026882356,0.0030987717,-0.01857114,0.0,0.0,2.7141998e-05,2.8444612e-05,0.0006529324,0.0074566356,0.007462252,0.004243756,0.03238884,0.03238729,0.0511896,1.9323389e-07,1.9136434e-07,5.114027e-07,0.0016534128,0.001710041,1.3637431e-05,0.00010466257,0.00011004946,0.00030046483,9.982823e-05,0.000102385624,0.00030057319,1.0,1.0,24
272016164,271825671,-0.93978274,0.012270525,-0.013469055,-0.34128648,-0.00555052,0.097056605,-0.092292,-5.6526203,-12.762748,-18.83599,-0.003017284,-0.0014024645,-0.00055965234,-0.06605448,-0.02710969,0.013684465,0.14227723,0.028835693,0.49252757,-0.000985507,0.0023814817,-0.018695403,0.0,0.0,1.9855732e-05,2.036431e-05,0.0006682065,0.009471567,0.009295166,0.0042665433,0.032519553,0.032526825,0.051277004,1.9771842e-07,1.9626658e-07,5.1746673e-07,0.001311449,0.0013489241,1.3087016e-05,4.1647054e-05,4.7422807e-05,0.00030002437,3.796109e-05,3.9817183e-05,0.00030027938,1.0,1.0,24
273016166,272825671,-0.6754265,0.0005723305,-0.017405441,-0.7372217,-0.03234969,0.016453426,-0.02521618,-5.606656,-12.8213,-18.856262,-0.0030435056,-0.0013736744,-0.00056731893,-0.059346106,-0.0014108097,0.014140821,0.14170133,0.030729907,0.49280715,0.00014171388,0.0022449838,-0.018737957,0.0,0.0,1.3460381e-05,1.3537294e-05,0.00068412913,0.009302902,0.009186114,0.0042689526,0.03266387,0.0326673,0.051389396,2.0635845e-07,2.0504281e-07,5.2235504e-07,0.0009188702,0.00093784614,1.246216e-05,2.3517543e-05,3.0703493e-05,0.0002999067,2.1932503e-05,2.2783577e-05,0.0003002262,1.0,1.0,24
274016167,273825671,-0.27073562,-0.0008438127,-0.020384792,-0.96243757,-0.040645935,0.06673816,0.012457388,-5.597815,-12.807107,-18.85407,-0.0030459354,-0.0013784509,-0.0005526567,-0.058447246,0.009993535,0.014450808,0.14161377,0.031525016,0.49290168,0.0007851009,0.001989504,-0.018726572,0.0,0.0,1.0862518e-05,1.0847686e-05,0.00070113793,0.008428648,0.008387107,0.0043240516,0.033466145,0.0334635,0.051798087,2.1595353e-07,2.1470039e-07,5.257379e-07,0.00068983936,0.0007009159,1.2102294e-05,1.73354e-05,2.5178508e-05,0.0002998403,1.6872831e-05,1.700681e-05,0.00030015796,1.0,1.0,24
275015981,274825671,0.22204536,-0.0034432646,-0.015743675,-0.9749032,0.0019909479,0.010937157,-0.013309466,-5.6139994,-12.755475,-18.837082,-0.003037742,-0.001386086,-0.00051604485,-0.058297638,0.013862012,0.014503797,0.14185236,0.031694356,0.492806,0.0010091532,0.0015921083,-0.018599723,0.0,0.0,1.0100018e-05,1.0066734e-05,0.0007162146,0.007330814,0.0073299943,0.0043740543,0.034093976,0.034092374,0.052564587,2.2530226e-07,2.2414432e-07,5.2709174e-07,0.0005760353,0.0005831582,1.1919e-05,1.5432373e-05,2.360103e-05,0.00029966675,1.5497833e-05,1.5232184e-05,0.0002999905,1.0,1.0,24
276016001,275825671,0.6679784,-0.012350344,0.002472539,-0.74407417,0.011139743,-0.0661608,-0.0073945657,-5.6366596,-12.831198,-18.821272,-0.0030339817,-0.0013771923,-0.00042297345,-0.059031677,0.012162723,0.014390758,0.14218894,0.03157391,0.4927127,0.0009718235,0.001264961,-0.018520862,0.0,0.0,9.981461e-06,9.94734e-06,0.0007266628,0.006500414,0.006513728,0.004395211,0.034463264,0.034467474,0.053210627,2.345112e-07,2.3343486e-07,5.2477617e-07,0.0005306459,0.0005358891,1.1836588e-05,1.51115255e-05,2.3328874e-05,0.00029943287,1.5267171e-05,1.4929682e-05,0.00029973834,1.0,1.0,24
277015981,276825671,0.94167536,-0.011715646,0.002796366,-0.3363073,0.016351482,0.014257351,0.0018755104,-5.6414537,-12.915324,-18.779577,-0.0030370497,-0.0013698662,-0.000323144,-0.059370752,0.010919983,0.014285114,0.14175229,0.03148232,0.49284908,0.00061584025,0.0016455424,-0.018620223,0.0,0.0,1.0027149e-05,9.995345e-06,0.00073941424,0.006289219,0.0063171247,0.004415033,0.034850527,0.034860812,0.054110948,2.4388953e-07,2.4285995e-07,5.240214e-07,0.0005156665,0.000519946,1.1799298e-05,1.4601386e-05,2.2623479e-05,0.00029913898,1.4508917e-05,1.44037085e-05,0.0002994022,1.0,1.0,24
278015964,277825671,0.99970454,-0.002772631,0.016111154,-0.017992463,0.1162261,-0.0068692695,-0.08825938,-5.5701146,-12.98039,-18.768745,-0.0030382317,-0.001361698,-0.00025643432,-0.06072948,0.011905874,0.014242647,0.14097618,0.031626392,0.49290717,0.0004766697,0.0023785615,-0.018610265,0.0,0.0,9.969877e-06,9.946043e-06,0.00075829966,0.0062134303,0.0062537296,0.00434404,0.03444155,0.0344532,0.054192465,2.534916e-07,2.524868e-07,5.28218e-07,0.0005017913,0.0005059191,1.1757706e-05,1.3020449e-05,2.0814508e-05,0.0002987657,1.2682971e-05,1.28504935e-05,0.00029896072,1.0,1.0,24
279015983,278825671,0.99835247,0.0067279628,0.016715605,-0.054477446,0.0119649535,0.08154572,-0.018147493,-5.497016,-12.968168,-18.819744,-0.0030338848,-0.0013630388,-0.00023104086,-0.06059877,0.013188712,0.014253479,0.14045994,0.031766396,0.4933113,0.0003719988,0.0028615845,-0.018952249,0.0,0.0,1.0400444e-05,1.0365478e-05,0.0007801648,0.0064666322,0.0064623426,0.0043210755,0.03436216,0.034373343,0.054002736,2.6281126e-07,2.6184767e-07,5.344782e-07,0.00047632892,0.000480286,1.17047675e-05,1.1625498e-05,1.9211215e-05,0.000297968,1.111601e-05,1.1482673e-05,0.00029817253,1.0,1.0,24
281016014,280825671,0.99613637,-0.023551015,0.027539281,-0.079995334,0.041714042,0.05802517,-0.010928545,-5.540178,-12.715729,-18.74568,-0.0030366506,-0.0014052165,-0.00020765049,-0.056774445,0.013839846,0.013955058,0.13995534,0.03216534,0.49350384,0.00032362546,0.0034643207,-0.01911056,0.0,0.0,1.2583953e-05,1.250552e-05,0.00082701724,0.0064990153,0.006524632,0.004284283,0.034257207,0.034265056,0.05358406,2.7500863e-07,2.7419293e-07,5.475747e-07,0.00041498293,0.00041883896,1.1590454e-05,9.835808e-06,1.7125083e-05,0.00029729487,9.147878e-06,9.859164e-06,0.00029755017,1.0,1.0,24
282015964,281825671,0.9956326,-0.024485573,0.024955418,-0.08656512,-0.028703105,-0.020433627,-0.064726226,-5.5710006,-12.739015,-18.744192,-0.0030424967,-0.0014460318,-0.00019637776,-0.054225054,0.013856147,0.013664384,0.13990228,0.03228643,0.49343383,0.00031589007,0.0035799784,-0.019038083,0.0,0.0,1.3992452e-05,1.38817495e-05,0.0008514399,0.006656451,0.006667675,0.0043290854,0.034843817,0.03485301,0.053881228,2.7609912e-07,2.754059e-07,5.5456417e-07,0.0003962933,0.00040032956,1.1555764e-05,9.224679e-06,1.6485947e-05,0.00029680616,8.49001e-06,9.330513e-06,0.00029710587,1.0,1.0,24
283016006,282825671,0.9965058,-0.015535628,0.028026458,-0.07713323,-0.056095626,-0.11586905,-0.14713897,-5.606482,-12.814002,-18.769182,-0.0030227061,-0.0014640469,-0.00018279972,-0.05343313,0.014710354,0.013439426,0.13978176,0.032387335,0.49341097,0.00033019469,0.0037007555,-0.018993635,0.0,0.0,1.536574e-05,1.52196435e-05,0.0008777989,0.0069622407,0.006969948,0.0044053015,0.035873637,0.03588463,0.054492313,2.7416655e-07,2.7357024e-07,5.617969e-07,0.0003850814,0.00038956534,1.1534023e-05,8.737063e-06,1.5965072e-05,0.000296394,7.956592e-06,8.913715e-06,0.00029672877,1.0,1.0,24
284015972,283825671,0.9390204,-0.019023448,0.012782537,-0.3430968,0.23588486,0.078342855,0.11345752,-5.629062,-12.8636465,-18.78343,-0.0029910398,-0.0015140851,-0.00018061537,-0.052161135,0.015692286,0.013245752,0.13974753,0.032490797,0.49339917,0.00035562055,0.0037277916,-0.018980501,0.0,0.0,1.6447199e-05,1.6277212e-05,0.00090218254,0.0071113734,0.007223564,0.0044780215,0.037070278,0.037085067,0.05513947,2.692923e-07,2.688618e-07,5.676672e-07,0.00037840876,0.00038355656,1.1518123e-05,8.371734e-06,1.5510066e-05,0.00029624326,7.524355e-06,8.601948e-06,0.00029658532,1.0,1.0,24
285015982,284825671,0.5655544,-0.043185856,-0.014434233,-0.823453,0.40367365,0.08609157,0.0010653157,-5.337314,-12.70613,-18.836311,-0.002996596,-0.0015207179,-0.00013729822,-0.051748537,0.016232498,0.013180242,0.13979451,0.032414243,0.4932803,0.00025178038,0.0036130915,-0.018867716,0.0,0.0,1.723206e-05,1.7012078e-05,0.00090472767,0.009794176,0.010028419,0.0049465206,0.04503618,0.045127746,0.060545694,2.6775763e-07,2.6734384e-07,5.610273e-07,0.00037255534,0.0003784746,1.1536352e-05,8.344795e-06,1.539066e-05,0.0002954538,7.403357e-06,8.474427e-06,0.00029579795,1.0,1.0,24
286015997,285825670,0.5589343,-0.043305334,-0.02376764,-0.82773936,0.53858465,-0.19744642,-0.15895209,-4.8842487,-12.75385,-18.93552,-0.0030117987,-0.0015291667,-8.248077e-05,-0.051210616,0.016801955,0.013188279,0.13989466,0.032314323,0.49262378,0.00013435613,0.0034422383,-0.018217957,0.0,0.0,1.9738265e-05,1.9358897e-05,0.0009069958,0.01901763,0.019730879,0.0060218913,0.08647995,0.08755376,0.08077938,2.761862e-07,2.7555097e-07,5.538547e-07,0.00036866023,0.00037541325,1.1604064e-05,8.304302e-06,1.5350355e-05,0.00029333052,7.322894e-06,8.274507e-06,0.00029365494,1.0,1.0,24
287015983,286825671,0.5990205,-0.05099022,0.020696577,-0.79884046,0.60354626,-0.47166064,-0.14277337,-4.2681823,-13.1364155,-18.998985,-0.0030216184,-0.0015407634,-3.5817942e-05,-0.050770294,0.017313404,0.013125305,0.13996266,0.032237314,0.4922648,4.1121424e-05,0.0033060098,-0.01788134,0.0,0.0,2.2878567e-05,2.2248927e-05,0.0009124711,0.032334637,0.03383263,0.006961217,0.1770382,0.1822408,0.1058429,2.844652e-07,2.8378284e-07,5.4912255e-07,0.00036520578,0.00037292697,1.1660673e-05,8.278988e-06,1.5322303e-05,0.0002911575,7.257775e-06,8.12324e-06,0.00029148377,1.0,1.0,24
288015967,287825671,0.586388,-0.043698546,0.031196708,-0.8082489,0.44114915,-0.29490912,-0.17201047,-3.7372923,-13.533823,-19.075375,-0.003023836,-0.001553796,3.2326906e-08,-0.05057212,0.017759888,0.013033134,0.14001289,0.03219944,0.49255985,-1.2875634e-05,0.0032001147,-0.018205535,0.0,0.0,2.6561906e-05,2.5573509e-05,0.0009209517,0.049935583,0.052485257,0.0077012447,0.35247812,0.3679391,0.13313572,2.9232595e-07,2.918202e-07,5.4653066e-07,0.0003621266,0.00037085725,1.1702873e-05,8.249944e-06,1.531436e-05,0.00028846404,7.206657e-06,8.000019e-06,0.00028881448,1.0,1.0,24
289015984,288825671,0.57212365,-0.038688857,0.018380234,-0.81904817,0.20030326,-0.06223441,-0.30175298,-3.4103944,-13.67033,-19.233616,-0.0030254722,-0.0015671982,3.1497228e-05,-0.050386664,0.018145954,0.012949865,0.14006162,0.032167237,0.49277076,-5.8227466e-05,0.0031071738,-0.018445643,0.0,0.0,3.0598807e-05,2.913561e-05,0.0009308229,0.0727485,0.07666703,0.008179962,0.659572,0.6961322,0.15774706,2.995595e-07,2.9949646e-07,5.450867e-07,0.0003592276,0.00036905875,1.1726325e-05,8.218381e-06,1.5309053e-05,0.00028685262,7.161064e-06,7.885955e-06,0.00028720824,1.0,1.0,24
290015962,289825671,0.5541761,-0.03843429,0.014810661,-0.83137983,0.07134613,0.18987098,-0.048691224,-3.3232594,-13.604448,-19.42973,-0.0030242272,-0.0015796823,5.671812e-05,-0.050298773,0.018466365,0.012893115,0.14010984,0.032138124,0.4928613,-9.1010435e-05,0.0030269846,-0.018524278,0.0,0.0,3.495966e-05,3.2875225e-05,0.0009418426,0.099987626,0.10621644,0.008532989,1.1565788,1.2322721,0.18068974,3.060682e-07,3.0671694e-07,5.445466e-07,0.00035652675,0.00036748822,1.1741959e-05,8.186922e-06,1.5303604e-05,0.00028586274,7.1187246e-06,7.778693e-06,0.0002862087,1.0,1.0,24
291016013,290825671,0.5391218,-0.0070851045,-0.0016244869,-0.84219646,0.58740836,0.4579644,-0.44002256,-2.9794343,-13.207445,-19.713442,-0.0030238898,-0.0015931025,7.930727e-05,-0.050159093,0.018804364,0.012744631,0.14015236,0.03211446,0.4929227,-0.00011750283,0.0029523305,-0.018605638,0.0,0.0,3.9478677e-05,3.6658737e-05,0.0009540201,0.13458076,0.14769931,0.008662183,1.9131997,2.067516,0.19612598,3.1157936e-07,3.134307e-07,5.447145e-07,0.00035392056,0.00036611117,1.174474e-05,8.146282e-06,1.529983e-05,0.0002851275,7.081147e-06,7.677284e-06,0.00028544734,1.0,1.0,24
292015963,291825671,0.5282818,-0.009332776,-0.0027818012,-0.84901327,0.74133193,0.55795544,-0.4437567,-2.2834902,-12.63232,-19.938532,-0.0030273981,-0.0016064928,9.662013e-05,-0.049944814,0.01913986,0.012517185,0.14019704,0.032095127,0.4930257,-0.0001502072,0.0028925964,-0.018706052,0.0,0.0,4.4246917e-05,4.0506387e-05,0.0009674272,0.1733742,0.19481383,0.008778957,3.0100846,3.3108296,0.20969531,3.162669e-07,3.1961693e-07,5.4552123e-07,0.00035154464,0.00036493287,1.1748816e-05,8.104874e-06,1.5298478e-05,0.0002846076,7.045835e-06,7.5823386e-06,0.00028490866,1.0,1.0,24
293015978,292825671,0.55490226,-0.0046093515,-0.0025862,-0.83189875,1.0484166,0.4159616,-0.40840238,-1.3860542,-12.026436,-20.172773,-0.0030281302,-0.0016231444,0.00011606207,-0.049809035,0.019489111,0.012329216,0.14023922,0.032071695,0.49306333,-0.00017885795,0.002829509,-0.01873839,0.0,0.0,4.9298917e-05,4.4451746e-05,0.0009822376,0.21666948,0.25183904,0.008851851,4.536732,5.08882,0.21934672,3.2011172e-07,3.2521322e-07,5.469807e-07,0.00034945572,0.00036397015,1.175157e-05,8.072842e-06,1.529596e-05,0.00028376005,7.0164674e-06,7.5040257e-06,0.00028404806,1.0,1.0,24
294015963,293825671,0.5394703,0.006203432,0.007792524,-0.8419458,1.2604618,0.16561069,-0.37328485,-0.2257941,-11.703845,-20.389133,-0.0030296918,-0.0016364111,0.00012894066,-0.049704503,0.019750612,0.012155812,0.1402643,0.032056767,0.49310565,-0.00019978017,0.002791214,-0.018777555,0.0,0.0,5.467062e-05,4.848526e-05,0.0009988836,0.26494324,0.31765997,0.008828896,6.588383,7.553362,0.22190884,3.231165e-07,3.301541e-07,5.4922737e-07,0.00034768454,0.00036322168,1.1748547e-05,8.052642e-06,1.5294452e-05,0.00028323886,6.9943076e-06,7.445682e-06,0.00028352093,1.0,1.0,24
295015979,294825671,0.55636907,0.005840332,0.0035244592,-0.8309073,1.4927893,0.41475102,-0.38742703,1.1594552,-11.366334,-20.470964,-0.0030317316,-0.0016467272,0.00013716437,-0.04962917,0.020022975,0.011879906,0.14027812,0.032049183,0.4931755,-0.00021055472,0.0027626606,-0.018848678,0.0,0.0,6.0219507e-05,5.2459545e-05,0.0010173137,0.32060194,0.39481592,0.008906551,9.273203,10.878928,0.22629748,3.2528183e-07,3.3445002e-07,5.5216947e-07,0.00034615077,0.00036263873,1.1751588e-05,8.032482e-06,1.5295976e-05,0.000282377,6.9761995e-06,7.396768e-06,0.00028266548,1.0,1.0,24
296015968,295825671,0.55284095,-0.002505738,0.006870927,-0.8332547,1.6648229,0.5450949,-0.41566992,2.770804,-10.808852,-20.606506,-0.0030336923,-0.0016556453,0.00014359638,-0.049571563,0.02026771,0.011583803,0.14028332,0.0320423,0.49318904,-0.00021628532,0.0027396658,-0.018866198,0.0,0.0,6.593162e-05,5.6351422e-05,0.0010372318,0.38160264,0.4826162,0.008988172,12.71658,15.272781,0.22943436,3.266595e-07,3.3801726e-07,5.556233e-07,0.00034485347,0.00036219225,1.175515e-05,8.020487e-06,1.5296753e-05,0.00028180654,6.961833e-06,7.358169e-06,0.0002821071,1.0,1.0,24
297015983,296825671,0.5694768,-0.09600554,0.17701742,-0.7969593,-0.65329766,1.546416,-0.49832487,3.5313358,-9.979766,-20.835049,-0.0030291227,-0.0016373037,0.00012835054,-0.04969595,0.02025413,0.011332633,0.14022814,0.032086555,0.49352896,-0.00017579364,0.0027929165,-0.019251348,0.0,0.0,7.250637e-05,6.0270566e-05,0.0010591935,0.45612764,0.5409072,0.009182037,17.121157,20.851215,0.22755252,3.279598e-07,3.4084425e-07,5.610211e-07,0.00034387782,0.0003619093,1.1753889e-05,7.966879e-06,1.527701e-05,0.0002530068,6.947417e-06,7.3148994e-06,0.0002531698,1.0,1.0,24
299015968,298825671,0.56331986,-0.09444538,-0.0012907876,-0.82082224,-2.878425,0.4813836,0.12990823,-0.83855844,-7.940414,-21.484343,-0.0030118774,-0.0016073708,0.00013900787,-0.05009433,0.019946696,0.011478923,0.14032966,0.031691905,0.49456215,-0.0002871525,0.0027077093,-0.020316068,0.0,0.0,8.52612e-05,6.808014e-05,0.0010761231,0.59637874,0.70843595,0.009760735,29.2468,35.744164,0.2281621,3.2910498e-07,3.4288206e-07,5.705928e-07,0.00034234466,0.00036117103,1.1762509e-05,7.890706e-06,1.42791005e-05,0.00023174107,6.8148775e-06,7.205532e-06,0.00023164664,1.0,1.0,24
300015954,299825671,0.5499819,-0.11121153,-0.008315902,-0.82769734,-3.3888118,-0.23544583,0.26738837,-4.057813,-7.937042,-21.12094,-0.0030030066,-0.0015918103,0.00014021978,-0.050287116,0.019941524,0.011343298,0.14037909,0.03146251,0.49476266,-0.00036021357,0.002668452,-0.020536687,0.0,0.0,9.167695e-05,7.169769e-05,0.0010852226,0.6743274,0.81776243,0.009980099,37.127968,45.708977,0.23106761,3.2848698e-07,3.43338e-07,5.761041e-07,0.00034174975,0.0003608465,1.1772159e-05,7.862872e-06,1.37389625e-05,0.00022572251,6.7467836e-06,7.159252e-06,0.00022550843,1.0,1.0,24
301016095,300825671,0.52196366,-0.0023368583,0.0020002865,-0.8529622,-3.2679806,-0.0025116694,0.30763802,-7.7583475,-8.352504,-20.712513,-0.0029777975,-0.0015720627,0.00014694143,-0.050597817,0.019930571,0.011199036,0.14042646,0.03123847,0.49464518,-0.00042453187,0.0026260437,-0.020425241,0.0,0.0,9.747594e-05,7.4252785e-05,0.0010984205,0.7592642,0.9518312,0.009833562,46.28208,57.68475,0.23403409,3.2639738e-07,3.429301e-07,5.824102e-07,0.00034111427,0.0003605404,1.1783289e-05,7.832052e-06,1.3250795e-05,0.00022430276,6.6857156e-06,7.11559e-06,0.0002240303,1.0,1.0,24
302015953,301825671,0.5211217,-0.0008894048,0.0035995278,-0.85347444,-2.6984513,0.27438274,0.6717587,-10.908074,-8.307019,-20.248146,-0.002963083,-0.0015707564,0.00015591929,-0.050734855,0.019834176,0.0112319505,0.14047332,0.031023115,0.49441594,-0.0004915204,0.0025791582,-0.020185972,0.0,0.0,0.000102619175,7.584516e-05,0.0011140895,0.8385722,1.1048951,0.009491699,56.77353,72.10236,0.23185204,3.231594e-07,3.4190256e-07,5.8880386e-07,0.0003404716,0.0003602462,1.1790638e-05,7.799334e-06,1.2798733e-05,0.00022212518,6.6288003e-06,7.0749206e-06,0.00022185473,1.0,1.0,24
303015972,302825671,0.53095764,0.0017597235,0.0023216815,-0.84739333,-2.232353,0.51922,1.0957102,-13.489553,-7.9970546,-19.376457,-0.0029502243,-0.0015646729,0.00016432803,-0.050851095,0.01971411,0.011232494,0.14052285,0.030822568,0.494228,-0.00055962586,0.0025386454,-0.019993395,0.0,0.0,0.00010754704,7.730623e-05,0.0011312824,0.91992176,1.2697849,0.009403105,68.90882,89.362366,0.23335274,3.2003854e-07,3.4045692e-07,5.9516213e-07,0.0003399458,0.00035996834,1.180395e-05,7.771698e-06,1.2378021e-05,0.00022043602,6.57628e-06,7.0389824e-06,0.00022017516,1.0,1.0,24
304015971,303825671,0.51875263,0.012950728,0.021776466,-0.8545488,-1.8484893,0.82777727,1.1472108,-15.48912,-7.498797,-18.203016,-0.0029535138,-0.0015542761,0.0001664264,-0.050909743,0.019643778,0.011231652,0.14055495,0.030639546,0.49407986,-0.000618764,0.00250588,-0.019845922,0.0,0.0,0.00011279773,7.888585e-05,0.0011513119,1.0120472,1.4590334,0.009333028,82.96341,110.09028,0.23033644,3.175281e-07,3.3942078e-07,6.0209095e-07,0.00033954156,0.0003597752,1.1812554e-05,7.747669e-06,1.1985307e-05,0.00021857627,6.527868e-06,7.008883e-06,0.00021833793,1.0,1.0,24
305015970,304825671,0.53215915,-0.001247993,0.009734406,-0.84658754,-1.1269364,0.84843844,1.236503,-16.795382,-6.783756,-17.056252,-0.002962723,-0.0015474117,0.0001733303,-0.050905786,0.01955997,0.011227778,0.14060254,0.030468721,0.49411777,-0.00068181916,0.0024651699,-0.019886129,0.0,0.0,0.00011762371,8.025199e-05,0.0011729368,1.1022137,1.6796086,0.009390059,98.98125,134.75429,0.23160832,3.1493803e-07,3.3822602e-07,6.089198e-07,0.00033921094,0.0003595951,1.1825584e-05,7.725426e-06,1.161606e-05,0.00021484781,6.4827973e-06,6.979215e-06,0.00021467078,1.0,1.0,24
306016085,305825671,0.5376533,0.002092303,-0.011416358,-0.84308624,-0.768285,0.91701096,1.1792669,-17.715254,-6.035543,-15.886737,-0.0029643313,-0.0015406945,0.00017931624,-0.050936863,0.019472767,0.011225827,0.14064443,0.030307278,0.49405897,-0.00073831767,0.0024292201,-0.019832812,0.0,0.0,0.00012263708,8.175626e-05,0.001196358,1.2012006,1.9084737,0.009477855,117.4097,163.8704,0.23307684,3.1272882e-07,3.3680246e-07,6.159396e-07,0.00033900357,0.00035945274,1.1837539e-05,7.711698e-06,1.1271334e-05,0.00021367121,6.4420883e-06,6.9562593e-06,0.00021352897,1.0,1.0,24
307015968,306825671,0.52660304,0.00019899438,0.0010800282,-0.8501106,-0.45739758,1.014579,1.0810575,-18.199697,-5.2033677,-14.761766,-0.002973185,-0.0015323671,0.00018333633,-0.050945986,0.019410817,0.01122303,0.14068054,0.030156266,0.49402246,-0.0007911563,0.0023953915,-0.019797692,0.0,0.0,0.00012768478,8.316609e-05,0.0012216022,1.3061903,2.1558897,0.009476397,138.42245,198.01578,0.23047337,3.1068106e-07,3.353099e-07,6.2317275e-07,0.00033886262,0.0003593347,1.1842731e-05,7.699552e-06,1.0948475e-05,0.00021300251,6.403546e-06,6.9358457e-06,0.0002128892,1.0,1.0,24
308015964,307825671,0.52001315,-0.0036915708,-0.0058725863,-0.8541302,0.6292249,0.2881919,0.99256355,-10.240756,-10.220121,-8.559457,-0.0029966757,-0.0015034768,0.00019910317,-0.05093291,0.019165132,0.011205523,0.14071883,0.030079484,0.4940667,-0.00083117327,0.0023621458,-0.019850546,0.0,0.0,0.00012859397,8.2908635e-05,0.0012402734,0.016365906,0.01723427,0.03398233,0.55924153,0.55925167,0.60101146,3.0619105e-07,3.2972537e-07,6.2564436e-07,0.00033874577,0.00035878562,1.1899309e-05,7.68809e-06,1.0816936e-05,0.00021247892,6.3829084e-06,6.91664e-06,0.00021239847,1.0,1.0,24
309016020,308825671,0.554445,0.033143096,-0.13779314,-0.8200643,1.8295996,-0.50906026,-0.29893905,-9.363494,-10.067603,-7.795304,-0.0029287487,-0.0014954115,0.00017388686,-0.051300123,0.019309819,0.011180601,0.14081942,0.030072406,0.4943816,-0.000873546,0.0023983824,-0.020239608,0.0,0.0,9.244376e-05,6.913292e-05,0.0011048294,0.013571461,0.020532668,0.014722343,0.20936935,0.20980331,0.22724506,2.811054e-07,2.8996172e-07,5.739682e-07,0.000338152,0.00035378194,1.1979952e-05,7.5709063e-06,1.07256e-05,0.00020375689,6.351529e-06,6.8196146e-06,0.0002037812,1.0,1.0,24
310015965,309825671,0.56010115,-0.026801594,-0.013780836,-0.827876,2.9035585,-2.4408615,-2.5934303,-6.8868423,-11.669381,-9.10442,-0.0026388129,-0.0013359294,0.00034717066,-0.052655034,0.017821006,0.010794942,0.14160283,0.029240968,0.49624228,-0.0011101331,0.0024844983,-0.022359177,0.0,0.0,4.7208443e-05,4.7432277e-05,0.0007469275,0.018390225,0.02204745,0.011875634,0.13598129,0.13747393,0.1525693,2.4628167e-07,2.4853333e-07,4.69186e-07,0.00033776773,0.00034824194,1.20581735e-05,7.321501e-06,1.0246988e-05,0.00019051302,6.316861e-06,6.6914026e-06,0.00019061979,1.0,1.0,24
311015981,310825671,0.536866,-0.04509976,0.11548122,-0.83450884,1.776463,-1.7452385,-1.9019412,-4.2776885,-13.933569,-11.359738,-0.0030745463,-0.0012768848,0.0004979791,-0.051736813,0.015971737,0.010163852,0.14137076,0.02936688,0.494864,-0.0010317952,0.0020945156,-0.02084724,0.0,0.0,2.925516e-05,3.1578802e-05,0.00069607893,0.01358027,0.013676119,0.009186905,0.1053318,0.10616692,0.12284351,2.2573006e-07,2.3081017e-07,4.5243334e-07,0.00033753613,0.00034663267,1.2133105e-05,7.2500548e-06,1.015519e-05,0.00018772462,6.288409e-06,6.6364814e-06,0.00018776675,1.0,1.0,24
312015967,311825671,0.55243844,-0.044376917,0.0983883,-0.82653636,0.6083925,-0.5713022,1.0440959,-2.9495704,-15.063536,-11.8897505,-0.0032295997,-0.0013091192,0.0005682489,-0.05100823,0.015424001,0.010145584,0.1412754,0.029175425,0.49470592,-0.00091861695,0.0019506636,-0.02056618,0.0,0.0,2.924028e-05,3.0924817e-05,0.00068919885,0.019561954,0.018538244,0.009311849,0.121944316,0.12222811,0.1250836,2.2863217e-07,2.3241516e-07,4.5218562e-07,0.00033735237,0.0003460895,1.2215511e-05,7.2306816e-06,1.0075552e-05,0.00017884691,6.2748513e-06,6.61545e-06,0.00017884011,1.0,1.0,24
313015987,312825671,0.5668956,-0.042014614,0.012182448,-0.8226273,0.16754103,0.12198286,1.2349842,-2.6813374,-15.1621475,-10.713977,-0.0032221377,-0.0013019303,0.0005627901,-0.050949026,0.015433818,0.010146131,0.1412569,0.029194862,0.49479142,-0.0009116298,0.001943738,-0.020656852,0.0,0.0,3.3315104e-05,3.4813074e-05,0.0006934108,0.036999244,0.0328855,0.010099,0.20585509,0.20149924,0.14650889,2.3631306e-07,2.3928095e-07,4.5453035e-07,0.00033733607,0.0003458686,1.2302274e-05,7.2286816e-06,1.0073714e-05,0.00017723384,6.272164e-06,6.608473e-06,0.00017721011,1.0,1.0,24
314015995,313825671,0.5683741,-0.030183455,0.0262479,-0.8217974,-0.03364214,0.03106578,1.2790111,-2.5924048,-15.116018,-9.57821,-0.003221274,-0.0012927955,0.00055415765,-0.0508971,0.015497795,0.010198515,0.14124176,0.029207576,0.49488822,-0.0009047514,0.0019425335,-0.020766223,0.0,0.0,3.7550388e-05,3.881932e-05,0.0006981075,0.057261653,0.052189153,0.010446112,0.38602614,0.36833528,0.16889782,2.4335026e-07,2.455414e-07,4.571943e-07,0.00033730024,0.00034564722,1.2383913e-05,7.2325242e-06,1.00733505e-05,0.00017667253,6.270322e-06,6.60426e-06,0.00017663262,1.0,1.0,24
315015990,314825671,0.57388234,-0.02682608,0.009250999,-0.818446,-0.06396713,0.11314585,1.1665148,-2.6415246,-15.019269,-8.530391,-0.0032185118,-0.001284316,0.0005515591,-0.050831225,0.015525062,0.010301684,0.1412231,0.029218381,0.49492893,-0.00089880143,0.0019340274,-0.020823607,0.0,0.0,4.191963e-05,4.2801934e-05,0.0007043165,0.08471968,0.07743577,0.010562881,0.7181178,0.6746526,0.19211945,2.496932e-07,2.5128818e-07,4.6047683e-07,0.0003372511,0.00034541718,1.2459241e-05,7.235294e-06,1.0076467e-05,0.00017650862,6.2686504e-06,6.601011e-06,0.00017645535,1.0,1.0,24
316015971,315825671,0.5376008,-0.017672027,0.025231892,-0.84263664,-0.18376689,0.15107578,1.25765,-2.7301762,-14.966475,-7.6011467,-0.0032193477,-0.0012744121,0.0005501804,-0.05075062,0.01554195,0.010480194,0.14120646,0.02922692,0.49493998,-0.00089217036,0.0019265874,-0.020838378,0.0,0.0,4.6391375e-05,4.6726436e-05,0.00071176403,0.11741305,0.108777694,0.010487189,1.2693715,1.1866398,0.2115873,2.5534285e-07,2.5651846e-07,4.6425032e-07,0.00033720132,0.00034521162,1.2526648e-05,7.235815e-06,1.0078862e-05,0.00017636357,6.2670783e-06,6.597372e-06,0.00017629784,1.0,1.0,24
317015977,316825671,0.558477,-0.039448123,0.06674957,-0.8258886,-0.54508454,0.24333741,1.2778344,-2.9601107,-14.827977,-6.7363176,-0.0032244446,-0.001264646,0.00055279373,-0.050654553,0.015516799,0.010772318,0.14119354,0.029231925,0.49497154,-0.00088653626,0.0019170556,-0.020868747,0.0,0.0,5.0976887e-05,5.0548482e-05,0.0007206076,0.15689546,0.14751561,0.010231999,2.122143,1.9862751,0.2221905,2.6031714e-07,2.6122584e-07,4.6854757e-07,0.00033714253,0.00034501075,1.2583341e-05,7.2365583e-06,1.0079841e-05,0.0001756734,6.265765e-06,6.593486e-06,0.00017558668,1.0,1.0,24
318015968,317825671,0.5527629,-0.0020154957,-0.00048194508,-0.8333361,-0.80633473,0.32480353,1.3630987,-3.777471,-14.491037,-5.8504663,-0.003222153,-0.0012543255,0.000561106,-0.050525617,0.0154066915,0.011125018,0.14117962,0.029241107,0.49504787,-0.00088280265,0.0018988722,-0.020937948,0.0,0.0,5.5615747e-05,5.4218428e-05,0.0007310056,0.2021998,0.19294015,0.010041092,3.3723326,3.1733632,0.23193698,2.6460577e-07,2.654202e-07,4.7341007e-07,0.00033707186,0.00034480286,1.2633629e-05,7.2373105e-06,1.0082738e-05,0.00017447771,6.264584e-06,6.5900967e-06,0.00017437285,1.0,1.0,24
319016012,318825671,0.5400027,0.004587186,0.0066636503,-0.84162444,-0.42600128,0.16228837,1.4073418,-4.322497,-14.310855,-4.857004,-0.0032249682,-0.0012512542,0.00057299604,-0.050462548,0.015262227,0.01147983,0.14117065,0.02923982,0.49502346,-0.00087892456,0.0018842458,-0.020911014,0.0,0.0,6.017758e-05,5.7706162e-05,0.0007425773,0.25139663,0.2462917,0.009685282,5.1063313,4.8562303,0.23336323,2.6819535e-07,2.6917084e-07,4.7848704e-07,0.00033700885,0.00034462172,1.2672901e-05,7.2377775e-06,1.0088704e-05,0.00017420655,6.263383e-06,6.587937e-06,0.00017410645,1.0,1.0,24
320015961,319825671,0.52893096,-0.038283765,0.039083265,-0.8468996,-0.32174033,0.14702599,1.29555,-4.5469446,-14.161478,-3.7145264,-0.0032287792,-0.0012495541,0.0005779206,-0.05044535,0.015183212,0.011686497,0.14116712,0.029237563,0.495008,-0.0008773611,0.0018790931,-0.020892467,0.0,0.0,6.479891e-05,6.0996663e-05,0.0007555897,0.30899912,0.31005514,0.009533493,7.4420457,7.1763587,0.236506,2.7127038e-07,2.7252722e-07,4.839261e-07,0.0003369514,0.0003444628,1.2707916e-05,7.2375374e-06,1.0092681e-05,0.00017392042,6.2613917e-06,6.5849817e-06,0.00017381948,1.0,1.0,24
321015977,320825671,0.57364166,0.003225931,-0.017187981,-0.81891966,-0.5246315,0.1989322,1.141337,-5.1188087,-13.972508,-2.7243762,-0.003216659,-0.0012433269,0.0005842398,-0.05039155,0.015055991,0.01188541,0.14115492,0.029246312,0.4950114,-0.0008740068,0.0018703153,-0.020903138,0.0,0.0,6.950622e-05,6.408453e-05,0.00077016355,0.37353823,0.38269174,0.009455598,10.508113,10.295563,0.23821276,2.7382674e-07,2.7543015e-07,4.898173e-07,0.00033687937,0.00034428804,1.2736039e-05,7.241062e-06,1.0096874e-05,0.00017343095,6.260212e-06,6.5832633e-06,0.00017331498,1.0,1.0,24
322015964,321825671,0.5715717,-0.013135759,-0.0007391404,-0.8204466,-0.027305657,0.14107506,1.047905,-5.2911873,-13.770243,-1.8508346,-0.0032125686,-0.0012426063,0.0005909272,-0.050391335,0.01494103,0.012095756,0.14114644,0.029243318,0.49491134,-0.0008729368,0.0018614393,-0.020816447,0.0,0.0,7.3982774e-05,6.693051e-05,0.0007861587,0.4415267,0.46766323,0.00930912,14.420104,14.390748,0.23453887,2.7581166e-07,2.7795483e-07,4.9586316e-07,0.00033678618,0.0003440866,1.2752847e-05,7.2456296e-06,1.0105479e-05,0.00017289286,6.2575123e-06,6.5811223e-06,0.0001727912,1.0,1.0,24
323015981,322825671,0.5349362,-0.009006961,0.011988118,-0.8447595,0.533401,0.6150824,0.6464008,-5.0062823,-13.481838,-1.1142176,-0.003208085,-0.0012400842,0.0005953787,-0.050404966,0.014833036,0.012311131,0.1411392,0.029244287,0.49482283,-0.0008676238,0.0018543307,-0.020745413,0.0,0.0,7.8476805e-05,6.955821e-05,0.0008037965,0.52448833,0.56959224,0.009362704,19.332083,19.697071,0.23518084,2.7745116e-07,2.8028506e-07,5.022417e-07,0.00033671927,0.0003439324,1.2767917e-05,7.249234e-06,1.0113868e-05,0.0001723022,6.2554645e-06,6.5801887e-06,0.00017222497,1.0,1.0,24
324015995,323825671,0.5354905,-0.003187357,0.0031396023,-0.8445294,0.908316,0.9823138,0.18062058,-4.2679534,-12.701961,-0.68117726,-0.0032112184,-0.0012383274,0.00059381465,-0.050409798,0.0148377465,0.012339728,0.14113884,0.029243855,0.49482912,-0.0008676576,0.0018549428,-0.020754198,0.0,0.0,8.29948e-05,7.1979244e-05,0.00082253054,0.6135707,0.6846153,0.0093687195,25.45502,26.479431,0.23156811,2.7878482e-07,2.8228538e-07,5.0882e-07,0.00033666939,0.00034381478,1.277146e-05,7.253846e-06,1.0120131e-05,0.00017220063,6.253919e-06,6.5788695e-06,0.00017213468,1.0,1.0,24
325016029,324825671,0.5571333,-0.0049761184,-0.0060499767,-0.83038616,1.0188715,1.1564627,0.18604933,-3.3226213,-11.634071,-0.47899592,-0.0032110398,-0.0012372163,0.0005932539,-0.050404076,0.014840156,0.01233969,0.14113915,0.029244069,0.49483445,-0.0008688517,0.0018554844,-0.02075448,0.0,0.0,8.7441746e-05,7.419702e-05,0.0008426391,0.69983447,0.802833,0.009430724,32.91951,34.995716,0.23264924,2.798014e-07,2.839708e-07,5.1561454e-07,0.0003366146,0.00034369587,1.2774727e-05,7.260924e-06,1.0127747e-05,0.00017207162,6.2532195e-06,6.5784243e-06,0.0001720175,1.0,1.0,24
326015962,325825671,0.54392934,-0.007971722,0.00253064,-0.83908945,1.0292542,1.3842822,0.1601628,-2.2156217,-10.437585,-0.29183125,-0.0032173365,-0.0012344484,0.0005898773,-0.050407365,0.014871272,0.012340254,0.14113933,0.02924326,0.4948422,-0.00086868415,0.0018562132,-0.020763418,0.0,0.0,9.187193e-05,7.617768e-05,0.0008642412,0.79181784,0.9316299,0.009491352,41.86534,45.535435,0.23398475,2.8055504e-07,2.8545367e-07,5.2267535e-07,0.0003365669,0.00034359365,1.2772957e-05,7.268384e-06,1.0135633e-05,0.00017199572,6.2523695e-06,6.578194e-06,0.00017195255,1.0,1.0,24
327015977,326825671,0.5428822,-0.059910227,-0.04171534,-0.8366298,0.56959766,0.60349524,0.042123865,-1.2029296,-9.407355,-0.17994387,-0.003234782,-0.0012357563,0.0005855885,-0.050440215,0.014927556,0.012341853,0.14114372,0.029236918,0.49487397,-0.0008708883,0.0018569751,-0.020792801,0.0,0.0,9.6312055e-05,7.801539e-05,0.0008856446,0.8718939,1.0623282,0.009332767,52.417145,58.310978,0.23098502,2.8109955e-07,2.8649035e-07,5.297331e-07,0.00033651647,0.0003435248,1.2760104e-05,7.2760117e-06,1.0136533e-05,0.00016911644,6.2509234e-06,6.5779122e-06,0.00016903825,1.0,1.0,24
328015965,327825671,0.54558975,-0.04382466,-0.03087245,-0.8363362,0.15679754,-0.124216475,0.014368853,-0.69827026,-9.337892,-0.09524313,-0.0032490965,-0.0012315463,0.00057999784,-0.050451964,0.014983381,0.012343015,0.14114887,0.029237555,0.49497074,-0.0008706229,0.0018588713,-0.020881753,0.0,0.0,0.0001008417,7.969704e-05,0.0009088796,0.9548754,1.2033427,0.009427194,64.609085,73.70822,0.23222335,2.814374e-07,2.8764376e-07,5.372263e-07,0.00033647942,0.00034347258,1.2749452e-05,7.2844227e-06,1.013975e-05,0.00016723256,6.2502027e-06,6.577651e-06,0.00016712665,1.0,1.0,24
329016007,328825671,0.5378081,-0.005655663,-0.011166523,-0.84297436,-0.17810474,-0.42552042,-0.031311717,-0.6620998,-9.832228,-0.12780082,-0.003257939,-0.0012232527,0.0005743539,-0.050440166,0.015029029,0.012343421,0.14115106,0.029239215,0.49503645,-0.00087258965,0.0018606666,-0.020936437,0.0,0.0,0.00010531356,8.1166334e-05,0.0009343068,1.0479764,1.3582436,0.0094532,78.64947,92.12514,0.22940353,2.816173e-07,2.887651e-07,5.451025e-07,0.00033645777,0.00034343143,1.2728081e-05,7.2930407e-06,1.0146476e-05,0.00016669615,6.249935e-06,6.5773074e-06,0.00016658184,1.0,1.0,24
330015958,329825671,0.53856725,0.006378777,-0.07256847,-0.83942753,-0.0015264597,-0.6467738,-0.13348167,-0.7137991,-10.306366,-0.21750917,-0.0032637652,-0.0012226857,0.00057283853,-0.050445575,0.015042493,0.0123438,0.1411534,0.029240176,0.4950941,-0.0008739838,0.0018650464,-0.020978985,0.0,0.0,0.000109453926,8.250543e-05,0.00096156826,1.1460627,1.5407537,0.009532689,94.783394,113.976234,0.23127086,2.8181557e-07,2.8975296e-07,5.531418e-07,0.00033644596,0.00034339953,1.2710604e-05,7.3004167e-06,1.0154909e-05,0.00016569957,6.249543e-06,6.575401e-06,0.00016562139,1.0,1.0,24
331015983,330825671,0.5360629,0.026232533,-0.043846402,-0.8426303,0.5773745,-1.0207754,-0.2043197,-0.38411528,-11.206181,-0.4143686,-0.0032730042,-0.0012201547,0.000569735,-0.050445702,0.015061981,0.012344104,0.14115715,0.029243562,0.4952615,-0.0008780326,0.0018736548,-0.02112466,0.0,0.0,0.00011328049,8.381844e-05,0.0009902786,1.244148,1.7520932,0.009666366,113.17303,139.83687,0.23335822,2.82154e-07,2.9068056e-07,5.61218e-07,0.000336444,0.00034337255,1.26904415e-05,7.3052834e-06,1.0163263e-05,0.00016351193,6.249008e-06,6.5706067e-06,0.0001635062,1.0,1.0,24
332015961,331825671,0.55022776,0.019183865,-0.031729124,-0.83419114,0.8087987,-0.88776886,-0.043890353,0.30961448,-12.246872,-0.5358317,-0.0032760373,-0.001215177,0.0005670184,-0.05042745,0.015071631,0.012343838,0.14115751,0.029243503,0.4953171,-0.00088593515,0.0018807601,-0.021153888,0.0,0.0,0.000117203774,8.49089e-05,0.0010203673,1.3504857,1.9628744,0.0095694475,134.02126,170.23796,0.23116156,2.8227493e-07,2.9152147e-07,5.693329e-07,0.0003364429,0.00034333923,1.2660582e-05,7.3132046e-06,1.0172968e-05,0.00016301734,6.247651e-06,6.569148e-06,0.00016305954,1.0,1.0,24
333016113,332825670,0.5410036,-0.0016623328,0.00046015493,-0.8410185,0.88145363,-0.6394712,-0.04600845,1.1856782,-13.261982,-0.66216934,-0.0032783553,-0.001203442,0.00056779315,-0.050381377,0.015104805,0.01234345,0.14116715,0.029198315,0.4953105,-0.0009102932,0.0018702182,-0.021121114,0.0,0.0,0.0001206319,8.5545995e-05,0.0010487309,1.4618908,2.179446,0.009534546,157.36494,205.1497,0.2331953,2.8184706e-07,2.918536e-07,5.770347e-07,0.00033639875,0.00034325322,1.2636585e-05,7.317557e-06,1.0067253e-05,0.00016270639,6.2330014e-06,6.5622935e-06,0.00016277883,1.0,1.0,24
334016099,333825671,0.54195476,-0.02479367,-0.015618764,-0.8398967,0.8118836,-1.0825303,-0.09212229,2.1331058,-13.814357,-0.66508085,-0.0032799486,-0.0012098314,0.0005566201,-0.050479487,0.015079994,0.0123458225,0.14118797,0.029093094,0.49535173,-0.0009412268,0.0018614925,-0.021135557,0.0,0.0,0.0001241221,8.613095e-05,0.0010750156,1.5597347,2.4025826,0.009543488,183.45523,245.22577,0.23078725,2.8149742e-07,2.9219842e-07,5.845483e-07,0.0003363489,0.00034315424,1.2604034e-05,7.3166552e-06,9.815853e-06,0.00016175713,6.203348e-06,6.5476747e-06,0.0001618459,1.0,1.0,24
335015950,334825671,0.55996823,-0.028405502,-0.022796826,-0.82771313,0.7154157,-1.4109515,-0.066753216,2.7586913,-14.889402,-0.6852139,-0.003275897,-0.0012062845,0.0005464726,-0.050539576,0.015091017,0.012348017,0.14120759,0.028995696,0.49538928,-0.00096916413,0.0018449458,-0.02114896,0.0,0.0,0.0001274346,8.648183e-05,0.0011019381,1.6584445,2.6324425,0.009624515,212.31075,290.8062,0.23280132,2.8088596e-07,2.9237407e-07,5.9190114e-07,0.00033628545,0.00034301705,1.2578618e-05,7.316134e-06,9.578605e-06,0.00016151585,6.1747073e-06,6.5335885e-06,0.00016160733,1.0,1.0,24
336015970,335825671,0.56401193,-0.021887317,-0.01800445,-0.82528025,0.83058476,-1.7924026,-0.6356077,3.4675314,-16.669666,-0.9025794,-0.0032782445,-0.001194047,0.0005399926,-0.05054397,0.015112529,0.012349433,0.14122951,0.028904647,0.4954085,-0.0010003407,0.0018220504,-0.02116246,0.0,0.0,0.00013151114,8.709406e-05,0.0011317042,1.7739218,2.9191866,0.009729619,244.68015,343.84985,0.23499785,2.8072475e-07,2.9316607e-07,5.9994056e-07,0.00033627587,0.00034291303,1.2553639e-05,7.3168467e-06,9.353593e-06,0.00016133812,6.1480314e-06,6.5210024e-06,0.0001614278,1.0,1.0,24
337015948,336825671,0.62931705,-0.0012760996,-0.0031491923,-0.7771414,1.1428325,-1.7619634,-0.14233519,3.979598,-18.634579,-1.1178577,-0.0032635434,-0.001175393,0.0005350375,-0.050487325,0.015091624,0.012347826,0.1412541,0.028813481,0.49535426,-0.0010441148,0.0017988575,-0.021091683,0.0,0.0,0.00013487949,8.750777e-05,0.0011625678,1.8787103,3.196811,0.009625061,280.38568,403.81528,0.23268984,2.8041654e-07,2.9361647e-07,6.0779183e-07,0.00033624144,0.00034275287,1.2521704e-05,7.317123e-06,9.139382e-06,0.0001611553,6.1183346e-06,6.504263e-06,0.0001612652,1.0,1.0,24
338015968,337825671,0.6541571,0.037620626,-0.06377591,-0.7527257,0.78303224,-1.7923721,-0.14872752,4.39265,-20.328794,-1.109488,-0.0032368298,-0.0011623297,0.0005268227,-0.050463527,0.015040007,0.01234544,0.14127322,0.028716892,0.49522746,-0.0010977248,0.0017832574,-0.020938667,0.0,0.0,0.00013773923,8.770066e-05,0.0011935155,1.9903401,3.4564316,0.0095849475,319.47894,471.09207,0.23461203,2.7996776e-07,2.9387857e-07,6.152762e-07,0.00033617552,0.00034258666,1.2506553e-05,7.3135047e-06,8.933726e-06,0.00016074022,6.0846096e-06,6.480682e-06,0.00016087052,1.0,1.0,24
340015965,339825671,0.6670067,-0.017908594,0.013179135,-0.7447199,0.37275615,-1.7893738,-0.15040478,3.5936704,-23.772417,-1.4020941,-0.0031755294,-0.0011328058,0.0005252443,-0.050322477,0.014986229,0.012338416,0.14132525,0.028549816,0.49522698,-0.0012043297,0.0017710978,-0.020723436,0.0,0.0,0.00014431908,8.807847e-05,0.0012595748,2.2212863,4.05803,0.009460258,409.96198,632.8711,0.23319231,2.7947436e-07,2.9544427e-07,6.308241e-07,0.0003360549,0.00034216378,1.2455032e-05,7.29295e-06,8.547088e-06,0.00015742397,6.011321e-06,6.4200417e-06,0.00015755028,1.0,1.0,24
341016071,340825671,0.66462904,-0.010764672,0.014145234,-0.74696213,0.31786475,-1.8776523,-0.13016075,3.166138,-25.50194,-1.5448201,-0.0031501434,-0.0011194772,0.00051602395,-0.0502889,0.014964989,0.012335973,0.1413684,0.028473578,0.49533245,-0.0012479712,0.0017539234,-0.020727616,0.0,0.0,0.00014721586,8.791536e-05,0.0012921542,2.3317876,4.377608,0.009472513,461.23135,726.9917,0.23464487,2.7889374e-07,2.9577419e-07,6.3794226e-07,0.00033599057,0.00034195028,1.2434579e-05,7.290416e-06,8.369684e-06,0.00015708142,5.980874e-06,6.3988396e-06,0.00015718876,1.0,1.0,24
342016093,341825671,0.6642935,-0.012701329,0.013569172,-0.7472408,0.24447657,-1.9512743,-0.11935509,2.5401716,-27.327806,-1.6737112,-0.0031202997,-0.0011051582,0.000508314,-0.050241124,0.014927991,0.012332502,0.14141408,0.028402872,0.49546424,-0.0012933067,0.0017445954,-0.020733377,0.0,0.0,0.00014935526,8.753387e-05,0.0013229471,2.4407651,4.6949744,0.0093969945,516.6697,829.51843,0.23170428,2.7812592e-07,2.9563978e-07,6.4415036e-07,0.00033591394,0.0003417306,1.2408216e-05,7.2888292e-06,8.200231e-06,0.00015679962,5.9532567e-06,6.3804173e-06,0.00015689204,1.0,1.0,24
343015949,342825671,0.6641282,-0.0135109555,0.013770234,-0.74736977,0.15846807,-2.042555,-0.09254751,1.8696274,-29.24816,-1.7833657,-0.0030916112,-0.0010918506,0.00050217734,-0.050200958,0.014899205,0.012329498,0.1414591,0.02833719,0.4955945,-0.0013333698,0.0017366305,-0.020734822,0.0,0.0,0.00015222047,8.742576e-05,0.0013564536,2.5543306,5.0401263,0.009423632,577.4668,945.1307,0.23323981,2.7777062e-07,2.9600176e-07,6.509739e-07,0.00033587674,0.0003415875,1.2390573e-05,7.2884422e-06,8.0385e-06,0.0001565694,5.9284052e-06,6.3645966e-06,0.00015664626,1.0,1.0,24
344016028,343825671,0.6637651,-0.013955388,0.013604468,-0.7476873,0.083566315,-2.1256223,-0.077234365,1.2416861,-31.235304,-1.8696747,-0.0030670024,-0.0010809283,0.0004968645,-0.050177146,0.014876254,0.012327181,0.14150187,0.028276214,0.49570882,-0.0013667644,0.0017308216,-0.020721551,0.0,0.0,0.00015563334,8.751243e-05,0.001392423,2.6732097,5.4147277,0.009360942,643.89124,1074.8336,0.230416,2.7768715e-07,2.9669016e-07,6.582996e-07,0.00033587136,0.00034149567,1.2367022e-05,7.289196e-06,7.883918e-06,0.0001563784,5.905882e-06,6.3509274e-06,0.00015644098,1.0,1.0,24
345015949,344825671,0.66211253,-0.0059427475,0.014047328,-0.7492492,0.024209002,-2.2258499,-0.07848831,0.82854533,-33.276966,-1.9425056,-0.0030531238,-0.0010718314,0.00048908085,-0.050180987,0.014864389,0.01232646,0.14153595,0.028216662,0.49577057,-0.0013944093,0.001726266,-0.020676661,0.0,0.0,0.00015860022,8.7483306e-05,0.0014279366,2.7922664,5.795889,0.009395788,715.6772,1216.7068,0.23196742,2.7749905e-07,2.971017e-07,6.651268e-07,0.00033586266,0.00034142996,1.2351562e-05,7.2910034e-06,7.7357545e-06,0.00015618915,5.885072e-06,6.3389466e-06,0.00015624573,1.0,1.0,24
346015964,345825671,0.6628799,-0.011009864,0.012545363,-0.7485397,-0.037215095,-2.314759,-0.051310163,0.32131884,-35.37403,-2.0090513,-0.0030383663,-0.0010630238,0.00048107613,-0.050188534,0.014851801,0.0123256305,0.14156996,0.028160393,0.4958435,-0.0014203136,0.0017244824,-0.020635782,0.0,0.0,0.0001615828,8.747423e-05,0.0014641553,2.9132977,6.1934643,0.009431247,793.3869,1372.966,0.23356542,2.773557e-07,2.9750697e-07,6.7186795e-07,0.0003358604,0.0003413924,1.233702e-05,7.2933126e-06,7.593738e-06,0.00015604596,5.8657856e-06,6.3282546e-06,0.00015609739,1.0,1.0,24
347016074,346825671,0.6620911,-0.006994282,0.012922076,-0.7492794,-0.09912381,-2.4027622,-0.061512467,-0.23115525,-37.651794,-2.0643623,-0.0030247737,-0.001053118,0.0004747071,-0.050187837,0.014827806,0.012324714,0.14160438,0.028108386,0.4959197,-0.0014450672,0.0017261896,-0.02059721,0.0,0.0,0.00016516139,8.7654e-05,0.0015033731,3.040972,6.627706,0.009375445,877.83405,1547.4061,0.23081462,2.7744494e-07,2.9825011e-07,6.792159e-07,0.0003358761,0.00034139413,1.231639e-05,7.296523e-06,7.4575664e-06,0.00015592935,5.847982e-06,6.318843e-06,0.00015597882,1.0,1.0,24
348016386,347825671,0.66232437,-0.009374604,0.012853397,-0.74904835,-0.1874348,-2.4902,-0.070773065,-0.85547054,-39.826775,-2.1290436,-0.0030099251,-0.0010474031,0.00046808488,-0.050202746,0.014813546,0.012323592,0.14163691,0.028058117,0.4960054,-0.0014666428,0.0017281189,-0.020564849,0.0,0.0,0.00016806988,8.762466e-05,0.0015404532,3.1664042,7.0569096,0.009413284,968.30914,1735.261,0.23244464,2.772834e-07,2.985177e-07,6.85631e-07,0.0003358717,0.0003413927,1.2303189e-05,7.299535e-06,7.3267383e-06,0.00015584183,5.8311075e-06,6.3101456e-06,0.00015588696,1.0,1.0,24
349016383,348825671,0.66198367,-0.010959842,0.01319022,-0.74932206,-0.28130186,-2.5660715,-0.052286826,-1.7135996,-41.999733,-2.1911147,-0.0029895436,-0.0010434011,0.00046291528,-0.050213333,0.01478998,0.012321523,0.1416714,0.028011093,0.49610376,-0.0014866175,0.0017312496,-0.020543681,0.0,0.0,0.00017121849,8.766214e-05,0.0015787313,3.294291,7.509328,0.009362449,1065.8136,1941.4988,0.2298319,2.7720716e-07,2.9888045e-07,6.921493e-07,0.00033586693,0.00034140723,1.2283952e-05,7.302809e-06,7.2010303e-06,0.00015577461,5.8152277e-06,6.3022767e-06,0.00015581165,1.0,1.0,24
350016356,349825671,0.6615017,-0.010823175,0.013297483,-0.7497477,-0.35788622,-2.644849,-0.027022434,-2.4977589,-44.166656,-2.2334397,-0.0029754585,-0.0010397125,0.000454847,-0.05024169,0.014776716,0.012320297,0.1417046,0.027965508,0.49618277,-0.0015027003,0.001732878,-0.020506084,0.0,0.0,0.00017352206,8.747476e-05,0.0016138352,3.4195538,7.9511547,0.009402652,1169.8109,2161.0662,0.23156099,2.7688125e-07,2.9873274e-07,6.974981e-07,0.00033583934,0.00034140894,1.227188e-05,7.3059086e-06,7.0800074e-06,0.00015571582,5.799965e-06,6.2948366e-06,0.0001557446,1.0,1.0,24
351016194,350825671,0.6612562,-0.011680848,0.01310936,-0.7499547,-0.42803806,-2.7303507,-0.010319929,-3.2543173,-46.53761,-2.2501042,-0.0029649946,-0.0010340577,0.00044745347,-0.050268073,0.014767804,0.012319804,0.14173727,0.02792211,0.49625295,-0.0015175268,0.0017342059,-0.020460276,0.0,0.0,0.00017616356,8.739259e-05,0.0016505591,3.5490055,8.419525,0.009441252,1281.6014,2401.4114,0.23330764,2.7669708e-07,2.9878336e-07,7.030882e-07,0.00033581452,0.00034142396,1.2260263e-05,7.3094593e-06,6.963553e-06,0.0001556649,5.785511e-06,6.2880104e-06,0.00015568544,1.0,1.0,24
352016088,351825671,0.6608089,-0.011574047,0.0131355515,-0.75035,-0.5020538,-2.8308368,0.015175925,-4.0124536,-49.11128,-2.24678,-0.0029564495,-0.0010282871,0.00044229062,-0.05028842,0.014757484,0.012319558,0.1417693,0.027881093,0.49631992,-0.0015316952,0.0017363144,-0.020413209,0.0,0.0,0.00018005073,8.762965e-05,0.0016932669,3.6866124,8.947622,0.009389164,1402.4796,2671.1968,0.230685,2.7686696e-07,2.9947233e-07,7.1011414e-07,0.000335807,0.00034147443,1.2242462e-05,7.313931e-06,6.851541e-06,0.00015562322,5.771987e-06,6.2819495e-06,0.00015563576,1.0,1.0,24
353016078,352825671,0.66055226,-0.012278376,0.013222805,-0.75056326,-0.57339615,-2.915821,0.047225222,-4.794757,-51.599167,-2.218094,-0.0029494439,-0.0010246902,0.0004353004,-0.05032054,0.014753012,0.012319218,0.14180002,0.027840968,0.49638334,-0.0015439386,0.0017379419,-0.020362517,0.0,0.0,0.00018245459,8.750086e-05,0.0017296649,3.8189993,9.440497,0.0094264755,1530.2936,2952.096,0.23240219,2.7662594e-07,2.9933082e-07,7.151532e-07,0.0003357701,0.00034149204,1.2231687e-05,7.3177757e-06,6.7433875e-06,0.0001555877,5.758674e-06,6.2758877e-06,0.000155592,1.0,1.0,24
354016092,353825671,0.66026485,-0.012322957,0.013005347,-0.7508192,-0.63691443,-3.0003874,0.06065613,-5.5846443,-54.133602,-2.168497,-0.0029450823,-0.0010202817,0.0004267877,-0.050357446,0.014752904,0.0123191625,0.14182916,0.02780168,0.49644026,-0.0015553004,0.0017389833,-0.020309212,0.0,0.0,0.00018451542,8.73083e-05,0.0017645898,3.9524457,9.937751,0.009463261,1666.3724,3252.0818,0.23413011,2.7632657e-07,2.9902645e-07,7.196008e-07,0.00033572532,0.00034150438,1.2221325e-05,7.321645e-06,6.639027e-06,0.00015555971,5.7457914e-06,6.2700387e-06,0.00015555546,1.0,1.0,24
355016070,354825671,0.66110766,-0.01638441,0.012309304,-0.75001115,-0.7094845,-3.079869,0.08401535,-6.4680424,-56.642754,-2.097135,-0.0029391216,-0.001018283,0.00041902385,-0.050398853,0.014754749,0.01231878,0.14186096,0.027765123,0.4964994,-0.0015634988,0.0017399538,-0.02024799,0.0,0.0,0.00018658067,8.713952e-05,0.0017992384,4.0873365,10.446493,0.009408999,1811.3,3574.2393,0.23149306,2.7605765e-07,2.9872268e-07,7.238268e-07,0.00033567467,0.0003415175,1.2204758e-05,7.325475e-06,6.538294e-06,0.00015552866,5.7333136e-06,6.2644785e-06,0.00015551236,1.0,1.0,24
356016088,355825671,0.66081244,-0.016778981,0.012369798,-0.75026166,-0.7808231,-3.16044,0.110413216,-7.392965,-59.172703,-1.9996408,-0.0029340566,-0.0010168221,0.00041093276,-0.05044312,0.014758478,0.01231837,0.14189187,0.027729936,0.49655214,-0.0015699626,0.001739981,-0.020184128,0.0,0.0,0.00018868421,8.700624e-05,0.0018338214,4.224081,10.969507,0.009448371,1965.4703,3919.9763,0.23328353,2.758425e-07,2.9846152e-07,7.2789874e-07,0.00033563026,0.0003415312,1.2195409e-05,7.329451e-06,6.4410287e-06,0.00015549742,5.721266e-06,6.259155e-06,0.00015546734,1.0,1.0,24
357016094,356825671,0.66057193,-0.017106349,0.012371662,-0.75046587,-0.8502045,-3.2427852,0.1374588,-8.329941,-61.763424,-1.8756179,-0.0029311553,-0.0010152259,0.0004024443,-0.050488617,0.014764054,0.012318061,0.1419221,0.027695809,0.4966001,-0.0015758602,0.0017397295,-0.02011695,0.0,0.0,0.00019078335,8.6896325e-05,0.00186827,4.3628855,11.50566,0.0093951775,2129.2485,4290.154,0.23068956,2.756623e-07,2.982261e-07,7.317989e-07,0.00033558437,0.0003415459,1.2179914e-05,7.3335846e-06,6.3470857e-06,0.00015546929,5.709611e-06,6.2540284e-06,0.00015542524,1.0,1.0,24
358016093,357825671,0.66034573,-0.01739419,0.012391429,-0.75065804,-0.91915333,-3.3245409,0.16378607,-9.304823,-64.39167,-1.7252438,-0.0029293878,-0.0010141527,0.00039385166,-0.050534498,0.014770678,0.012317662,0.14195174,0.027662668,0.49664462,-0.0015813492,0.0017392585,-0.020048667,0.0,0.0,0.00019288163,8.6799126e-05,0.0019026323,4.503788,12.055684,0.009432642,2303.0017,4685.942,0.23242758,2.754972e-07,2.98003e-07,7.3554565e-07,0.00033554912,0.00034156002,1.2171453e-05,7.3378574e-06,6.256267e-06,0.00015544429,5.6983326e-06,6.2490763e-06,0.00015538753,1.0,1.0,24
359016078,358825672,0.6601444,-0.017651917,0.012363802,-0.75082946,-0.988569,-3.4070685,0.18883975,-10.320475,-67.07451,-1.5489506,-0.0029288149,-0.0010128638,0.00038494024,-0.050580423,0.014778586,0.012317257,0.14198053,0.027630353,0.49668598,-0.0015865966,0.0017385142,-0.019980371,0.0,0.0,0.00019496739,8.671371e-05,0.0019368336,4.6468334,12.618937,0.009469926,2487.095,5108.2954,0.23417068,2.7534475e-07,2.977901e-07,7.3913105e-07,0.00033552016,0.00034157533,1.2163474e-05,7.342258e-06,6.1684186e-06,0.00015542221,5.6873987e-06,6.2442455e-06,0.00015535271,1.0,1.0,24
360016079,359825671,0.66028106,-0.017767815,0.012487718,-0.7507046,-0.014138268,-0.023786485,0.084886685,-11.065495,-68.93306,-1.3689574,-0.002926833,-0.0010213538,0.00035989386,0.003920408,-0.0065419707,0.12883402,0.14200684,0.027595175,0.49672303,-0.0015871392,0.0017331761,-0.019909043,0.0,0.0,0.00019454867,8.618815e-05,0.0019557804,0.022346292,0.022794558,0.017392492,0.00040428614,0.00040741294,0.19728872,2.7443133e-07,2.9613327e-07,7.373217e-07,0.039145768,0.039117754,0.024912242,7.3458427e-06,6.083207e-06,0.00015540238,5.6762683e-06,6.2390504e-06,0.00015531995,1.0,1.0,24
