timestamp,id,event_sequence,arguments[0],arguments[1],arguments[2],arguments[3],arguments[4],arguments[5],arguments[6],arguments[7],arguments[8],arguments[9],arguments[10],arguments[11],arguments[12],arguments[13],arguments[14],arguments[15],arguments[16],arguments[17],arguments[18],arguments[19],arguments[20],arguments[21],arguments[22],arguments[23],arguments[24],log_levels
39444587,27825120,69,0,0,0,16,0,0,0,0,0,131,191,1,128,131,191,1,128,0,0,0,0,0,0,0,0,136
39444591,30612409,70,124,0,126,0,20,0,0,0,0,0,0,0,0,0,0,0,0,0,0,0,0,0,0,0,0,51
39444595,26788467,71,56,0,0,0,20,0,0,0,0,0,0,0,0,0,0,0,0,0,0,0,0,0,0,0,0,51
39444598,17154777,72,8,0,0,0,20,0,0,0,0,0,0,0,0,0,0,0,0,0,0,0,0,0,0,0,0,102
39444601,19865031,73,0,64,0,0,20,0,0,0,0,0,0,0,0,0,0,0,0,0,0,0,0,0,0,0,0,51
39444604,18691879,74,0,130,24,2,40,0,0,0,0,0,0,0,0,0,0,0,0,0,0,0,0,0,0,0,0,136
42304227,27825120,75,0,0,0,16,0,0,0,0,0,131,191,1,128,131,191,1,128,0,0,0,0,0,0,0,0,136
42304232,30612409,76,124,0,126,0,20,0,0,0,0,0,0,0,0,0,0,0,0,0,0,0,0,0,0,0,0,51
42304235,26788467,77,56,0,0,0,20,0,0,0,0,0,0,0,0,0,0,0,0,0,0,0,0,0,0,0,0,51
42304238,19865031,78,0,64,0,0,20,0,0,0,0,0,0,0,0,0,0,0,0,0,0,0,0,0,0,0,0,51
42304241,18691879,79,0,138,24,2,40,0,0,0,0,0,0,0,0,0,0,0,0,0,0,0,0,0,0,0,0,136
44395095,27825120,80,0,0,0,16,0,0,0,0,0,255,191,127,128,255,191,127,128,0,0,0,0,0,0,0,0,136
44395099,19865031,81,0,64,0,0,20,0,0,0,0,0,0,0,0,0,0,0,0,0,0,0,0,0,0,0,0,51
44395102,18691879,82,0,138,24,2,40,0,0,0,0,0,0,0,0,0,0,0,0,0,0,0,0,0,0,0,0,136
199999182,26266355,83,1,0,0,0,0,0,0,0,0,0,0,0,0,0,0,0,0,0,0,0,0,0,0,0,0,102
200004115,17980399,84,233,7,3,27,15,28,8,0,0,0,0,0,0,0,0,0,0,0,0,0,0,0,0,0,0,102
204037166,21054825,85,0,0,0,0,0,0,0,0,0,0,0,0,0,0,0,0,0,0,0,0,0,0,0,0,0,102
225879132,27825120,86,0,0,0,0,0,0,0,0,0,255,255,127,128,255,255,127,128,0,0,0,0,0,0,0,0,136
225879151,18691879,87,0,138,24,2,40,0,0,0,0,0,0,0,0,0,0,0,0,0,0,0,0,0,0,0,0,136
289751178,27825120,88,0,0,0,16,0,0,0,0,0,131,191,1,128,131,191,1,128,0,0,0,0,0,0,0,0,136
289751182,30612409,89,124,0,126,0,20,0,0,0,0,0,0,0,0,0,0,0,0,0,0,0,0,0,0,0,0,51
289751185,26788467,90,56,0,0,0,20,0,0,0,0,0,0,0,0,0,0,0,0,0,0,0,0,0,0,0,0,51
289751189,19865031,91,0,64,0,0,20,0,0,0,0,0,0,0,0,0,0,0,0,0,0,0,0,0,0,0,0,51
289751192,18691879,92,0,138,24,2,40,0,0,0,0,0,0,0,0,0,0,0,0,0,0,0,0,0,0,0,0,136
289762501,31382480,93,0,0,6,0,3,0,0,0,0,0,0,0,0,0,0,0,0,0,0,0,0,0,0,0,0,66
297374965,31476391,94,0,0,0,0,0,0,0,0,0,0,0,0,0,0,0,0,0,0,0,0,0,0,0,0,0,102
297375192,27825120,95,0,0,0,16,0,0,0,0,0,131,191,1,128,131,191,1,128,0,0,0,0,0,0,0,0,136
297375196,30612409,96,124,0,126,0,20,0,0,0,0,0,0,0,0,0,0,0,0,0,0,0,0,0,0,0,0,51
297375199,26788467,97,56,0,0,0,20,0,0,0,0,0,0,0,0,0,0,0,0,0,0,0,0,0,0,0,0,51
297375202,19865031,98,0,64,0,0,20,0,0,0,0,0,0,0,0,0,0,0,0,0,0,0,0,0,0,0,0,51
297375205,18691879,99,0,130,24,2,40,0,0,0,0,0,0,0,0,0,0,0,0,0,0,0,0,0,0,0,0,136
307376313,32069699,100,0,0,0,0,0,0,0,0,0,0,0,0,0,0,0,0,0,0,0,0,0,0,0,0,0,102
307376414,27825120,101,0,0,0,16,0,0,0,0,0,131,191,1,128,131,191,1,128,0,0,0,0,0,0,0,0,136
307376418,30612409,102,124,0,126,0,20,0,0,0,0,0,0,0,0,0,0,0,0,0,0,0,0,0,0,0,0,51
307376421,26788467,103,56,0,0,0,20,0,0,0,0,0,0,0,0,0,0,0,0,0,0,0,0,0,0,0,0,51
307376424,19865031,104,0,64,0,0,20,0,0,0,0,0,0,0,0,0,0,0,0,0,0,0,0,0,0,0,0,51
307376427,18691879,105,0,138,24,2,40,0,0,0,0,0,0,0,0,0,0,0,0,0,0,0,0,0,0,0,0,136
309379121,27825120,106,0,0,0,0,0,0,0,0,0,255,255,127,128,255,255,127,128,0,0,0,0,0,0,0,0,136
309379125,18691879,107,0,138,24,2,40,0,0,0,0,0,0,0,0,0,0,0,0,0,0,0,0,0,0,0,0,136
316430118,27825120,108,0,0,0,16,0,0,0,0,0,131,191,1,128,131,191,1,128,0,0,0,0,0,0,0,0,136
316430122,30612409,109,124,0,126,0,20,0,0,0,0,0,0,0,0,0,0,0,0,0,0,0,0,0,0,0,0,51
316430126,26788467,110,56,0,0,0,20,0,0,0,0,0,0,0,0,0,0,0,0,0,0,0,0,0,0,0,0,51
316430129,19865031,111,0,64,0,0,20,0,0,0,0,0,0,0,0,0,0,0,0,0,0,0,0,0,0,0,0,51
316430132,18691879,112,0,138,24,2,40,0,0,0,0,0,0,0,0,0,0,0,0,0,0,0,0,0,0,0,0,136
316440879,31382480,113,0,0,3,0,3,0,0,0,0,0,0,0,0,0,0,0,0,0,0,0,0,0,0,0,0,66
332677196,31476391,114,0,0,0,0,0,0,0,0,0,0,0,0,0,0,0,0,0,0,0,0,0,0,0,0,0,102
332677297,27825120,115,0,0,0,16,0,0,0,0,0,131,191,1,128,131,191,1,128,0,0,0,0,0,0,0,0,136
332677301,30612409,116,124,0,126,0,20,0,0,0,0,0,0,0,0,0,0,0,0,0,0,0,0,0,0,0,0,51
332677305,26788467,117,56,0,0,0,20,0,0,0,0,0,0,0,0,0,0,0,0,0,0,0,0,0,0,0,0,51
332677308,19865031,118,0,64,0,0,20,0,0,0,0,0,0,0,0,0,0,0,0,0,0,0,0,0,0,0,0,51
332677311,18691879,119,0,130,24,2,40,0,0,0,0,0,0,0,0,0,0,0,0,0,0,0,0,0,0,0,0,136
354142677,28067779,120,0,0,0,0,0,0,0,0,0,0,0,0,0,0,0,0,0,0,0,0,0,0,0,0,0,98
354175192,27825120,121,0,0,0,16,0,0,0,0,0,0,0,0,0,131,191,1,128,0,0,0,0,0,0,0,0,136
354175197,30612409,122,124,0,126,0,20,0,0,0,0,0,0,0,0,0,0,0,0,0,0,0,0,0,0,0,0,51
354175200,26788467,123,56,0,0,0,20,0,0,0,0,0,0,0,0,0,0,0,0,0,0,0,0,0,0,0,0,51
354175203,19865031,124,0,64,0,0,20,0,0,0,0,0,0,0,0,0,0,0,0,0,0,0,0,0,0,0,0,51
354175206,29532170,125,255,255,255,255,20,0,0,0,0,0,0,0,0,0,0,0,0,0,0,0,0,0,0,0,0,34
354175209,18691879,126,0,130,24,2,40,0,0,0,0,0,0,0,0,0,0,0,0,0,0,0,0,0,0,0,0,136
359143187,32794487,127,8,0,0,0,0,0,0,0,0,0,0,0,0,0,0,0,0,0,0,0,0,0,0,0,0,102
359143423,27825120,128,0,128,0,16,0,8,0,0,0,0,0,0,0,131,191,1,128,0,0,0,0,0,0,0,0,136
359143427,27455887,129,255,255,255,255,3,0,0,0,0,0,0,0,0,0,0,0,0,0,0,0,0,0,0,0,0,68
359143431,25855193,130,255,255,255,255,7,0,0,0,0,0,0,0,0,0,0,0,0,0,0,0,0,0,0,0,0,51
359143434,30612409,131,124,0,126,0,20,0,0,0,0,0,0,0,0,0,0,0,0,0,0,0,0,0,0,0,0,51
359143437,26788467,132,56,0,0,0,20,0,0,0,0,0,0,0,0,0,0,0,0,0,0,0,0,0,0,0,0,51
359143440,19865031,133,0,64,0,0,20,0,0,0,0,0,0,0,0,0,0,0,0,0,0,0,0,0,0,0,0,51
359143443,29532170,134,255,255,255,255,20,0,0,0,0,0,0,0,0,0,0,0,0,0,0,0,0,0,0,0,0,34
359143447,18691879,135,0,130,24,2,40,0,0,0,0,0,0,0,0,0,0,0,0,0,0,0,0,0,0,0,0,136
359832910,33459871,136,0,0,0,0,0,0,0,0,0,0,0,0,0,0,0,0,0,0,0,0,0,0,0,0,0,102
